lat;lon
55.51463263;37.53969919
55.51457679;37.53941134
55.51175897;37.54673493
55.3135746;37.2264087
55.51096184;37.5486971
55.68529988;37.66618995
55.65170459;37.34498912
55.55398853;37.34435237
55.63838804;37.53711379
55.59245656;37.45385847
55.59244878;37.45326249
55.59437199;37.4578308
55.6633643;37.7174147
55.52529944;37.51607387
55.52516518;37.51638142
55.66357085;37.71698846
55.70718833;37.76504236
55.5464673;37.54352379
55.67371339;37.71876752
55.53493225;37.37951775
55.72509345;37.71732768
55.53558696;37.37878996
55.54024604;37.3718119
55.5443332;37.36572275
55.54330657;37.36791587
55.6462508;37.702012
55.55458004;37.34333778
55.6485597;37.70462945
55.64720485;37.70341194
55.56045604;37.31719078
55.5560994;37.33800676
55.64414191;37.7002543
55.55659602;37.3372367
55.60458909;37.46964523
55.56018017;37.31859889
55.53873783;37.37316776
55.8428194;37.66528152
55.60237018;37.37268466
55.60297454;37.38921077
55.74773125;37.62791185
55.60281641;37.3632951
55.73952065;37.64122931
55.60291129;37.37032797
55.59813604;37.36105606
55.64544616;37.47302987
55.64425133;37.47169773
55.59865734;37.35917364
55.60058124;37.36729791
55.76294004;37.56027779
55.59996311;37.36662835
55.60263634;37.36876084
55.84489214;37.64276266
55.60310732;37.38762594
55.84517535;37.64157891
55.60337404;37.37253185
55.61692105;37.69414379
55.60089077;37.40565355
55.63400404;37.76359279
55.65571834;37.64797996
55.62539404;37.59464479
55.68468801;37.73113158
55.82362416;37.42943822
55.57444204;37.67516778
55.82014004;37.42654078
55.57380301;37.67386001
55.821279;37.42372841
55.60538704;37.66147179
55.60489204;37.66200878
55.60495556;37.47559073
55.60503691;37.4770282
55.60484516;37.4695539
55.63417344;37.38749435
55.63571655;37.38585669
55.74505744;37.67902172
55.66844914;37.5242979
55.71602832;37.74299163
55.84487604;37.63568278
55.87669591;37.68424662
55.87433974;37.70856308
55.71181904;37.52674378
55.70177104;37.72527978
55.56896731;37.29580269
55.56674814;37.2982301
55.70167252;37.7255451
55.79326704;37.52133777
55.56569408;37.29916555
55.74793189;37.45890981
55.58567337;37.43357875
55.7480731;37.46020069
55.75096964;37.70684324
55.69581289;37.46505151
55.69551768;37.46463002
55.70068939;37.76224066
55.69974131;37.76790873
55.6317559;37.41136896
55.65092205;37.57918571
55.63118183;37.40943275
55.68840449;37.48633572
55.70166843;37.77773015
55.62874162;37.43133532
55.77693378;37.51688889
55.84892946;37.59448691
55.71893787;37.56778022
55.69835943;37.35460978
55.69797029;37.35467459
55.85952615;37.60306387
55.75944288;37.73823138
55.70577851;37.51510507
55.74465154;37.7373167
55.89355797;37.52082324
55.74446527;37.73763282
55.89362959;37.52174483
55.64146138;37.38324496
55.87990261;37.51154584
55.6411688;37.3836013
55.8473587;37.58315842
55.84754725;37.57877726
55.68818045;37.66988443
55.68888401;37.67225549
55.68769174;37.43104595
55.84026465;37.37561129
55.66117089;37.5583021
55.63480904;37.41713079
55.52230604;37.46951178
55.52256922;37.47013081
55.63551349;37.41637195
55.63955104;37.41157479
55.51808043;37.45171769
55.63901204;37.41253879
55.51615304;37.45404879
55.51565883;37.45448041
55.59965605;37.74267706
55.52220152;37.45620981
55.59986681;37.74356337
55.64722715;37.36821571
55.69382235;37.72943528
55.69359708;37.72968742
55.72692632;37.46674362
55.70799247;37.5835798
55.60239193;37.74664741
55.65718218;37.76107143
55.65764277;37.35820674
55.85044344;37.5826467
55.64840567;37.27144523
55.85030514;37.58206986
55.84893682;37.58013915
55.64808186;37.27174182
55.88557756;37.59839163
55.64542403;37.30724199
55.80229744;37.34503684
55.64520239;37.30886034
55.80199721;37.34464883
55.60181253;37.74666353
55.87985066;37.48031008
55.68893682;37.54333406
55.68827206;37.54443021
55.52110388;37.45096292
55.52392004;37.44769379
55.52309839;37.4485497
55.51923605;37.45179411
55.64141056;37.33027226
55.64203494;37.33046831
55.79301173;37.69861945
55.51076004;37.57403978
55.71334164;37.94608235
55.92089904;37.53964378
55.4909687;37.3379983
55.48950548;37.33614764
55.60569364;37.35449874
55.63429692;37.33579056
55.56779885;37.28769142
55.79453587;37.54671008
55.71439741;37.45253634
55.56827463;37.28219553
55.56746264;37.28347512
55.56902274;37.29175308
55.73135905;37.4520881
55.5192021;37.49331716
55.52267501;37.51428688
55.6785634;37.52934658
55.63459942;37.48174309
55.48618231;37.5537541
55.71191002;37.71897243
55.7742181;37.68175603
55.17981618;37.03748292
55.52318808;37.47910121
55.77416362;37.68246262
55.52336319;37.47772429
55.61859411;37.6662753
55.5226414;37.45079254
55.52090086;37.48810983
55.52145682;37.48911942
55.52248706;37.50913094
55.51918999;37.49387335
55.52650092;37.44695407
55.52596176;37.44686015
55.530726;37.44573624
55.52231417;37.50341785
55.52166756;37.50130603
55.72092562;37.92708316
55.72097109;37.92552259
55.72115304;37.93401578
55.55302183;37.32976418
55.55298067;37.32911323
55.68662045;37.52278438
55.66720138;37.65851704
55.78979894;37.67883938
55.48971362;37.33326217
55.71631705;37.9284891
55.74224709;37.50102685
55.49020554;37.3341589
55.69461281;37.50787506
55.63618397;37.67286652
55.1790503;37.03689672
55.63639223;37.67218614
55.71122256;37.60505869
55.78916247;37.68118277
55.63736276;37.65823149
55.77642807;37.70584476
55.7812116;37.70101637
55.32370173;37.34895386
55.67335701;37.74905894
55.69009097;37.67570507
55.78170727;37.66819464
55.81231259;37.82731634
55.87348554;37.53715086
55.88348784;37.51779428
55.84295524;37.49676253
55.84075235;37.54506468
55.84380494;37.50020429
55.84379443;37.50222806
55.84320609;37.54341964
55.84091104;37.50334068
55.8464752;37.54100334
55.84887376;37.52188032
55.84995017;37.53602663
55.85108758;37.52713334
55.8527395;37.5305915
55.85291772;37.53094503
55.84925437;37.53651595
55.85127231;37.5270668
55.84249732;37.54363761
55.83733611;37.50566731
55.84200552;37.50345789
55.84370335;37.49912551
55.84289574;37.49584482
55.86851809;37.48465472
55.87346894;37.46855178
55.86924721;37.47291097
55.86632944;37.47593628
55.85832994;37.48635788
55.86018085;37.49617308
55.8609953;37.50113583
55.86280819;37.50674921
55.86023665;37.49502105
55.86189364;37.50360878
55.86691808;37.47572273
55.87006376;37.47250317
55.83087861;37.51910841
55.87385147;37.49737477
55.83208078;37.52114845
55.8755477;37.49362797
55.83028842;37.52758635
55.87681295;37.49057179
55.87637139;37.49105194
55.87495346;37.49462501
55.87297274;37.49835973
55.8636384;37.50768663
55.80137286;37.49206711
55.86101472;37.49975463
55.80282528;37.49077163
55.80552919;37.47673416
55.80447564;37.48890968
55.80676444;37.47964794
55.80634772;37.48400637
55.80571554;37.48431004
55.80305908;37.49033661
55.80096192;37.49210035
55.80690064;37.47847049
55.80425072;37.47660275
55.80644299;37.52396967
55.84632385;37.48944038
55.56271324;37.44117129
55.85079102;37.49234418
55.80222889;37.54618946
55.85399188;37.50108072
55.80027904;37.54935307
55.8549718;37.50383408
55.79487824;37.55895913
55.85700257;37.50949264
55.80112677;37.54841294
55.85677503;37.51478718
55.80315252;37.54517782
55.80972867;37.52573767
55.85973631;37.51657768
55.81113993;37.5202407
55.86089426;37.51423581
55.85691524;37.50859495
55.85446122;37.50178932
55.85184812;37.49462719
55.84540275;37.48979253
55.84459084;37.5031925
55.86081819;37.52010601
55.8447254;37.50317031
55.83961008;37.52662018
55.83867407;37.5301106
55.85266649;37.51607697
55.85259736;37.5151295
55.82979983;37.55276469
55.81830039;37.56230019
55.81245767;37.55706274
55.80729184;37.56009979
55.80737234;37.57133003
55.80474143;37.56707801
55.80245128;37.56363184
55.84221842;37.57029254
55.84699926;37.56848803
55.86285461;37.56167358
55.86490713;37.56012464
55.85131969;37.51095173
55.85174733;37.51280334
55.86932066;37.55664809
55.8726825;37.55392499
55.87378923;37.5508956
55.83295193;37.52185322
55.82930661;37.51809726
55.80814399;37.49811686
55.86904594;37.54670927
55.82156527;37.5730144
55.81266755;37.57784748
55.84736639;37.56835312
55.80184252;37.58301545
55.80046147;37.58333572
55.78210613;37.58658429
55.53815554;37.39572369
55.52258487;37.51626103
55.80339594;37.58323426
55.77216095;37.46469338
55.8122671;37.57871696
55.76870307;37.47108606
55.82214075;37.57339366
55.76960181;37.48360303
55.76971848;37.48277866
55.85030802;37.56590713
55.76899204;37.47285162
55.89139449;37.54350786
55.82945197;37.57316534
55.85946661;37.69041249
55.78007156;37.44332575
55.4695063;37.29148264
55.46913695;37.29112594
55.78605221;37.48315537
55.78562284;37.48213608
55.78922028;37.41437513
55.81475259;37.46927327
55.77991203;37.44317579
55.7632663;37.55963871
55.7528227;37.49461168
55.77536309;37.48493235
55.73362166;37.73599034
55.79601004;37.55885204
55.79771583;37.55419968
55.79942257;37.55803944
55.80123862;37.56382951
55.79146127;37.59128484
55.79537896;37.49688573
55.80105082;37.56272232
55.79567203;37.4889853
55.80022845;37.50534398
55.80202738;37.50789427
55.80412985;37.53504676
55.86758488;37.46136109
55.85549049;37.46968214
55.85188661;37.47218297
55.84973546;37.47361159
55.84389185;37.47772049
55.82038454;37.49638109
55.81837631;37.49804572
55.8083012;37.50614997
55.80458512;37.51476081
55.80311961;37.51807252
55.80075383;37.5160664
55.79837731;37.51398754
55.79576139;37.51207364
55.65664153;37.54034611
55.83187839;37.48681275
55.77568421;37.49177792
55.74493024;37.81315269
55.74461382;37.86350769
55.87494247;37.68909874
55.8725505;37.69224506
55.82938457;37.48885189
55.87088625;37.68969937
55.868597;37.68619894
55.86382852;37.67880074
55.86002166;37.66510273
55.84687946;37.64175903
55.84661778;37.64368665
55.84743545;37.65653884
55.85150569;37.65791218
55.85963285;37.66179675
55.86006681;37.66737675
55.86597188;37.68252771
55.86902469;37.68727555
55.87093338;37.69018745
55.87329343;37.6929656
55.87601827;37.69009902
55.87648779;37.70232527
55.87846005;37.70750378
55.85751658;37.41997396
55.85593438;37.42051884
55.87095294;37.46053107
55.84371395;37.44815834
55.84283489;37.46128061
55.85212538;37.4727725
55.83818669;37.46406452
55.85254694;37.42165408
55.84736416;37.42342614
55.83639674;37.45528448
55.83242254;37.44716109
55.84231319;37.42283475
55.82986324;37.4466728
55.838803;37.41718804
55.77311478;37.67791022
55.83600074;37.45822757
55.83857567;37.46453534
55.84043826;37.41679309
55.84372905;37.42034089
55.84324759;37.46038661
55.8551711;37.45124155
55.84331038;37.44026554
55.87949822;37.55220073
55.8406967;37.56821557
55.8400677;37.54755634
55.82692614;37.52981858
55.82484883;37.52536093
55.27785953;37.11480954
55.82680842;37.53025209
55.83983591;37.54825966
55.81133819;37.48238529
55.26174459;37.10313387
55.79263254;37.54849025
55.78758071;37.55983741
55.83983429;37.56904674
55.8793643;37.55356428
55.79204084;37.59640821
55.88401518;37.48677795
55.80730392;37.58157155
55.76538912;37.60654904
55.65535177;37.55954217
55.78891631;37.55939126
55.79195895;37.55239291
55.88337571;37.48590023
55.88501834;37.48950949
55.88546893;37.493061
55.50320024;37.33665288
55.80157684;37.52963278
55.80797638;37.501916
55.80877639;37.49750362
55.81162182;37.48249108
55.81656154;37.46535271
55.81533781;37.46984766
55.82852464;37.57256476
55.79983587;37.58409234
55.74642714;37.73231478
55.89305665;37.52393869
55.77879349;37.57900682
55.82440347;37.60214656
55.81691942;37.61736401
55.81377029;37.61817974
55.81183119;37.62254054
55.8131772;37.62836544
55.81555838;37.63212149
55.81782669;37.6306705
55.81894705;37.63334439
55.76326378;37.67898627
55.80847346;37.63688864
55.84262896;37.58570115
55.8213684;37.60417904
55.82135806;37.61249591
55.80497185;37.63619726
55.80523391;37.63705024
55.80921754;37.63778119
55.81102634;37.63791977
55.81805839;37.63044273
55.81365254;37.62537543
55.81284979;37.62171349
55.81449523;37.61829629
55.81747325;37.6175586
55.79385144;37.61639918
55.81531701;37.62955712
55.82175066;37.61176015
55.82540749;37.60226796
55.80633514;37.50777509
55.88171538;37.50083838
55.88495156;37.50484126
55.88870379;37.51065136
55.86634844;37.48480428
55.88858272;37.54249343
55.88465504;37.48803781
55.88251592;37.50137028
55.88876084;37.51005825
55.79301703;37.6236267
55.79236001;37.58201742
55.79343299;37.61437242
55.65238577;37.56557176
55.79313758;37.60736661
55.80082119;37.57477297
55.73568214;37.57489258
55.71653964;37.57523262
55.71811707;37.57170613
55.7561172;37.58436605
55.76189075;37.57033117
55.77625054;37.5332392
55.77704169;37.52959672
55.77784096;37.52607749
55.77731284;37.52685063
55.76865214;37.55690409
55.76516024;37.56059788
55.76161739;37.5698903
55.71361484;37.57347968
55.75820662;37.58412956
55.71317471;37.56833801
55.75540878;37.58360929
55.84433844;37.57426183
55.74201194;37.57736394
55.82589828;37.57025727
55.82480251;37.56442066
55.73128969;37.56948498
55.82290416;37.55848199
55.72896076;37.56416751
55.82028969;37.56065872
55.72358305;37.55592289
55.81482028;37.56512291
55.71803052;37.57078121
55.81087658;37.56841167
55.71592633;37.5755398
55.88564426;37.51516239
55.8862894;37.51491677
55.78886456;37.47316811
55.79117184;37.48240018
55.79480318;37.4833339
55.4543897;37.29370119
55.79458376;37.48308279
55.79096481;37.48178342
55.78911845;37.472198
55.84871348;37.48932003
55.84799445;37.48872132
55.87926729;37.49327422
55.88076925;37.49002478
55.88030592;37.49035409
55.82139165;37.44708095
55.7923784;37.59515966
55.82919408;37.4132405
55.82270276;37.44156946
55.79772467;37.4844579
55.83609252;37.40569349
55.83869542;37.40871609
55.429112;37.27510948
55.85817638;37.43076917
55.77467404;37.58391068
55.42881674;37.27546778
55.83860966;37.40779409
55.83576601;37.40519056
55.79705217;37.61622297
55.82081957;37.4468833
55.79615076;37.57627571
55.79070802;37.57652815
55.78898927;37.57614776
55.78690997;37.58100222
55.78450598;37.58522087
55.78056554;37.58331026
55.78679063;37.57172221
55.84602155;37.40411364
55.85545149;37.40964917
55.82264714;37.44004068
55.78915877;37.57488842
55.79156181;37.57953903
55.79173869;37.58286369
55.79457583;37.57700018
55.79709428;37.57641334
55.81188966;37.56793172
55.81555686;37.56497722
55.82485209;37.56555445
55.84673184;37.57272152
55.41392983;37.25848336
55.80779913;37.40786271
55.76745745;37.37439864
55.75710953;37.39591586
55.75809003;37.3953002
55.8045034;37.39362212
55.90582705;37.58565354
55.80687976;37.40842497
55.80517985;37.57298455
55.80721429;37.4175948
55.80275398;37.57435139
55.800329;37.57550586
55.79504025;37.57959509
55.79534376;37.58274548
55.80119461;37.57552723
55.80835922;37.39195644
55.79148799;37.63869579
55.87908674;37.49303071
55.71417471;37.56614022
55.71250426;37.5701907
55.71376996;37.57455868
55.72419351;37.55685063
55.72973922;37.56651048
55.79245674;37.62353968
55.88294248;37.48599941
55.8820209;37.48696196
55.849632;37.41658288
55.84897708;37.42222475
55.84982611;37.43308739
55.41434058;37.25954773
55.85080947;37.44175506
55.79345284;37.5109105
55.85146854;37.44816947
55.79666448;37.5135023
55.83195832;37.48758233
55.79849859;37.51503295
55.84657113;37.4538549
55.80256237;37.51807009
55.80551451;37.51437202
55.77332188;37.47699486
55.80863421;37.50682869
55.82994777;37.48929164
55.84427736;37.4781703
55.83705053;37.45390529
55.79276555;37.61206055
55.83717618;37.45430314
55.84797119;37.45369279
55.85127529;37.44474544
55.85063047;37.43765556
55.84995573;37.43130505
55.84941971;37.42668909
55.85023929;37.41520788
55.82891818;37.45260144
55.84025653;37.45461743
55.83693907;37.53724801
55.8453467;37.45460229
55.39876379;37.2386448
55.41419523;37.19014328
55.46865869;37.29843075
55.4680363;37.29801633
55.79732799;37.55490375
55.7903361;37.55617372
55.80008771;37.56708661
55.80056848;37.57165224
55.86750227;37.55767154
55.85821217;37.55826147
55.73080802;37.7305152
55.84733792;37.5673105
55.83295208;37.5328525
55.82411549;37.52242762
55.82307265;37.51887274
55.8210445;37.51203859
55.82237098;37.51687828
55.82399093;37.5231852
55.83304516;37.53338601
55.85199725;37.56524413
55.8580184;37.55947707
55.86376719;37.54918648
55.86854848;37.54748211
55.88815141;37.55767396
55.87427208;37.54811496
55.89221605;37.55762874
55.88127662;37.55779731
55.88432753;37.55770841
55.86956661;37.51160056
55.87376954;37.51459808
55.87606574;37.5174212
55.87921929;37.52218296
55.88456731;37.52067236
55.82350381;37.63501948
55.67027988;37.44980809
55.84190084;37.55258978
55.87759056;37.5202723
55.83894722;37.54470218
55.87600214;37.51697285
55.8289194;37.53038275
55.87432548;37.51498184
55.82911305;37.53085818
55.86998315;37.51078637
55.83864991;37.54499163
55.82324046;37.50259018
55.6530498;37.77696593
55.86556347;37.54477895
55.82466889;37.50872434
55.88351247;37.51853547
55.82979654;37.51170757
55.83722166;37.50611432
55.86302215;37.50413371
55.83772474;37.51312248
55.7572642;37.37550932
55.8395005;37.51644356
55.84121915;37.51935117
55.79289095;37.60337594
55.84540799;37.52181196
55.89460802;37.55724554
55.73113715;37.72975205
55.89142924;37.55729147
55.85217697;37.5192826
55.70524678;37.86105151
55.85959686;37.50880466
55.72566817;37.6551636
55.86474198;37.50026617
55.86590354;37.49690351
55.86710975;37.49047802
55.86701267;37.48359044
55.86531154;37.47707357
55.86286328;37.47967752
55.86114044;37.48169028
55.8581037;37.48466984
55.84366117;37.56315646
55.88566944;37.52245028
55.88619486;37.5257866
55.88299191;37.52949825
55.88104652;37.5289602
55.87781596;37.52317839
55.87563883;37.5259288
55.87892817;37.52488287
55.88135692;37.52936392
55.88382937;37.53007852
55.88657586;37.52535911
55.88537864;37.52142869
55.86106097;37.48215583
55.86265788;37.48021163
55.86682693;37.48607811
55.86659387;37.49280228
55.86519568;37.49827389
55.86378554;37.50217988
55.86137424;37.50594619
55.85883776;37.50941753
55.85154723;37.51918742
55.84409988;37.52157813
55.84121009;37.51813253
55.83910127;37.51580279
55.83778569;37.51182132
55.88176129;37.49607096
55.82918223;37.51240141
55.82460143;37.50758103
55.82364048;37.50344704
55.88231105;37.51857144
55.8751219;37.52852678
55.87348434;37.5438328
55.87321427;37.5524069
55.87114913;37.554861
55.88768746;37.55730686
55.88335892;37.55736439
55.87999662;37.55501849
55.87750328;37.54607504
55.87458982;37.54704248
55.88149213;37.49586551
55.86333482;37.54848949
55.74967848;37.57227413
55.74976112;37.57271647
55.7976739;37.56828288
55.7959313;37.56856682
55.79483867;37.56899242
55.79828331;37.56806202
55.80233029;37.56409114
55.80510455;37.56935149
55.80882552;37.57049117
55.81949598;37.56165453
55.82271493;37.55898612
55.83051264;37.5525004
55.85934069;37.60039419
55.83977396;37.52668729
55.79220519;37.56965969
55.87383774;37.54640192
55.87363021;37.54269997
55.60639733;37.60768598
55.73907723;37.48348399
55.86931029;37.66602215
55.73572431;37.4865632
55.86859592;37.67067694
55.72826328;37.49332364
55.87801148;37.68177926
55.72721752;37.47803142
55.72651899;37.46596708
55.722355;37.46074578
55.88179064;37.68468756
55.72736384;37.47896527
55.88413602;37.68639302
55.73018447;37.48837616
55.88372258;37.68577218
55.7352706;37.4874994
55.88110941;37.68379033
55.82114964;37.5805699
55.87912284;37.68230128
55.73432842;37.44536715
55.58926756;37.59902258
55.72512251;37.40679619
55.73518523;37.44420404
55.5892779;37.59966983
55.73743239;37.51127721
55.73799876;37.52715127
55.60257056;37.60574929
55.73875477;37.53040178
55.74605085;37.55369813
55.74609606;37.55958634
55.73930454;37.56666475
55.73679346;37.56376307
55.72856888;37.54389598
55.72712577;37.53625536
55.84596511;37.54076213
55.88453703;37.6877819
55.88427765;37.68882215
55.8889803;37.67454092
55.87275037;37.6773507
55.87576058;37.67964791
55.71773529;37.51905952
55.66861461;37.7651088
55.71233213;37.50939114
55.71147133;37.50791045
55.71012149;37.52389009
55.71157073;37.52736568
55.71456749;37.53582103
55.70824558;37.542547
55.71160948;37.58723687
55.78265171;37.71842076
55.71487998;37.59169836
55.7174141;37.5951081
55.72405544;37.60501139
55.73434;37.61323346
55.73745241;37.61513311
55.73972358;37.61661236
55.70760225;37.51785176
55.70592741;37.5546734
55.88103675;37.71130299
55.8871297;37.70518893
55.88723399;37.70033539
55.88736193;37.69405899
55.88701431;37.6894343
55.88348687;37.66503254
55.88410136;37.66197149
55.88582212;37.66204656
55.6526304;37.38863485
55.89342648;37.66184908
55.89352564;37.65709706
55.89310673;37.66453963
55.89284934;37.67075948
55.89135689;37.67375973
55.8886822;37.67401644
55.88569234;37.66173948
55.88370365;37.66163753
55.88386123;37.66827117
55.88708095;37.69037611
55.8871866;37.69281939
55.88706165;37.69777252
55.88699457;37.70176554
55.88651037;37.70672974
55.88118025;37.7106808
55.63413776;37.33664602
55.80531104;37.51516339
55.88208549;37.65842734
55.88137402;37.65137734
55.87946301;37.64527318
55.85680646;37.58636126
55.89134144;37.67439653
55.85630089;37.5861625
55.89319579;37.679885
55.86009397;37.59671561
55.89062868;37.68015793
55.86275106;37.59939225
55.88814578;37.67937615
55.86062254;37.60183172
55.88771071;37.66123294
55.85127649;37.67154627
55.8993911;37.57406095
55.85426839;37.67211586
55.89100346;37.58648931
55.89069269;37.58705501
55.85730647;37.67334764
55.85991037;37.67412751
55.8617175;37.58404791
55.86171826;37.67439758
55.63409621;37.33630527
55.60662739;37.60703607
55.87167076;37.53099162
55.87011277;37.67565597
55.86686897;37.67816482
55.87261895;37.53021355
55.82726349;37.51405146
55.78177374;37.6340371
55.85732079;37.61003501
55.82692711;37.51197412
55.85394199;37.58432458
55.82074476;37.49915596
55.87554347;37.53377411
55.85788534;37.59385654
55.8400787;37.48656513
55.86031053;37.48804492
55.86413074;37.48599378
55.87188264;37.48369048
55.87398254;37.48308009
55.26154466;37.10181904
55.87321304;37.48273018
55.87074044;37.48347959
55.86313393;37.48574927
55.85962424;37.48819658
55.85945274;37.49154748
55.85941602;37.49005234
55.80330442;37.47701658
55.79828727;37.49042261
55.85685872;37.46954882
55.84894541;37.47498945
55.85305364;37.49793638
55.83999577;37.48661694
55.84860152;37.50730888
55.86228458;37.52331274
55.8481679;37.50659189
55.8406873;37.48720047
55.2367611;37.03792499
55.80328155;37.51956515
55.8016488;37.52599006
55.8008287;37.52920697
55.79642625;37.53983798
55.21972102;36.99216958
55.78122116;37.57375824
55.79779888;37.53929813
55.80265584;37.52550812
55.80934598;37.49391063
55.80024976;37.53376412
55.21618024;37.07579719
55.80900397;37.49410212
55.70853131;37.48089949
55.8208519;37.61655979
55.78938004;37.46889515
55.78964384;37.48008279
55.7942843;37.49160478
55.80305317;37.51333327
55.79453332;37.49178544
55.78881911;37.47825784
55.77775266;37.51759349
55.80499526;37.54201025
55.78038552;37.51575285
55.80668856;37.53737245
55.80347413;37.50817902
55.81121508;37.39757258
55.75934977;37.64696519
55.80429594;37.54265168
55.7415203;37.41524856
55.81182301;37.40000754
55.81845786;37.58089506
55.80505634;37.41353839
55.80549981;37.41679609
55.76319304;37.56273929
55.81101044;37.41330982
55.77423811;37.54866822
55.677722;37.66567339
55.69771721;37.7914306
55.77583131;37.47513806
55.77714355;37.46707722
55.76252444;37.56422828
55.77746203;37.46101272
55.76074845;37.57663587
55.776336;37.46776481
55.74878077;37.5823634
55.7756288;37.46704404
55.73973722;37.57636493
55.78300439;37.46289152
55.80995014;37.41468051
55.83706201;37.65835428
55.80526717;37.41457968
55.81023701;37.40421014
55.79420657;37.45471388
55.77279243;37.4888106
55.80959367;37.40440019
55.81328;37.40998891
55.75410733;37.63472192
55.78912176;37.48674854
55.79177171;37.491088
55.8032156;37.51337476
55.79274004;37.49175998
55.79127892;37.48940235
55.78896287;37.48558465
55.75055876;37.71770401
55.8246744;37.43412978
55.74068643;37.41555975
55.857966;37.41813851
55.85831961;37.42560693
55.85852898;37.42427476
55.85818575;37.41874254
55.7952311;37.4904063
55.79613098;37.48866963
55.79854676;37.49103925
55.80370755;37.47380771
55.83994014;37.48665918
55.85318378;37.49892853
55.80616997;37.53852721
55.89566025;37.52976233
55.89816841;37.53374516
55.89624293;37.53657845
55.89400856;37.53648168
55.89355905;37.54107982
55.89096294;37.5425366
55.88556447;37.54251791
55.88126883;37.54399432
55.87917147;37.54623631
55.88068494;37.71077418
55.88613934;37.49139629
55.81629814;37.55512189
55.79248829;37.56259494
55.88085036;37.69518945
55.79395948;37.45447109
55.85994837;37.44957997
55.86330467;37.44851646
55.86670745;37.44211671
55.86638016;37.44337056
55.86250388;37.44835961
55.85884726;37.44964209
55.84371375;37.44637975
55.84392022;37.43954002
55.84660217;37.44003535
55.85002414;37.44048676
55.84951156;37.42309457
55.84388358;37.4199659
55.84060725;37.4154688
55.83847821;37.41436072
55.83895702;37.41798394
55.8424661;37.42327572
55.84809888;37.42349761
55.85378006;37.42162139
55.85647132;37.42067284
55.85596647;37.43687405
55.87604804;37.53277379
55.90215588;37.61026227
55.86180128;37.67575009
55.85676038;37.41204116
55.90086832;37.6148484
55.89980319;37.61887267
55.89191231;37.62452853
55.8981311;37.62746757
55.89369243;37.6288057
55.89568894;37.63252797
55.89616656;37.63328742
55.89371752;37.62823293
55.89151966;37.62302194
55.8982148;37.6280671
55.89268119;37.61762937
55.89995091;37.61926117
55.88949624;37.6309313
55.90153842;37.61339986
55.88789396;37.64795721
55.88802154;37.64794677
55.73262004;37.64104748
55.74325225;37.86434601
55.88957411;37.63095775
55.86109395;37.43386424
55.88118643;37.71150952
55.68145708;37.78696593
55.62041711;37.60771868
55.80089465;37.4720039
55.80099362;37.47157453
55.87278245;37.52097107
55.87630798;37.53563371
55.87720767;37.54091518
55.88005665;37.56013225
55.87991253;37.56564884
55.88261437;37.56709603
55.88146106;37.56687301
55.88072938;37.56406352
55.87716261;37.53913293
55.74348062;37.86591669
55.87300664;37.52070083
55.87317708;37.51589312
55.88735134;37.52474448
55.89103667;37.52824021
55.88801684;37.52510093
55.89041604;37.51172789
55.89046966;37.51201962
55.89098984;37.52922198
55.86066089;37.67234966
55.8557914;37.65365638
55.84721255;37.64763675
55.84692898;37.64956448
55.85535294;37.65538119
55.86055649;37.67323576
55.8626587;37.6775003
55.82410524;37.43391718
55.89377628;37.51561036
55.85072296;37.4908598
55.84663706;37.57704612
55.87688404;37.47065999
55.87492644;37.46802498
55.84401873;37.42799258
55.79925288;37.48263199
55.80115514;37.47899971
55.80308324;37.46611499
55.80472995;37.4622535
55.8091509;37.4596815
55.80604703;37.45859501
55.80403821;37.46330892
55.80238212;37.46726851
55.80006247;37.48055614
55.7983622;37.48382342
55.79525995;37.49036031
55.79195167;37.48628453
55.79588323;37.4082576
55.79071081;37.46454373
55.7947712;37.40284849
55.79161407;37.45688506
55.79458001;37.39562693
55.78908248;37.45518738
55.79674968;37.39326883
55.78948567;37.46357504
55.78536979;37.4621665
55.73460469;37.85513453
55.783763;37.4570432
55.80161489;37.47754114
55.73441871;37.85469391
55.89783825;37.54313973
55.80700669;37.39475181
55.87871185;37.55739853
55.80510476;37.39342509
55.8760193;37.55745101
55.79586369;37.39277333
55.7944283;37.39852798
55.87116997;37.56037609
55.79461218;37.40395606
55.86709368;37.56362709
55.79625724;37.40909532
55.86333465;37.56535188
55.79997202;37.40705092
55.80170425;37.40822013
55.89520855;37.52955226
55.88502679;37.50440769
55.80796525;37.39275198
55.80131556;37.4073476
55.86545203;37.62708325
55.88549682;37.5435549
55.79883175;37.40747642
55.88310761;37.54392484
55.86836731;37.5629788
55.87204596;37.56004801
55.87630553;37.55790049
55.89746657;37.54371131
55.66862459;37.55489831
55.80407017;37.42089408
55.80453395;37.41984077
55.74705859;37.67527663
55.80970491;37.45342849
55.8095276;37.45451761
55.7884728;37.40308747
55.58116184;37.63405107
55.58221287;37.62205327
55.80508518;37.39496481
55.8039924;37.40004981
55.80303338;37.40909919
55.87851203;37.54856715
55.87876826;37.54812705
55.86522629;37.54485866
55.79041779;37.40388544
55.70536851;37.68619999
55.89711267;37.53564999
55.88874258;37.51828691
55.89117263;37.52333888
55.89034694;37.52803671
55.8381273;37.63688712
55.74602475;37.73525189
55.63525425;37.52147966
55.78384113;37.45796404
55.7860577;37.46441816
55.78949238;37.46070628
55.79302187;37.48641933
55.78920927;37.45489794
55.79035957;37.46458797
55.88872928;37.5435346
55.89368567;37.54019941
55.77423671;37.51972195
55.77193635;37.51774323
55.76821694;37.51588588
55.76029218;37.52241847
55.76456051;37.51349202
55.763989;37.52047184
55.83083886;37.6445311
55.81512274;37.50405098
55.83313523;37.63813028
55.82220653;37.49466779
55.84363611;37.63665779
55.82036658;37.49616275
55.84732912;37.62510875
55.81573404;37.49966276
55.84904958;37.61968001
55.81510542;37.50558532
55.81316295;37.39249409
55.81551344;37.5123353
55.83830283;37.57578236
55.81563337;37.51608545
55.82082135;37.52561435
55.87978588;37.48093398
55.82376841;37.52850676
55.87723862;37.47111248
55.83700621;37.57536187
55.80968026;37.46212093
55.8233604;37.52756056
55.8549899;37.47557809
55.81948918;37.52372387
55.86201798;37.46808492
55.81711481;37.52067156
55.86387651;37.47217399
55.81581301;37.51573247
55.86616762;37.4769987
55.81558593;37.50986505
55.81640659;37.52141472
55.86749759;37.49259798
55.78541304;37.58750136
55.82961044;37.57827274
55.81141744;37.7987196
55.86633904;37.54249399
55.80504096;37.45957822
55.8023736;37.45657188
55.84399565;37.43232828
55.84427645;37.42692065
55.85435911;37.45115886
55.82771467;37.44625839
55.79978613;37.45854362
55.79792174;37.46496338
55.80296604;37.51366315
55.7983144;37.46419187
55.79987646;37.45867546
55.80235108;37.45679411
55.80444979;37.45933135
55.8927204;37.53325311
55.88856809;37.53639885
55.88596784;37.53364119
55.80181492;37.476162
55.87982775;37.53293727
55.80678085;37.58121423
55.79590134;37.58384115
55.80750085;37.58144885
55.87674766;37.53382726
55.88056814;37.53324075
55.88391511;37.53289689
55.88647873;37.53525761
55.88958956;37.53680954
55.82470293;37.57250733
55.82510824;37.57315122
55.82590651;37.5713352
55.8694894;37.43993785
55.87457849;37.43581453
55.87867959;37.44809228
55.87201114;37.46098578
55.87364754;37.46436708
55.87346962;37.46311468
55.87874428;37.44900266
55.87850954;37.43347571
55.86834037;37.43880142
55.75998546;37.52181138
55.76419928;37.52102068
55.76754506;37.5182031
55.7722347;37.51830115
55.77493984;37.52059378
55.77397058;37.48137
55.75231901;37.45570807
55.82358163;37.55917014
55.75363969;37.45788173
55.81572607;37.39327022
55.81329713;37.39372096
55.81404559;37.39305008
55.8162233;37.39376769
55.84346881;37.44102414
55.78197346;37.48039102
55.84369808;37.43722359
55.77971985;37.47921502
55.84371267;37.43389981
55.7499901;37.43381017
55.76779709;37.59944816
55.79611971;37.49865196
55.76549484;37.60356197
55.76216247;37.60838114
55.8180256;37.39399886
55.82065093;37.49978348
55.8649372;37.4293047
55.76584434;37.60371559
55.86434383;37.42525702
55.76772617;37.60024559
55.862903;37.42246724
55.85139663;37.61696599
55.86058747;37.4201828
55.8485972;37.6205944
55.84900736;37.42569435
55.83666361;37.63656754
55.84970162;37.4440435
55.81897153;37.39993327
55.85049065;37.45116404
55.86183481;37.42140796
55.83240674;37.63928629
55.86346025;37.42375945
55.82975994;37.64546918
55.74964744;37.43380938
55.86438685;37.42672893
55.86505136;37.430877
55.7766603;37.4788497
55.77949067;37.47974506
55.77574713;37.49558959
55.80005809;37.50422436
55.55030084;37.43282769
55.75152285;37.50913717
55.74898457;37.50034444
55.74704482;37.49375115
55.74587933;37.48961713
55.7443273;37.48428359
55.69178475;37.7276327
55.74333513;37.48162984
55.7445386;37.48591497
55.74595402;37.49079165
55.74740214;37.49567249
55.74932498;37.50221342
55.85190528;37.60282047
55.84927467;37.59703359
55.7769859;37.52196455
55.8547812;37.61799122
55.75073139;37.5070883
55.55060934;37.43198058
55.77598106;37.49390786
55.86773538;37.46207598
55.86881848;37.44504432
55.85791685;37.4449533
55.85565697;37.43804547
55.68853866;37.72512286
55.85599734;37.4396285
55.85831955;37.44666687
55.86952725;37.44433517
55.86279009;37.46871667
55.76575584;37.40680435
55.76178521;37.40671428
55.74792689;37.41656443
55.74634882;37.42050634
55.7486642;37.415616
55.76423796;37.4098374
55.76414892;37.41350642
55.7617877;37.41619264
55.75801212;37.41974338
55.75582149;37.41428967
55.75576049;37.4155611
55.75867154;37.42037701
55.76240678;37.41588078
55.76460237;37.41298912
55.7795447;37.57992385
55.80296399;37.82953098
55.77597434;37.50060449
55.78788836;37.51225996
55.74252574;37.48026633
55.77799856;37.51202073
55.77626432;37.50181329
55.77574251;37.53421095
55.77324685;37.54848585
55.77678263;37.55590735
55.78241551;37.56196791
55.84978195;37.59835698
55.85128913;37.60027983
55.78508349;37.46359681
55.85459932;37.60877939
55.75917284;37.57681869
55.85649729;37.61182603
55.76112175;37.56761585
55.85508406;37.61634923
55.76330072;37.56211261
55.85344135;37.61898903
55.76675832;37.55973644
55.7837982;37.51400031
55.79076328;37.49859404
55.83718909;37.35286446
55.8534399;37.60719547
55.78546569;37.50003104
55.85298749;37.61897456
55.78158766;37.50089042
55.77941367;37.50138334
55.896526;37.60353556
55.77678429;37.50290615
55.89769509;37.61281221
55.77762008;37.50264421
55.89904178;37.60928659
55.77989344;37.50163518
55.78245313;37.50098627
55.88722455;37.59312468
55.78590167;37.50030619
55.88725113;37.58828484
55.79072138;37.49917794
55.89858031;37.58544225
55.49810164;37.50948928
55.83705449;37.57569245
55.56527138;37.17947955
55.77435621;37.53231896
55.78063249;37.55949868
55.85792016;37.68749597
55.77464018;37.53381985
55.77310331;37.52643832
55.86330905;37.69810949
55.77328769;37.52303852
55.78056301;37.45534576
55.85404812;37.68206604
55.87189317;37.71271014
55.87469056;37.71699406
55.89033938;37.71070625
55.89320789;37.70346247
55.89491191;37.69244225
55.89528162;37.68005239
55.78176157;37.56005029
55.77941257;37.55711669
55.77735538;37.55556483
55.77263576;37.59191729
55.89633154;37.6560354
55.90011031;37.62807785
55.90304701;37.61438211
55.91121367;37.58002389
55.87847823;37.72026831
55.9045914;37.54267483
55.89779929;37.55274367
55.90415051;37.54355244
55.90951848;37.56228499
55.91061371;37.58077933
55.90255112;37.6140809
55.89935687;37.6285962
55.89577989;37.65602529
55.89474494;37.68128452
55.89434421;37.69340007
55.89275707;37.70304542
55.89010596;37.70963523
55.87437495;37.71513369
55.87226079;37.7126964
55.7584966;37.6274054
55.86363666;37.69695805
55.85730595;37.68486133
55.73916511;37.85747284
55.90218831;37.60850278
55.90025694;37.6069196
55.89814111;37.61115603
55.89721515;37.603355
55.89314618;37.60064919
55.88860075;37.59810598
55.88673908;37.60202757
55.88380295;37.60451655
55.89047596;37.59709646
55.88228674;37.60100024
55.85519231;37.68201249
55.8812655;37.59860113
55.8800036;37.59532615
55.8795304;37.59043467
55.86547528;37.58395857
55.60648114;37.53316972
55.8456749;37.57408021
55.62152755;37.42243026
55.85719873;37.58475187
55.60263022;37.52151377
55.87897202;37.58833713
55.87928856;37.59273934
55.7395355;37.85886057
55.88060601;37.59763214
55.69254281;37.93882824
55.88765542;37.60092808
55.76181782;37.4080859
55.88905555;37.59744678
55.76472981;37.4048552
55.6017702;37.52055106
55.76874086;37.40564394
55.89353514;37.60169798
55.77160446;37.41228857
55.87431805;37.52718211
55.77186845;37.4189769
55.76439166;37.51352543
55.767698;37.42858571
55.77305732;37.5234421
55.76260789;37.43044608
55.77424881;37.52873007
55.75123625;37.43140796
55.71368132;37.42894762
55.75035815;37.43130892
55.77092888;37.5948058
55.75758181;37.43260079
55.87979017;37.6935675
55.76272126;37.43070967
55.71899711;37.42415999
55.73763446;37.43791257
55.76678722;37.42922861
55.73876054;37.43604008
55.77191083;37.41295228
55.74330717;37.4267679
55.76764655;37.40506106
55.74993475;37.42183855
55.88698999;37.59106856
55.88682813;37.59445714
55.60074367;37.51808209
55.89186105;37.62017088
55.89834788;37.59429843
55.89802016;37.59535651
55.88747591;37.66758127
55.8890793;37.51958245
55.79073824;37.63442078
55.6412145;37.5256123
55.9003887;37.55435868
55.90422767;37.55084537
55.90584746;37.55332467
55.90229719;37.55657082
55.88932374;37.541129
55.87220277;37.52844164
55.86870868;37.52647314
55.86744198;37.52511651
55.7814404;37.63338589
55.90088802;37.55554052
55.71854549;37.38657258
55.72051338;37.38960544
55.72177017;37.39305644
55.72326052;37.39723772
55.72292316;37.40351677
55.72618477;37.42157157
55.72625844;37.42482058
55.72621586;37.42979326
55.72559781;37.40983294
55.72617983;37.43571349
55.72614543;37.44057412
55.73389906;37.45659117
55.73528974;37.46239132
55.73898534;37.47116395
55.74068959;37.47228882
55.74163856;37.47573759
55.74639369;37.49537437
55.74203842;37.47639038
55.74104896;37.47272745
55.7352019;37.46144627
55.733848;37.45560656
55.72636625;37.43995797
55.72637625;37.43583629
55.72642996;37.42912377
55.72633316;37.42205517
55.73199387;37.44689187
55.72622925;37.4173784
55.7257369;37.409126
55.72155218;37.39190177
55.72025968;37.38826341
55.71913621;37.38594683
55.72172653;37.40085868
55.7165678;37.40729461
55.71765921;37.41328378
55.7201546;37.42827191
55.72220134;37.44496319
55.72393336;37.39859883
55.72246116;37.44447054
55.71901143;37.40169999
55.72207283;37.40107648
55.74262284;37.42776278
55.73936483;37.43440262
55.89259805;37.61144969
55.73632694;37.44023792
55.71848358;37.45072346
55.88712285;37.67859931
55.71833514;37.40141312
55.88226033;37.6924641
55.71856171;37.41394452
55.88275329;37.69207516
55.71465466;37.45242208
55.88733886;37.67766614
55.7122675;37.45362164
55.89190771;37.61082509
55.89058427;37.60878467
55.86714984;37.52507589
55.86915532;37.52702441
55.88751684;37.60227688
55.88916441;37.539432
55.89713318;37.62301236
55.90311747;37.54382978
55.89633156;37.61644144
55.88993992;37.5851668
55.89020911;37.58129313
55.74268181;37.87076249
55.89172585;37.57375424
55.86704767;37.67669958
55.89543655;37.57388324
55.86847623;37.67562029
55.89764729;37.57370103
55.87097345;37.67637156
55.89448668;37.57357151
55.87376801;37.67856424
55.89119231;37.57423478
55.87792707;37.68034986
55.88988187;37.5819541
55.88085546;37.67877411
55.89642017;37.61572096
55.88053822;37.6784863
55.89663894;37.62294356
55.8902522;37.6086734
55.71524325;37.38987586
55.71606243;37.39881018
55.71950802;37.39483794
55.71467561;37.4026907
55.71333756;37.40343264
55.70596091;37.40256904
55.70424079;37.40129185
55.70573024;37.39765108
55.70702576;37.39586405
55.70934428;37.39277016
55.71400331;37.39399301
55.72083384;37.39303621
55.7189863;37.39511592
55.71547844;37.38956128
55.73476299;37.40674544
55.71378971;37.42252066
55.71293941;37.43096018
55.88679158;37.61207834
55.88867809;37.61653516
55.71202373;37.43574215
55.73832891;37.41199036
55.81952172;37.58260545
55.89022806;37.62017402
55.89014117;37.61948923
55.90438964;37.57397013
55.71056551;37.44520365
55.71241248;37.45425159
55.71504925;37.45301225
55.71823979;37.45339415
55.71966905;37.46083102
55.71922414;37.45913171
55.73176705;37.40584183
55.73474771;37.407245
55.7392575;37.41398915
55.63584604;37.61955079
55.63172001;37.61910102
55.62800656;37.61731063
55.62478102;37.61573092
55.6225637;37.61328525
55.72197915;37.40718014
55.71386623;37.42299797
55.61656673;37.60587458
55.61482582;37.60502433
55.61199274;37.59843929
55.61254398;37.59390116
55.61314722;37.58626023
55.61335787;37.58317207
55.6914284;37.53967798
55.61194562;37.57909846
55.60906054;37.57872281
55.60649916;37.57931199
55.60964272;37.579012
55.61239632;37.57951671
55.61305837;37.58526232
55.70813487;37.51801589
55.61281604;37.58808598
55.88783109;37.60357673
55.6122826;37.59418904
55.90115637;37.57386805
55.61149355;37.59975176
55.88505557;37.60798138
55.61441353;37.60533101
55.90700375;37.57401593
55.61702422;37.6064883
55.87622011;37.64522993
55.62497682;37.61660243
55.62788239;37.61794252
55.63111162;37.61948665
55.68790252;37.67802001
55.63680698;37.62009433
55.64840421;37.61996742
55.68610829;37.67108991
55.88968222;37.5934314
55.68265537;37.701842
55.88944034;37.59403035
55.67717012;37.69107562
55.88961026;37.58827937
55.67831299;37.69516819
55.68048736;37.70043845
55.81993404;37.58050155
55.71048801;37.62025981
55.67654682;37.67354687
55.84856576;37.59022872
55.88843531;37.61548042
55.68526674;37.66345606
55.88651433;37.61099528
55.68472626;37.65646723
55.88474181;37.60682823
55.68404309;37.64766085
55.88481304;37.60514405
55.68364935;37.64244612
55.90189268;37.57415722
55.68178688;37.63397516
55.90643846;37.5742658
55.84802248;37.58960182
55.68157725;37.62736818
55.68127035;37.6334879
55.68350445;37.64310022
55.68386605;37.64849744
55.68456344;37.65739031
55.68333233;37.66383372
55.83556743;37.65897817
55.6829009;37.70250043
55.83180455;37.65987406
55.83113176;37.6620356
55.82982676;37.66605818
55.77648905;37.63213491
55.76060528;37.63150853
55.79136894;37.70732836
55.78734479;37.70583121
55.78404556;37.70087284
55.78354472;37.70095153
55.78581783;37.70395174
55.78744368;37.70621085
55.7905543;37.70734479
55.79191273;37.70779689
55.79450382;37.70830106
55.78219939;37.6710142
55.76525433;37.40439543
55.65349873;37.61500121
55.65346587;37.60988452
55.65341889;37.60445761
55.65169867;37.58758765
55.65360574;37.58019891
55.65914213;37.56308451
55.66464545;37.54901465
55.66733882;37.55191024
55.6672012;37.55109329
55.77120214;37.60522392
55.65987107;37.56205933
55.65253098;37.58216365
55.77620995;37.60329221
55.65137154;37.58957499
55.77836424;37.60191489
55.65298299;37.60667405
55.78179139;37.59898322
55.62544038;37.29748104
55.78801454;37.59323759
55.81311993;37.59291293
55.86470719;37.46417245
55.81215779;37.58532915
55.81270537;37.59106982
55.58748717;37.64062893
55.58006633;37.64953224
55.57982222;37.65270795
55.74297908;37.86898691
55.57849565;37.65998173
55.81230686;37.58460862
55.57531882;37.65833583
55.80873248;37.57959401
55.56925144;37.45117348
55.56997774;37.45321422
55.78685006;37.5934603
55.57571623;37.65996558
55.78353752;37.59701957
55.57891735;37.65957404
55.77838445;37.60143355
55.58013006;37.65182515
55.77634545;37.60269835
55.58741619;37.64463014
55.77157092;37.6046095
55.79238918;37.6342082
55.76678578;37.60640124
55.76578344;37.60862818
55.76746405;37.60646798
55.82372004;37.63702039
55.82368624;37.63537959
55.57521133;37.65668423
55.57978808;37.65804567
55.59096542;37.64774168
55.59184885;37.65368854
55.58856241;37.65553886
55.58615145;37.65695948
55.58097694;37.65912551
55.78285868;37.64212878
55.77998709;37.64350689
55.86407204;37.46391541
55.78913894;37.63446507
55.78515995;37.67593232
55.79131546;37.68663816
55.7934053;37.69244448
55.79436426;37.69981151
55.65996296;37.63856634
55.62968133;37.66496037
55.807493;37.67515182
55.80692118;37.66886873
55.80222485;37.65936046
55.79773232;37.65707608
55.79150147;37.66417507
55.79168843;37.66902754
55.79992558;37.71265136
55.67837821;37.67827069
55.56309194;37.44581322
55.66236954;37.74256476
55.7851504;37.59603011
55.70826365;37.8185386
55.74673896;37.81472617
55.7049206;37.81873254
55.70227264;37.82335515
55.74630943;37.81242352
55.72414024;37.73712976
55.79211707;37.57839628
55.72330419;37.73404366
55.7904753;37.57226079
55.64129752;37.60380239
55.65857248;37.78693716
55.65925705;37.78546624
55.63430514;37.6075975
55.72008571;37.73222855
55.71803783;37.72678381
55.641957;37.59785734
55.7165894;37.72595617
55.64209896;37.59497995
55.64318948;37.58785577
55.71237103;37.72996933
55.64447929;37.58366454
55.63224171;37.66024037
55.64641746;37.57737607
55.64922501;37.56594407
55.70480891;37.82721132
55.70818502;37.82970615
55.56010487;37.44340142
55.70109375;37.62082122
55.65318273;37.5453821
55.70776478;37.82926602
55.78958914;37.63508209
55.64874664;37.56659425
55.78100141;37.64325965
55.64613273;37.5771501
55.69676373;37.62028972
55.64458326;37.58231451
55.63268467;37.65890885
55.64269016;37.58842725
55.63158775;37.66817521
55.64180975;37.59509835
55.7259714;37.74138633
55.64153403;37.59905163
55.63400862;37.60853457
55.65698573;37.5266758
55.71034042;37.81917993
55.65624235;37.53446671
55.64101712;37.60817731
55.64070281;37.61369274
55.64547078;37.6115968
55.64875032;37.61020765
55.56012414;37.44234828
55.75704675;37.54023564
55.75885397;37.53879784
55.76147097;37.53980855
55.76109619;37.53931549
55.75708202;37.53986291
55.60936606;37.591337
55.61605708;37.59247105
55.77939303;37.45260926
55.60920098;37.59064068
55.60229653;37.5889808
55.61986916;37.59426469
55.61620561;37.5931887
55.81422595;37.65754219
55.75725492;37.54577858
55.64550254;37.6185558
55.64474274;37.61397409
55.64109921;37.61291704
55.64137127;37.60782447
55.65668459;37.53296831
55.6575568;37.52433721
55.77155002;37.60210602
55.82072041;37.6638542
55.81647097;37.6595378
55.76181971;37.50265149
55.75488872;37.50435747
55.75075395;37.50868933
55.72589253;37.45830793
55.72381003;37.44999919
55.71919354;37.42186325
55.72125265;37.43818381
55.72549999;37.45855124
55.73922672;37.61561918
55.73422024;37.61264428
55.73104774;37.61188518
55.72561231;37.6062154
55.71698562;37.59355962
55.70821658;37.57687443
55.70979038;37.5412827
55.71479206;37.53669629
55.72691416;37.53676635
55.74598971;37.56445232
55.8697457;37.66317314
55.746457;37.55507201
55.86581484;37.68078132
55.73909863;37.5293556
55.86785569;37.67626446
55.73676553;37.51795934
55.87917077;37.63172548
55.87270405;37.6466391
55.87967031;37.62694428
55.87519474;37.64588157
55.87808579;37.61916132
55.87804895;37.64504162
55.87537279;37.6206921
55.87992449;37.64639296
55.87403505;37.62428396
55.86877133;37.67082281
55.87290544;37.6295558
55.7368396;37.51508595
55.87040187;37.6308742
55.87003565;37.66312277
55.86955433;37.61994919
55.87159181;37.63844189
55.86930895;37.61265601
55.87469588;37.6374933
55.87136318;37.60889896
55.87749631;37.63666446
55.70791422;37.57391735
55.87011061;37.60326425
55.88211464;37.64001134
55.86799608;37.59633044
55.86767438;37.59636757
55.88541301;37.64314538
55.86988215;37.60300452
55.87095328;37.6079638
55.86784121;37.61401432
55.86925867;37.62348296
55.87155666;37.63159479
55.8734437;37.62839788
55.87446606;37.62310071
55.87734113;37.61948218
55.87876946;37.61945945
55.87913736;37.62664992
55.8784898;37.63272136
55.86481261;37.68239823
55.87985522;37.58154259
55.87987413;37.57756378
55.8777593;37.56998198
55.87491369;37.5716455
55.87383913;37.58062636
55.87469031;37.58456635
55.86628136;37.59783306
55.86762896;37.59422745
55.80974995;37.6111284
55.87477296;37.58422449
55.87376016;37.57960447
55.88121649;37.65289198
55.74707359;37.5149492
55.87523392;37.57160336
55.75160381;37.5077067
55.75521537;37.50506725
55.75765492;37.50205453
55.86997382;37.66357926
55.87174315;37.65176485
55.86824261;37.6743335
55.67582096;37.52782502
55.67958504;37.53330631
55.68220067;37.53724931
55.68724197;37.54470283
55.69157488;37.55203096
55.69477619;37.55765459
55.86185117;37.61241613
55.87036515;37.63371954
55.87061599;37.6365272
55.8679894;37.67807452
55.86970831;37.68065164
55.87204363;37.68411046
55.8799777;37.70186702
55.88267162;37.70617424
55.88428957;37.70891962
55.88389632;37.70781797
55.8821822;37.70506826
55.88062191;37.70251514
55.87480457;37.68791986
55.87185801;37.68342758
55.86941629;37.67977816
55.86834344;37.61208602
55.86738147;37.60589715
55.86319108;37.60754097
55.86112212;37.61387748
55.86302542;37.6219155
55.86373863;37.62582621
55.74055721;37.40414698
55.7283354;37.54509156
55.74000333;37.4049243
55.88620647;37.65588399
55.73805188;37.40897387
55.74246176;37.4247012
55.85881956;37.62138677
55.8579916;37.62394158
55.74082435;37.42809514
55.85343443;37.6259047
55.7390016;37.43187806
55.84988223;37.62625602
55.73236604;37.4358903
55.7302561;37.43971955
55.85029904;37.62649959
55.72847346;37.44846265
55.85379903;37.62611284
55.7315795;37.45738073
55.73048781;37.44060425
55.85811649;37.62445447
55.88719915;37.6555094
55.73378516;37.43423396
55.8668832;37.62527065
55.73938212;37.43152939
55.86674174;37.61362565
55.86337797;37.6144124
55.74284166;37.42442933
55.85974121;37.67372436
55.86183177;37.61334972
55.86473545;37.61481081
55.85655273;37.6725878
55.8684251;37.62223691
55.85461631;37.67184855
55.85277066;37.6714655
55.89273979;37.66218938
55.89301683;37.67178993
55.7386154;37.40824449
55.65802519;37.48999371
55.65668976;37.49278295
55.66645375;37.51400339
55.66370012;37.50987344
55.86272141;37.62082058
55.86377981;37.62509472
55.75540943;37.5246616
55.86715312;37.67503982
55.86263251;37.67420799
55.87510539;37.60882853
55.87415833;37.60441172
55.8728946;37.59859439
55.87061538;37.59130964
55.8528844;37.60732466
55.87094212;37.59355581
55.87248885;37.59911568
55.87392066;37.6058137
55.87476974;37.60978822
55.68230412;37.53646069
55.67973235;37.53275324
55.68415458;37.53911384
55.67722804;37.52899325
55.67569115;37.52678728
55.66698124;37.51389072
55.663826;37.50914408
55.65808524;37.49042786
55.73672023;37.42622208
55.60313383;37.59944008
55.73890211;37.42178788
55.74034683;37.41836014
55.60006929;37.59802895
55.73847401;37.42226623
55.59770849;37.59688613
55.7369031;37.42544437
55.71487145;37.81886097
55.70639371;37.57846809
55.72160312;37.43814097
55.71412922;37.58964424
55.72090368;37.42942445
55.75836757;37.52280197
55.71723927;37.40708389
55.70664416;37.57784961
55.65426183;37.38648403
55.69980998;37.56658535
55.71423174;37.39427619
55.69735359;37.56225851
55.67062603;37.51922308
55.65606855;37.49718151
55.59826721;37.59749828
55.7086245;37.39335453
55.62579599;37.29727393
55.60057411;37.59859273
55.59672132;37.58834248
55.603052;37.59976893
55.65305521;37.38740634
55.60489526;37.6006785
55.60713748;37.60172275
55.59906089;37.58882439
55.61156628;37.60112722
55.60054635;37.58917783
55.61173832;37.5912788
55.60298674;37.58977667
55.60048977;37.58859029
55.60771745;37.60167874
55.59862006;37.58813659
55.60523077;37.60048151
55.84886419;37.56882859
55.79336636;37.61799083
55.60049249;37.6082212
55.60232431;37.6100442
55.60158587;37.61465078
55.60083385;37.6194515
55.6005591;37.62672788
55.60401074;37.62328573
55.6058081;37.62414466
55.60778429;37.62301107
55.60851856;37.61731572
55.60541806;37.62362178
55.60239714;37.62216659
55.60042042;37.62256741
55.60096654;37.61984723
55.60184219;37.61420659
55.60250937;37.60981146
55.79804084;37.56754879
55.79681527;37.56381129
55.7952353;37.55979678
55.79717242;37.56553961
55.85788187;37.59585912
55.8792907;37.7203647
55.87160555;37.71344178
55.87484298;37.71609144
55.60938959;37.61464256
55.87800061;37.72054039
55.86458279;37.60376255
55.86035695;37.60227624
55.86207983;37.60395648
55.8704379;37.62018489
55.87226526;37.61762063
55.87432149;37.61476999
55.70377982;37.57357785
55.7026353;37.57065318
55.69978192;37.56548418
55.69745359;37.56134317
55.69429086;37.55579141
55.69193817;37.55159711
55.7024521;37.57116571
55.70380958;37.57252898
55.81014794;37.60762309
55.80773109;37.61136331
55.68751335;37.54419606
55.79834938;37.60934762
55.79816246;37.60294091
55.61412948;37.61065518
55.7751012;37.58255806
55.59991584;37.60454374
55.61427814;37.61143248
55.61590599;37.61151717
55.61656097;37.61251761
55.85048569;37.61534703
55.59984873;37.60379737
55.59796773;37.62037998
55.59735081;37.61972562
55.75381395;37.55828993
55.59387068;37.6161268
55.59399466;37.61298879
55.85164695;37.6118948
55.85105483;37.61261793
55.83299426;37.65154908
55.83415981;37.64793206
55.83539466;37.64430881
55.83699603;37.63875921
55.6329463;37.61520075
55.83510809;37.64451742
55.83259399;37.65218044
55.63244813;37.61816146
55.63277477;37.61776784
55.82401223;37.62649472
55.63228298;37.6134089
55.82423098;37.62210176
55.62777882;37.61119447
55.82447109;37.61783383
55.84955974;37.61753549
55.82376511;37.60951023
55.62842684;37.61191279
55.8237755;37.60464811
55.6315207;37.61338952
55.82353526;37.60564238
55.82356897;37.61031962
55.82431264;37.61752717
55.82397446;37.6228194
55.82371711;37.62852095
55.86229169;37.64525356
55.82026669;37.5858094
55.82095516;37.58890724
55.87172909;37.61778037
55.87388388;37.6146177
55.86031177;37.64779456
55.85093967;37.64413397
55.84815281;37.64050186
55.75735274;37.52427019
55.86275172;37.60407722
55.84894719;37.64204231
55.85065163;37.64424319
55.85572055;37.65402077
55.85737835;37.65359831
55.86284024;37.64529877
55.87587535;37.62032261
55.64940548;37.60520599
55.63762035;37.60481413
55.63373541;37.60272273
55.6308235;37.60019541
55.62822151;37.59805605
55.6247419;37.59549751
55.62288696;37.59565138
55.62554176;37.59690758
55.62902688;37.59940175
55.631604;37.60161342
55.60171624;37.35645734
55.64380084;37.60583507
55.64913574;37.60570947
55.62419092;37.60271418
55.64035872;37.60529557
55.61331799;37.59229558
55.59297205;37.61510954
55.59152513;37.61442788
55.59159669;37.61474529
55.62311288;37.59717647
55.62229205;37.60253083
55.86876246;37.63891618
55.86911322;37.63909526
55.86338951;37.67331009
55.86408974;37.66676669
55.85983603;37.66061358
55.86437131;37.6635907
55.86379182;37.66707003
55.86321039;37.67294184
55.5472584;37.54535343
55.8246499;37.57987115
55.82380054;37.58614187
55.62161411;37.60710022
55.59995896;37.62102075
55.82131189;37.58851937
55.82045246;37.58497555
55.79277781;37.61745841
55.81499744;37.584977
55.81572765;37.59152743
55.81312017;37.59477233
55.82417128;37.58596371
55.59931745;37.60723045
55.5962975;37.60580074
55.64845306;37.61935757
55.82393113;37.57977508
55.62111395;37.58423066
55.61831741;37.58412174
55.61957379;37.58410248
55.62051196;37.58384491
55.62330788;37.58807912
55.6238247;37.59248929
55.79588193;37.60324365
55.63784865;37.60547916
55.79609721;37.6088051
55.81069344;37.61818258
55.78530461;37.62214211
55.79623015;37.61322506
55.78063814;37.62288634
55.79880074;37.61613885
55.77984907;37.62120063
55.80720949;37.61260633
55.81070581;37.6070953
55.76352583;37.38276314
55.81374723;37.59904557
55.78112316;37.62354894
55.78635174;37.62258779
55.81336784;37.59522127
55.81094443;37.61878076
55.81582961;37.59110417
55.84624912;37.59038559
55.81506632;37.58401575
55.832662;37.59387859
55.65435135;37.62076788
55.81085151;37.63710582
55.64614555;37.61938513
55.60770003;37.6217076
55.76995229;37.56618862
55.77213656;37.57247339
55.31062037;37.22996743
55.76430509;37.56418376
55.59964625;37.63644312
55.31128628;37.23272552
55.59622753;37.63585984
55.59245271;37.63525558
55.59025644;37.63489151
55.58689302;37.6395947
55.58315972;37.64104033
55.58052081;37.64313245
55.58107784;37.64833146
55.58211853;37.64791486
55.5848123;37.6468648
55.586535;37.65332559
55.58706418;37.65681482
55.58929215;37.65555339
55.59235391;37.65238909
55.59096956;37.6470205
55.58907045;37.64537439
55.58678319;37.64574591
55.58438499;37.64669631
55.58263447;37.64736129
55.58044445;37.64742772
55.58537204;37.64057509
55.58806764;37.63725752
55.58917091;37.63528842
55.76383631;37.3832414
55.75997455;37.5606011
55.75595346;37.54964802
55.75360976;37.54556839
55.77024842;37.56622358
55.77214749;37.57170017
55.59398346;37.63601531
55.59677651;37.63653098
55.60002973;37.63701605
55.64639024;37.61996003
55.65628877;37.60816327
55.65614802;37.6137254
55.65601635;37.61835633
55.65754082;37.61979733
55.66435053;37.62104973
55.68969014;37.62171054
55.7023698;37.6218884
55.71387425;37.62458854
55.71544578;37.62570327
55.71942783;37.62780194
55.72210574;37.62770898
55.66039264;37.61984715
55.72499391;37.62622664
55.73267626;37.61994227
55.73472494;37.61964964
55.73991914;37.61738798
55.73322384;37.61936368
55.73044364;37.62271981
55.72263741;37.62219435
55.71725319;37.62217293
55.71315627;37.62210127
55.67861735;37.62474332
55.6739732;37.62597533
55.66870138;37.62399249
55.65639377;37.61311211
55.85200224;37.64588189
55.63067492;37.67334885
55.85241514;37.64729495
55.6761208;37.67479348
55.73690303;37.6193216
55.62994547;37.66443337
55.73586852;37.6193906
55.63030612;37.66203415
55.81461396;37.59307444
55.32649707;37.11473359
55.79193198;37.61616297
55.64499656;37.65652444
55.78941108;37.6167063
55.64802614;37.65732539
55.65715899;37.64459127
55.79162271;37.6165487
55.66185033;37.63455878
55.81511561;37.59377086
55.68094148;37.62390492
55.62380949;37.59396605
55.6614063;37.6344226
55.62306693;37.58696831
55.65947273;37.63866084
55.65642892;37.64521533
55.75191298;37.53691404
55.85749232;37.65527622
55.64776552;37.65657761
55.85698063;37.66085193
55.64499652;37.65605277
55.85680074;37.66053598
55.76364494;37.56357478
55.85716718;37.65602636
55.67967439;37.663662
55.79389958;37.61640108
55.82920253;37.66862409
55.75856154;37.55400182
55.83053245;37.66450838
55.83668295;37.65692824
55.81741642;37.4036842
55.83957484;37.65183199
55.7884165;37.61734493
55.84059205;37.64989819
55.84230103;37.64753916
55.84736118;37.63491533
55.84930991;37.63498879
55.84990372;37.63814606
55.85176293;37.64136601
55.85424907;37.65105748
55.85639229;37.64390364
55.85721085;37.63856705
55.85608929;37.64447949
55.85203751;37.6408408
55.85065215;37.63811972
55.84199962;37.64752807
55.78797931;37.61647399
55.78512317;37.61589363
55.77448927;37.60842303
55.77635344;37.60749928
55.78261737;37.61565505
55.78525553;37.61643634
55.78961555;37.58860038
55.81884554;37.63800279
55.77629164;37.60717368
55.78135952;37.6129936
55.77995384;37.60507947
55.80179508;37.63642093
55.72012399;37.81099779
55.80257307;37.63585788
55.32616442;37.11525639
55.66460458;37.60153876
55.66718356;37.59452195
55.66910314;37.58962802
55.67300649;37.57759237
55.67531149;37.57089925
55.67427314;37.57299532
55.67256191;37.57787608
55.6678657;37.59152519
55.66658861;37.59537481
55.66516371;37.60056532
55.66264602;37.61815554
55.65626463;37.61765292
55.61068032;37.60733552
55.67088606;37.58456754
55.6799932;37.66492138
55.67965559;37.69860892
55.6783303;37.69438885
55.67711796;37.69009163
55.67618562;37.67745117
55.67711439;37.6663927
55.68608959;37.67218206
55.68786526;37.67861316
55.68933952;37.68375678
55.69077381;37.68962809
55.68874337;37.69368236
55.68606018;37.69145258
55.79291562;37.55905388
55.69088822;37.68910616
55.689356;37.68318523
55.71230792;37.79582439
55.69337553;37.79022651
55.715616;37.79684419
55.75729895;37.73936609
55.73344338;37.81287911
55.71977335;37.83079687
55.73254096;37.81963171
55.72128192;37.82627903
55.73210046;37.83115973
55.72760067;37.81204646
55.73372735;37.83801045
55.72898672;37.80805255
55.73669397;37.83837213
55.71594093;37.80022007
55.74096658;37.83664942
55.71455391;37.80617176
55.67645229;37.60033837
55.71338262;37.81065239
55.76048328;37.8074774
55.71146063;37.81802681
55.75691007;37.80453555
55.70657188;37.81468783
55.72286665;37.80065354
55.70835383;37.80947274
55.7208135;37.80611827
55.71061431;37.80285507
55.71986884;37.80981921
55.72106599;37.80610455
55.72377463;37.80007999
55.76344907;37.73457951
55.5898257;37.54224727
55.59053654;37.53926053
55.59119386;37.536481
55.59334579;37.53380706
55.59710353;37.53488167
55.59809994;37.53044992
55.60022148;37.5312349
55.60319027;37.53322596
55.71935039;37.81053021
55.60598207;37.53502702
55.61080601;37.5383148
55.61720313;37.54200756
55.62494397;37.54217755
55.63874994;37.54559263
55.64124778;37.55081536
55.64565386;37.56128471
55.72375571;37.56537068
55.71981408;37.77968276
55.72129304;37.77492101
55.78245735;37.83837124
55.65259917;37.56712731
55.6538895;37.5685199
55.65959931;37.57462991
55.66322712;37.57786703
55.66145926;37.57598273
55.65934746;37.57376166
55.62043542;37.54365903
55.64802427;37.56307664
55.65543625;37.56950996
55.65348821;37.56754551
55.6517437;37.56557534
55.64518442;37.56031459
55.64125282;37.54964546
55.62429184;37.54183103
55.6179317;37.54082739
55.61159972;37.53586058
55.60711656;37.53287886
55.60342665;37.53037712
55.60155965;37.52912099
55.59775956;37.53075517
55.59281052;37.53363217
55.5908573;37.53674205
55.59014351;37.53973971
55.58953211;37.54237889
55.76315587;37.73556147
55.71346474;37.72936692
55.71623532;37.72605191
55.64798522;37.56248777
55.72345333;37.73504821
55.72527566;37.7382307
55.72609499;37.74334051
55.72227758;37.77100519
55.72048966;37.77629092
55.71928901;37.78039632
55.72325344;37.78905658
55.72140571;37.78572888
55.72324221;37.7802623
55.72473587;37.7757937
55.72632947;37.77105314
55.72744089;37.7676675
55.72915105;37.76248684
55.72826854;37.75966443
55.72782486;37.75949287
55.72920761;37.76169826
55.72694067;37.76857136
55.72371234;37.77831791
55.72235367;37.78229209
55.72181472;37.78787196
55.69072118;37.78972656
55.78280632;37.83576559
55.70265004;37.79333744
55.70591443;37.79428068
55.6086624;37.54502638
55.70950611;37.79536572
55.61220501;37.54020941
55.71320876;37.79650066
55.61198448;37.54017844
55.72250811;37.77147409
55.70979048;37.82697763
55.74059301;37.83670783
55.73627819;37.83800792
55.60358096;37.54356736
55.73342432;37.83768357
55.73237715;37.8289032
55.73273193;37.81916562
55.74240925;37.39843379
55.73922372;37.39508015
55.73677942;37.40022464
55.73500514;37.40391828
55.78045163;37.82671353
55.77807599;37.81908654
55.75479587;37.81854422
55.81391227;37.65689175
55.81199099;37.65466127
55.81006713;37.64879109
55.80780588;37.64231939
55.80700745;37.64063001
55.80876163;37.64569402
55.81014379;37.65019405
55.79150066;37.67031186
55.81186815;37.65479366
55.81775751;37.66128942
55.7917381;37.66379462
55.82103404;37.66402898
55.79867258;37.65760169
55.80181129;37.65911855
55.70467025;37.82647719
55.69879739;37.8268713
55.69652516;37.82254079
55.70368642;37.82148645
55.70700322;37.81774164
55.70988388;37.81864499
55.71517457;37.81797362
55.69966358;37.8276537
55.71104679;37.65877189
55.70497523;37.65312658
55.70365943;37.64783523
55.57259932;37.59235801
55.71135007;37.66017352
55.71287498;37.66369528
55.71172175;37.66534038
55.6919533;37.66573773
55.63773998;37.60363158
55.6403819;37.59942038
55.63955888;37.59061651
55.63754539;37.58937001
55.6339722;37.58802261
55.63294908;37.58992463
55.68408342;37.70924808
55.68067499;37.70743103
55.6781852;37.70366049
55.67651189;37.69855419
55.78272092;37.71881733
55.64074212;37.59559862
55.78746136;37.717206
55.80015014;37.71291695
55.81963163;37.71011632
55.77225808;37.66180253
55.77144818;37.66922538
55.77785788;37.69019246
55.77946544;37.69263238
55.7809521;37.69582455
55.78045541;37.72180815
55.78639032;37.73124494
55.78653525;37.73398928
55.78676718;37.73983019
55.79317447;37.80028776
55.79350052;37.8198454
55.7929284;37.78865574
55.79302849;37.79472111
55.7932161;37.80621095
55.79356692;37.81224419
55.79345224;37.80513675
55.79328531;37.79351143
55.79312979;37.7876618
55.78700058;37.74165025
55.78664131;37.73262919
55.78642799;37.72929863
55.78106828;37.71572353
55.78120327;37.69559672
55.77917108;37.6915218
55.77763099;37.68908509
55.79686803;37.6158583
55.77172232;37.66844717
55.77233515;37.66338778
55.77232795;37.65776441
55.81468691;37.73333116
55.81738233;37.72554194
55.82007542;37.71807882
55.8188258;37.71627821
55.81206692;37.70862229
55.8044729;37.7116838
55.81051712;37.71046887
55.81233209;37.70950432
55.81475574;37.71320413
55.81538679;37.71325931
55.81780603;37.71523113
55.81996485;37.71883275
55.69301603;37.66645187
55.71150711;37.66609622
55.71311863;37.66365294
55.83522079;37.48400338
55.79281619;37.78379377
55.76245806;37.73478489
55.76092506;37.73690296
55.65735981;37.77821305
55.68464954;37.70943997
55.68447695;37.70530251
55.6871359;37.68246978
55.67789286;37.68555547
55.59643944;37.58762434
55.70339327;37.6612353
55.70313395;37.66224849
55.67843726;37.68554388
55.79381158;37.6932012
55.7895197;37.68011946
55.79222255;37.65904472
55.58898692;37.61070682
55.79303766;37.63875294
55.81640699;37.72529645
55.81400688;37.72143631
55.79326729;37.65551293
55.81181382;37.71859787
55.79200841;37.66144657
55.80755561;37.71957217
55.80263124;37.704425
55.80528764;37.71654628
55.80436519;37.71220904
55.80270245;37.70370573
55.80549254;37.71869199
55.80718106;37.71999025
55.80966373;37.71634453
55.81291481;37.72030337
55.81641897;37.7257618
55.73564882;37.65666735
55.73908464;37.65331306
55.7355263;37.65614072
55.79540062;37.70819217
55.77751623;37.7210489
55.77483293;37.72350581
55.77212092;37.72598372
55.76972863;37.728146
55.76708276;37.73051109
55.76745829;37.73746591
55.76983416;37.74245306
55.76523444;37.73920132
55.76793233;37.73045387
55.77058636;37.72807227
55.77285583;37.72598091
55.77521619;37.72379934
55.77763151;37.72161155
55.78077978;37.71570636
55.58956226;37.60715423
55.58918524;37.61001945
55.70375412;37.64163723
55.70410757;37.64274376
55.75074053;37.53494094
55.62376143;37.60928434
55.80327726;37.82398763
55.80342441;37.81792635
55.80333473;37.81153194
55.80324328;37.80463762
55.80316028;37.79785239
55.80241271;37.79495385
55.80304754;37.78911176
55.80333686;37.78055584
55.80705579;37.76940256
55.80378443;37.75854367
55.80040737;37.73957809
55.79932431;37.73344336
55.79827834;37.72723979
55.79749214;37.72277348
55.68127848;37.62379262
55.79720775;37.72319242
55.79924809;37.73497365
55.80009134;37.73999741
55.80223171;37.76074885
55.80218456;37.757599
55.80234904;37.76963232
55.80217882;37.77543318
55.8022689;37.78401125
55.80239071;37.78876413
55.80308322;37.79249714
55.80255905;37.80000673
55.80259245;37.8037045
55.80268962;37.81293139
55.80307886;37.82584464
55.79248361;37.65360601
55.75026894;37.53435018
55.82659032;37.76629688
55.72292752;37.6633683
55.71682013;37.66380088
55.67546205;37.68773487
55.67504039;37.69388433
55.67608251;37.69777275
55.67844189;37.70466944
55.67991571;37.70700443
55.71833839;37.66393432
55.67523615;37.69381412
55.79327072;37.79854007
55.76553704;37.661022
55.76697306;37.6648434
55.7686015;37.66803669
55.7797359;37.44847463
55.79073797;37.66054062
55.7869912;37.67282824
55.78822453;37.66983643
55.87764044;37.44421348
55.78899652;37.66455016
55.78935659;37.66594158
55.82475485;37.82475659
55.75807594;37.65740569
55.82809627;37.82455618
55.76417304;37.65717878
55.83399967;37.57252044
55.83343991;37.57308126
55.58548271;37.69163975
55.64428288;37.63981386
55.81840872;37.82755046
55.81460781;37.8280948
55.81003305;37.7871263
55.80996747;37.78398802
55.80899848;37.778069
55.80964784;37.78384118
55.78229457;37.67203621
55.80981233;37.78910682
55.79499915;37.70972651
55.81041084;37.79622909
55.81062482;37.80346085
55.804173;37.75783557
55.81484581;37.82896334
55.80691981;37.77023226
55.81692733;37.8272529
55.78752424;37.67970328
55.78537753;37.68492961
55.78395336;37.6883875
55.78289154;37.69500718
55.7600467;37.73700047
55.78320645;37.69498508
55.78744325;37.68024912
55.80425988;37.81886944
55.80780154;37.8180954
55.81054678;37.81670981
55.80853933;37.77483928
55.80529262;37.76185647
55.80528901;37.76433166
55.81039741;37.81061171
55.78780647;37.67022664
55.78723151;37.67455039
55.78539401;37.67551903
55.76940324;37.66899248
55.76536253;37.65978591
55.7636544;37.65617699
55.6771319;37.56431892
55.75764314;37.61416909
55.66649269;37.58142435
55.66310176;37.58076005
55.66166249;37.58501626
55.66031803;37.58869032
55.65775304;37.59538996
55.65598083;37.59810619
55.64763684;37.59836188
55.64387078;37.5944741
55.63935559;37.60230792
55.64370888;37.59475958
55.64755338;37.59862932
55.65176343;37.59856808
55.65705717;37.59772679
55.65891864;37.59299848
55.65121476;37.59828511
55.66189863;37.58484013
55.66638332;37.58190274
55.67524342;37.57109243
55.67315429;37.65796175
55.67074529;37.65452966
55.66809569;37.65542903
55.66565411;37.64661639
55.6644382;37.64057313
55.66617837;37.64974915
55.66804404;37.64823199
55.67033805;37.64942953
55.67481981;37.65477804
55.6729802;37.65800635
55.67202048;37.66186731
55.6692614;37.66124841
55.6723714;37.66319533
55.58572855;37.68834113
55.73688505;37.43257783
55.85189815;37.45044185
55.56284902;37.58398151
55.67848646;37.5949708
55.68109532;37.59237588
55.67644098;37.66289876
55.68317989;37.58783058
55.68604568;37.5795099
55.73691508;37.43227268
55.68582763;37.57791331
55.68252033;37.58804465
55.68074268;37.59284878
55.67908563;37.59496309
55.67501607;37.59063849
55.66249636;37.59804639
55.64498635;37.60024228
55.64468747;37.60626059
55.66903181;37.59137717
55.67375149;37.59641633
55.82276901;37.80169952
55.80214737;37.79881852
55.82849329;37.81729439
55.79891014;37.79900687
55.82860692;37.8203101
55.79702218;37.79321497
55.82429743;37.82515812
55.7969503;37.78735717
55.67719833;37.56413149
55.7969154;37.78390659
55.79555505;37.78243382
55.79231927;37.78310985
55.79627069;37.7846629
55.7963304;37.78855985
55.79646323;37.79448883
55.79760594;37.79940346
55.79958172;37.79934385
55.62997255;37.80005879
55.82327585;37.80725908
55.8004352;37.81877639
55.79734079;37.81755038
55.79730145;37.81350299
55.79718783;37.80461084
55.79318347;37.78309673
55.7948362;37.78280566
55.7965311;37.79992668
55.79659681;37.80616127
55.79667511;37.81316609
55.79673513;37.81784216
55.79953224;37.81908845
55.80121452;37.81904181
55.79710521;37.79840516
55.8201876;37.79786651
55.81599867;37.79809605
55.81153522;37.79828529
55.80823515;37.79852112
55.82894456;37.81666249
55.77860272;37.61683998
55.77930654;37.61339067
55.78053319;37.60917231
55.77897066;37.62313801
55.77826007;37.62996712
55.81751074;37.82276064
55.81736083;37.81704597
55.81727982;37.81441317
55.81652185;37.8116158
55.8130596;37.81194702
55.81684256;37.79597266
55.81681835;37.79200129
55.81795324;37.78556924
55.81969467;37.78553429
55.81927079;37.78051863
55.8161096;37.7785018
55.81127219;37.77308169
55.80853881;37.76280331
55.79805013;37.72800917
55.8116184;37.77502795
55.81992659;37.78479557
55.81662697;37.78634635
55.81667197;37.79394307
55.81673417;37.79980077
55.81700232;37.81222646
55.81718225;37.81759516
55.80430819;37.79866967
55.8173538;37.82349092
55.80488489;37.79909647
55.72595944;37.42365015
55.80841509;37.79886618
55.64545211;37.60687417
55.81902399;37.79829572
55.64545858;37.60229543
55.82030553;37.79830101
55.65906829;37.59422472
55.8275501;37.80921617
55.66400331;37.60012953
55.82587402;37.80830957
55.67548112;37.59166731
55.82875965;37.81945745
55.74719396;37.80595146
55.75011322;37.80043469
55.75386205;37.79825469
55.76040476;37.79418271
55.76430045;37.79127315
55.6610862;37.78033674
55.76064757;37.76557231
55.81988781;37.79920494
55.81986124;37.80576282
55.8199505;37.8109781
55.82011646;37.81939081
55.82027674;37.8245273
55.79034139;37.65665925
55.77596655;37.68295238
55.76604085;37.83249816
55.76415921;37.83240047
55.76106471;37.83221243
55.75490527;37.83183005
55.7501962;37.82720817
55.75079307;37.82332277
55.75804588;37.83204854
55.75147337;37.81912868
55.75118078;37.81667888
55.64186635;37.79441321
55.73785264;37.82117476
55.73697661;37.82550111
55.73468561;37.82911151
55.73159352;37.82943089
55.72635139;37.82840166
55.72301749;37.82566241
55.67843042;37.60333058
55.56851655;37.59106054
55.71645968;37.81936534
55.74184716;37.86356401
55.72353467;37.82674789
55.72631522;37.82889242
55.73272506;37.83005008
55.73562054;37.82895826
55.73754677;37.82445445
55.73836905;37.82009651
55.74674944;37.8153843
55.75069492;37.81719041
55.7502739;37.82531098
55.7499859;37.82726798
55.75134914;37.83198957
55.75574718;37.8323246
55.76199132;37.83263975
55.7646234;37.83278904
55.76695018;37.8334824
55.91535604;37.54505525
55.76224856;37.83979366
55.68043988;37.60748338
55.67844407;37.60286577
55.75716562;37.83952646
55.75374963;37.83931311
55.75012191;37.83400814
55.75428426;37.83962689
55.75736909;37.83982464
55.76276537;37.84011619
55.67526521;37.59767104
55.91455284;37.54647667
55.76760374;37.83006728
55.75883828;37.83245365
55.76812204;37.82274236
55.76445324;37.82228574
55.91509279;37.54665694
55.75488915;37.81858992
55.75913395;37.82050191
55.76510703;37.82270063
55.76745056;37.82427468
55.76735946;37.83042744
55.73822257;37.82882469
55.74171329;37.83106761
55.74463711;37.82931629
55.7448216;37.82447717
55.74390493;37.82025358
55.74404603;37.82180223
55.74473469;37.82587748
55.74405964;37.83004246
55.65717943;37.61919317
55.74156549;37.83061934
55.72255926;37.81370154
55.73792811;37.82826554
55.72424162;37.81891804
55.75781587;37.82638181
55.75271071;37.8180434
55.75073036;37.83159055
55.75741327;37.82807024
55.72232807;37.82329319
55.70897751;37.66235117
55.72463492;37.81875436
55.72231984;37.81291462
55.75865822;37.82077788
55.75837443;37.82101828
55.74391416;37.81358738
55.71639287;37.81958427
55.74547191;37.80838573
55.67249529;37.59470908
55.82590319;37.8306243
55.82305703;37.83298369
55.8204136;37.82322131
55.82061153;37.83341561
55.82028076;37.81643436
55.82011929;37.8098834
55.81997621;37.80433114
55.68041822;37.60798575
55.7540053;37.75948503
55.7517489;37.76092975
55.74890761;37.76271912
55.74626624;37.76463916
55.74211269;37.76738419
55.73874199;37.76964486
55.7377631;37.76537386
55.73764657;37.76664502
55.7668931;37.83980199
55.65302427;37.75612803
55.76566605;37.78857598
55.76593855;37.79167768
55.76657665;37.79487908
55.76757574;37.80013508
55.81579666;37.40639641
55.74636679;37.8266681
55.75198772;37.8157376
55.75315311;37.80756141
55.7537975;37.80291427
55.74509246;37.79747386
55.74265704;37.78809074
55.74124239;37.78457205
55.73924145;37.77944604
55.73855561;37.77285235
55.74056277;37.76145931
55.74337111;37.76141761
55.74690342;37.76137419
55.7483948;37.75688556
55.75390004;37.7534124
55.75675427;37.75167676
55.76367232;37.74560796
55.7775349;37.74315905
55.77792934;37.74206787
55.77739576;37.7370775
55.77702014;37.73307617
55.77701837;37.7345739
55.77730764;37.73799763
55.77774794;37.74197244
55.74130345;37.78522856
55.77622047;37.74379412
55.74474194;37.79936283
55.76288653;37.74527664
55.75348361;37.79906856
55.7568409;37.75130752
55.75248419;37.75391137
55.76271167;37.79204692
55.74822737;37.75655048
55.74672294;37.76105984
55.75681855;37.79615268
55.75251156;37.79858817
55.74306106;37.76116656
55.76336695;37.77893608
55.74007909;37.7611555
55.75283133;37.80839153
55.73828445;37.77379496
55.75207427;37.81391128
55.73915419;37.78014575
55.8153839;37.59981677
55.74615652;37.82438457
55.75327706;37.82722438
55.75349177;37.82441929
55.75473652;37.81720901
55.75529819;37.81315107
55.75624733;37.80629023
55.75802931;37.7957881
55.75959981;37.79328413
55.75765943;37.75161957
55.75208986;37.79023792
55.75927061;37.75846418
55.75164495;37.78449706
55.75516738;37.7824687
55.76244757;37.77431305
55.75793372;37.78067872
55.76180559;37.77799591
55.76212848;37.77829116
55.75680621;37.78095834
55.75447989;37.78233857
55.75089231;37.78559773
55.75879769;37.79488646
55.75723829;37.797659
55.75587419;37.80725337
55.75475185;37.81504181
55.75309952;37.82728261
55.75375002;37.82383792
55.74469546;37.81673633
55.76760207;37.83811803
55.77076321;37.84049266
55.77465731;37.83538282
55.77339206;37.83028505
55.77212587;37.82570013
55.77360334;37.83187029
55.77421403;37.83754751
55.77007957;37.84024429
55.74430657;37.81717749
55.74484875;37.81422392
55.73930995;37.76962311
55.74275809;37.76734556
55.74649875;37.76488388
55.74906366;37.76315911
55.75435999;37.75964301
55.7486779;37.80320391
55.74790415;37.80532883
55.74540032;37.808072
55.76787701;37.79968963
55.76656583;37.79314704
55.76499617;37.79029256
55.81812993;37.76811245
55.81809511;37.74508849
55.82074132;37.7515293
55.82362434;37.75718729
55.82486959;37.75983134
55.82648992;37.7629761
55.82551992;37.76575738
55.81860803;37.76685404
55.81768032;37.76835511
55.81446116;37.77147288
55.81245216;37.77349986
55.81048327;37.78142986
55.78871541;37.74930866
55.78892654;37.74679219
55.78847645;37.74993978
55.74359412;37.77343739
55.75731915;37.78173122
55.74614198;37.77569544
55.74534974;37.7930211
55.74539955;37.78883106
55.74507324;37.79403009
55.7460973;37.78056821
55.74567351;37.77425666
55.77697737;37.7626867
55.74280075;37.77250072
55.77684944;37.75767325
55.77659044;37.74798803
55.739465;37.77111137
55.77649564;37.74899299
55.82291392;37.80439218
55.77671297;37.75729234
55.77685953;37.76394322
55.75087212;37.78383291
55.75015859;37.77856734
55.74866028;37.77039972
55.74831647;37.7719626
55.75003185;37.78080532
55.74747854;37.76748033
55.75062621;37.77961005
55.75495024;37.77698679
55.75692547;37.77569057
55.7601812;37.77376065
55.75948546;37.77369696
55.75674346;37.7753731
55.7542742;37.77692313
55.74803703;37.7670352
55.77973669;37.83763025
55.77780857;37.82950444
55.77709713;37.82631915
55.77488924;37.81946094
55.74401422;37.78903027
55.74648398;37.78754894
55.75230578;37.79275805
55.77365686;37.81963053
55.76237463;37.77393532
55.76860921;37.82205003
55.77342758;37.82008563
55.77550098;37.82053794
55.77703073;37.82720535
55.77814792;37.83187187
55.7793466;37.83707457
55.78113474;37.83852465
55.82195596;37.82597611
55.82744897;37.82812166
55.82500785;37.83117668
55.81696838;37.80225678
55.81708411;37.80661373
55.81127536;37.81820556
55.8121679;37.82870436
55.8081634;37.82944791
55.80781735;37.82979693
55.81207354;37.82956176
55.81214188;37.8220399
55.81155832;37.81774103
55.81684854;37.80419221
55.82032492;37.82709762
55.82042392;37.8330394
55.82773008;37.82806334
55.81188826;37.82290848
55.81314376;37.83324683
55.80327582;37.83945142
55.78075057;37.84187711
55.74994394;37.83090364
55.73803085;37.8162837
55.71708026;37.79337383
55.73317441;37.81173258
55.71925996;37.78508655
55.72907409;37.80627452
55.72088453;37.79103982
55.72714499;37.80338244
55.72528432;37.80118093
55.7251132;37.80044692
55.72749271;37.80442029
55.72099377;37.79008096
55.72958293;37.80751909
55.71826379;37.78602897
55.73388384;37.81283618
55.73768291;37.81643262
55.77469295;37.8369057
55.7807784;37.84272043
55.80344745;37.84025187
55.81347106;37.83258588
55.81270814;37.82641939
55.64237842;37.79348377
55.81038307;37.78185782
55.81505475;37.77135854
55.75342791;37.80414891
55.7524258;37.81792804
55.71559893;37.79724665
55.69572509;37.73365284
55.69193552;37.73509164
55.75409795;37.81791937
55.68913775;37.73613826
55.7533814;37.79738713
55.69196983;37.73544798
55.75013327;37.78494541
55.69660333;37.73377478
55.74527454;37.78782929
55.70872503;37.79479123
55.7397276;37.7715805
55.70511447;37.79368623
55.70074245;37.79228803
55.73000447;37.44715883
55.74081344;37.72101184
55.73795926;37.7212764
55.73488964;37.74312026
55.73619827;37.74901009
55.7369388;37.75272467
55.64648457;37.72470134
55.64636182;37.72004729
55.76422649;37.40816538
55.64836231;37.71452455
55.89574747;37.61122342
55.80999692;37.80048404
55.73888568;37.4929854
55.84793236;37.57565917
55.73569041;37.48044408
55.70962415;37.44771584
55.68975319;37.7362564
55.66555211;37.74075516
55.64785115;37.71344224
55.64621458;37.72074207
55.83617369;37.3553234
55.90576726;37.57520317
55.90569925;37.58255684
55.64613507;37.71453937
55.90596751;37.58047212
55.86618046;37.70452725
55.86657588;37.70327143
55.74042886;37.49837249
55.73783049;37.48905607
55.67020276;37.51957884
55.73470883;37.47524978
55.73378111;37.47019651
55.76916656;37.65140374
55.76989434;37.65178119
55.76961389;37.65929912
55.769631;37.66440772
55.76956254;37.66864794
55.76843078;37.67244226
55.76420679;37.67389684
55.76452334;37.67437344
55.73487675;37.67037214
55.73794835;37.67259894
55.74348693;37.67741908
55.70381386;37.70363196
55.70136002;37.70706172
55.69386196;37.71348043
55.70361646;37.70472964
55.70343571;37.70844651
55.68979976;37.72646069
55.71167756;37.49055562
55.71007351;37.48954737
55.70802425;37.48508517
55.74802655;37.64274339
55.69020035;37.47159076
55.68176509;37.48068109
55.67761138;37.48907634
55.67909867;37.49143433
55.67957905;37.49890002
55.67582593;37.50510115
55.6191488;37.6650784
55.67755699;37.50542496
55.70804291;37.48668734
55.67936867;37.50120398
55.71137227;37.49064072
55.74473192;37.50893247
55.68039154;37.49561066
55.7360951;37.46104868
55.67939288;37.49227159
55.73827682;37.46353812
55.67723929;37.48784692
55.74460511;37.50795787
55.68474394;37.47844124
55.7479808;37.49428666
55.68255717;37.48083383
55.65048026;37.72675155
55.64310144;37.72547348
55.65248671;37.72219113
55.65267991;37.7223691
55.74621764;37.64181778
55.64991655;37.72649275
55.69153668;37.47054392
55.64854557;37.72658252
55.64251317;37.71045952
55.64220311;37.71574551
55.64737345;37.7106591
55.64775391;37.71055123
55.65459795;37.72312587
55.64254287;37.71969146
55.70866815;37.4630466
55.64331415;37.72601282
55.64270788;37.7189083
55.71152578;37.77847192
55.70882639;37.78244223
55.70807991;37.78840047
55.70814762;37.78916914
55.70916291;37.78158843
55.71777143;37.77861463
55.72299572;37.79575732
55.67574538;37.79650779
55.68185437;37.7804016
55.68223812;37.77157966
55.68204456;37.76643889
55.68129266;37.75459333
55.68088988;37.74879742
55.68062789;37.7443615
55.68010443;37.73953016
55.68084183;37.75026888
55.68125348;37.75702256
55.68203246;37.76879508
55.6819356;37.77280786
55.68144943;37.77893203
55.67541452;37.79669263
55.6727934;37.80605681
55.67311933;37.80498869
55.798412;37.82350258
55.79998335;37.81242905
55.78816589;37.78235316
55.79337894;37.77527377
55.79541903;37.7692363
55.79835481;37.77526392
55.80108582;37.77500922
55.80712096;37.77317868
55.80430362;37.77394751
55.80200286;37.77460109
55.79803774;37.77468238
55.7925584;37.77678197
55.79127844;37.77767965
55.7990022;37.8122336
55.80232663;37.81207712
55.67617057;37.77379088
55.74524225;37.67860398
55.74318985;37.67672405
55.74057473;37.67422608
55.73521976;37.67026601
55.71342554;37.73116727
55.69464194;37.71292432
55.69784729;37.71024831
55.70175426;37.70763638
55.70351211;37.70889082
55.66645041;37.74106434
55.67289631;37.73997727
55.67193055;37.73956151
55.74897215;37.58305759
55.75840294;37.58534268
55.7627946;37.58784777
55.76547474;37.59051657
55.76682176;37.59253988
55.70882105;37.74787268
55.7115511;37.7545012
55.77340269;37.61993904
55.71240267;37.75771046
55.76965974;37.64497239
55.71032767;37.76409829
55.76619805;37.65272835
55.71561477;37.77557183
55.76058617;37.65715575
55.77315075;37.61335605
55.75415164;37.65637608
55.74882594;37.65536784
55.75543694;37.73793338
55.80626901;37.61533679
55.71429739;37.69242871
55.80619273;37.61581042
55.71192126;37.68310106
55.65022412;37.50783522
55.75767027;37.68511368
55.64385958;37.50742181
55.63960312;37.50469853
55.67673339;37.77392513
55.64202058;37.50505387
55.7934097;37.63493824
55.63876999;37.5239543
55.64724839;37.53027553
55.64938303;37.53267648
55.66117988;37.54532413
55.64760638;37.51247984
55.60103462;37.67113798
55.6826964;37.56846467
55.69644532;37.57769569
55.70247867;37.57982328
55.70531615;37.58099706
55.70089864;37.5786431
55.69599922;37.57688159
55.60964681;37.66494143
55.66369613;37.54727144
55.66113592;37.54454132
55.65764452;37.54083424
55.64998543;37.53259647
55.64627708;37.52871177
55.63782427;37.52261331
55.63615782;37.51416069
55.6421825;37.505663
55.64472149;37.50895139
55.65044738;37.50784829
55.65690318;37.49298716
55.75430749;37.7085669
55.7592608;37.69359889
55.75718541;37.69963718
55.82346959;37.61571397
55.64157785;37.52535025
55.88841018;37.64133471
55.6711271;37.55536585
55.60831689;37.66556983
55.77595594;37.81972899
55.77900401;37.82142089
55.7806228;37.82818846
55.78151355;37.83190539
55.78253133;37.8362622
55.64053936;37.53312577
55.64320708;37.54193138
55.6730845;37.61140715
55.64244035;37.54083177
55.64014288;37.53557798
55.64161975;37.53020277
55.58901459;37.54573506
55.63648362;37.54303068
55.64036197;37.53936084
55.73014069;37.74554723
55.73113482;37.73951151
55.73594202;37.70256917
55.73714647;37.69354559
55.7375877;37.68890036
55.73809087;37.68310895
55.73259172;37.71547628
55.73213758;37.71564073
55.64936168;37.54991696
55.74069333;37.41606537
55.73933674;37.67107334
55.73096293;37.72241285
55.7398219;37.66462934
55.7308465;37.73952061
55.72757679;37.75497205
55.72537038;37.77332954
55.73913859;37.66995901
55.70984393;37.80454707
55.73677082;37.69428242
55.70746493;37.81134971
55.72104931;37.82613561
55.71934886;37.83134997
55.77552831;37.65623168
55.7180247;37.81529216
55.77978067;37.81979395
55.73344657;37.71050807
55.78947034;37.81953119
55.79237921;37.81944653
55.78854438;37.81844166
55.74277115;37.4049684
55.74971751;37.40163168
55.75117728;37.40385474
55.77100224;37.39658597
55.74934242;37.40072534
55.793676;37.50969493
55.74224756;37.40549181
55.70274443;37.6739669
55.70288902;37.67036758
55.70306984;37.67018879
55.70295735;37.67349096
55.70251267;37.68090224
55.7040403;37.68507018
55.70353064;37.68384622
55.70268309;37.68128679
55.88430154;37.60079259
55.7930326;37.819138
55.7357904;37.41184215
55.7329883;37.41178382
55.73058064;37.41236763
55.7305506;37.41773889
55.72967841;37.42375877
55.72789842;37.42345039
55.73264299;37.41210979
55.73607064;37.41217461
55.78196425;37.3584677
55.74932512;37.40882947
55.74698554;37.40526994
55.86445004;37.54496178
55.73979026;37.41420988
55.74753454;37.40651389
55.7496397;37.40963434
55.78225393;37.35935476
55.74033924;37.58461639
55.71136495;37.58604983
55.78120727;37.82991498
55.72821252;37.80942865
55.72698414;37.81291763
55.79447076;37.79995624
55.79708498;37.79449719
55.79972428;37.79388797
55.80907399;37.78759783
55.80854082;37.78190075
55.80421331;37.78211175
55.80257919;37.78187668
55.79884243;37.78204104
55.67730509;37.5654585
55.79924214;37.7824016
55.80257795;37.78241886
55.80462926;37.78236913
55.80892599;37.7822006
55.80876382;37.7873759
55.7883972;37.78475733
55.8023004;37.79354734
55.79859971;37.79364706
55.73180786;37.45664192
55.7274845;37.44562262
55.72752158;37.4411296
55.72760086;37.43424036
55.72841311;37.42977346
55.73190662;37.42742797
55.7339834;37.40918023
55.73445746;37.40475474
55.73758589;37.39895282
55.73980587;37.39496457
55.74231599;37.40006645
55.73730056;37.64215501
55.74293856;37.63934422
55.77921355;37.45007386
55.74546341;37.63704007
55.6894759;37.54835888
55.75277449;37.59050919
55.69965038;37.80873582
55.70498014;37.81677456
55.5841339;37.47184878
55.70232839;37.81430461
55.68942519;37.54724717
55.75288904;37.59482529
55.82315493;37.6413247
55.70240184;37.79162342
55.70273154;37.78717281
55.74442514;37.64034138
55.70360058;37.78061713
55.74279802;37.64188104
55.70429814;37.77517983
55.73845116;37.64469998
55.7058333;37.76341955
55.70691964;37.75548505
55.75046508;37.42138822
55.73539592;37.6429961
55.70796543;37.74919983
55.7090968;37.7401062
55.72744272;37.43552489
55.72733181;37.44431479
55.73660344;37.46761469
55.73803887;37.47339606
55.7337163;37.40756948
55.71349564;37.7182148
55.71889829;37.69317557
55.71674686;37.68565768
55.71539089;37.67589668
55.71448587;37.66985773
55.71406559;37.66567727
55.70932507;37.66162291
55.71533297;37.67654415
55.71631362;37.68495362
55.71910578;37.69519944
55.71312751;37.71830388
55.70849129;37.73977936
55.70704354;37.7508308
55.70653808;37.75549092
55.70555657;37.76341554
55.70401267;37.77505996
55.70324554;37.78073291
55.70242052;37.78708347
55.70158108;37.79133486
55.69749664;37.80654451
55.69983258;37.80976496
55.72019038;37.69854252
55.71075601;37.66441808
55.70242971;37.81402302
55.71563637;37.8175079
55.71758697;37.81039394
55.71858639;37.80741913
55.71998839;37.80332412
55.71996259;37.7981738
55.7186992;37.78537583
55.73384181;37.71087837
55.73763623;37.68533692
55.73722943;37.68932655
55.7194684;37.80414314
55.71817375;37.80802886
55.71670283;37.81249686
55.69582594;37.80410551
55.6967719;37.79888194
55.70890019;37.81093602
55.71181618;37.814107
55.71380768;37.81065621
55.71548885;37.8041024
55.71637531;37.79967596
55.71151434;37.81340979
55.70042257;37.73239665
55.70175711;37.73249828
55.7162974;37.70980447
55.71548287;37.71122153
55.73930947;37.47858277
55.73882046;37.48370869
55.7296497;37.42955567
55.73661187;37.4846376
55.73572665;37.47991394
55.73501837;37.47593658
55.73342593;37.46715086
55.73249488;37.4620873
55.73174339;37.42852714
55.74393078;37.54602743
55.79164409;37.67892346
55.73768383;37.65764767
55.74555199;37.56780313
55.78847234;37.57035916
55.79036391;37.57294407
55.73820634;37.52547699
55.73690645;37.51869288
55.79392723;37.58854291
55.75049954;37.59990398
55.73429133;37.50459613
55.74721298;37.59924407
55.7325472;37.49505901
55.74258878;37.59565609
55.67824153;37.59771843
55.73785536;37.58426798
55.6778105;37.59762986
55.73658992;37.58144805
55.73476846;37.57739339
55.79175538;37.67237323
55.73363334;37.57496568
55.69971306;37.74012934
55.6992891;37.73521979
55.72353454;37.69320406
55.82037789;37.8708661
55.72827549;37.67937668
55.72990815;37.67549895
55.73192352;37.67190859
55.75752344;37.43226034
55.73816224;37.66158748
55.73789486;37.66115091
55.75445457;37.43277733
55.72930615;37.67582232
55.84355952;37.556921
55.72756223;37.68027624
55.72264814;37.69465048
55.6991635;37.73608352
55.69957319;37.74121489
55.75203139;37.40481501
55.73001145;37.7482485
55.79458405;37.57027508
55.73188964;37.57161499
55.73378666;37.57592418
55.7352908;37.57938604
55.79430434;37.79887804
55.74318204;37.6526078
55.74526917;37.64882263
55.77149861;37.40625985
55.81130853;37.39828376
55.74816924;37.63855688
55.7500158;37.62668154
55.74731607;37.6109329
55.74427754;37.60759198
55.74570804;37.60505528
55.86122583;37.69177994
55.74932594;37.63287284
55.74784705;37.63862828
55.73975488;37.58600826
55.74820963;37.64613014
55.74547212;37.64845566
55.74193666;37.65269182
55.74577398;37.78633679
55.74696441;37.78185777
55.75139672;37.71578305
55.80322417;37.61546203
55.80811121;37.39608961
55.80410911;37.61596152
55.81286829;37.39670529
55.813916;37.39218053
55.74718588;37.69038525
55.74845421;37.7024495
55.74949278;37.77986065
55.74741417;37.67078763
55.74867802;37.67586956
55.75207558;37.67831401
55.75208992;37.67815638
55.74899484;37.67572408
55.74740161;37.67056031
55.748581;37.70409522
55.84488708;37.50060492
55.7457741;37.78285359
55.84730204;37.49901087
55.85197755;37.4956468
55.84698393;37.49898766
55.75150237;37.7161645
55.69723772;37.78840553
55.69774205;37.78445052
55.73191288;37.49393446
55.69851727;37.77862294
55.73418788;37.50634387
55.69912271;37.77394351
55.73644632;37.58193026
55.7001091;37.76653409
55.73791885;37.58508642
55.70109116;37.75906229
55.74538794;37.60152219
55.74754344;37.60026299
55.70094109;37.75397304
55.75046164;37.60094229
55.70087369;37.75533369
55.79113293;37.5714981
55.79512456;37.57828287
55.73851191;37.65711806
55.67960601;37.55271694
55.72395253;37.45195304
55.67491488;37.5477087
55.67185362;37.54858577
55.73620401;37.51904937
55.66849996;37.56548332
55.74835509;37.55990703
55.78390853;37.68968162
55.78567965;37.6845965
55.72923176;37.54530534
55.73162346;37.53308213
55.73086228;37.53636473
55.74871068;37.55974764
55.7943853;37.5706048
55.76360672;37.6548892
55.76174626;37.651372
55.75749124;37.63272438
55.74799017;37.7192835
55.7445732;37.72146167
55.74511174;37.72148353
55.74854517;37.71932793
55.74947527;37.71761493
55.7502275;37.71388694
55.74728589;37.66008502
55.75011369;37.64301138
55.74804669;37.64880165
55.74888119;37.42455958
55.75843886;37.64049029
55.76184261;37.65197511
55.82722609;37.35203944
55.84329043;37.55697559
55.82218226;37.58867695
55.76328541;37.65478791
55.69829368;37.52779316
55.70214192;37.52104877
55.72532678;37.67070134
55.72181861;37.67352898
55.73288194;37.66402538
55.73588924;37.65999115
55.72009689;37.50102603
55.71966576;37.50081745
55.70104637;37.52220525
55.70896338;37.65774794
55.75735511;37.63290904
55.69751984;37.5283406
55.87373993;37.52851198
55.67533665;37.56987636
55.67253799;37.5686638
55.82238054;37.5888272
55.69089542;37.45060968
55.69699084;37.4608603
55.70107132;37.45981812
55.70331085;37.45839888
55.87786008;37.69245938
55.70309089;37.46252778
55.70285391;37.47385651
55.70536384;37.48132649
55.70896886;37.48035574
55.71019288;37.47592333
55.71130439;37.47382684
55.71346684;37.47752615
55.71948281;37.48337967
55.72521556;37.49399412
55.69176283;37.53407416
55.72513934;37.49336843
55.71944341;37.48292431
55.71353378;37.47652174
55.71017172;37.47523253
55.70527177;37.48068948
55.70260801;37.47134547
55.70276503;37.46294512
55.87797065;37.69300738
55.68441771;37.62357841
55.69878521;37.46059199
55.69737785;37.4609035
55.75832244;37.59824908
55.6904191;37.44972425
55.80340818;37.53520626
55.66897614;37.56489397
55.80028523;37.54297242
55.79712623;37.54898959
55.83686083;37.53760115
55.78882216;37.56988588
55.67239648;37.54949705
55.6756522;37.54883718
55.6796204;37.5531251
55.71407094;37.66799864
55.80091226;37.54218954
55.75861054;37.59987548
55.76184457;37.60308842
55.76425095;37.6054466
55.76233934;37.60213319
55.72808289;37.66893307
55.89849448;37.58830501
55.86391785;37.52888733
55.72144148;37.52635477
55.71379638;37.52420844
55.71373521;37.52225429
55.71290637;37.5111841
55.71789828;37.5200971
55.81273036;37.60384025
55.81264718;37.6036226
55.68570466;37.52173362
55.77668821;37.71516642
55.68382241;37.51835324
55.68986856;37.52919327
55.71586499;37.51646301
55.69288047;37.53467043
55.77785081;37.71841431
55.66300243;37.4843318
55.67916009;37.51031044
55.67599411;37.50461842
55.66764438;37.48794958
55.74093399;37.48235303
55.71657826;37.56815855
55.71885904;37.57126694
55.72253557;37.57623397
55.73231919;37.59273749
55.74123617;37.59839908
55.73869824;37.59557233
55.73193227;37.59159032
55.72195568;37.57472654
55.71010675;37.50764475
55.74401026;37.60163311
55.73381334;37.43121508
55.70913575;37.50761446
55.7338932;37.42318933
55.73389267;37.41785937
55.73405188;37.40215251
55.73407401;37.3932171
55.73321018;37.38595577
55.73291794;37.38392388
55.7325317;37.38324587
55.73318468;37.3870655
55.73382088;37.39473768
55.73374259;37.40246543
55.733633;37.41915975
55.69730759;37.78636742
55.69709041;37.78796443
55.69666031;37.82325641
55.70024295;37.76372479
55.70087024;37.75932188
55.73357994;37.42583839
55.73358471;37.43117303
55.65486124;37.7121858
55.65510553;37.71631757
55.65780677;37.73089693
55.66988239;37.74046728
55.71778155;37.68930494
55.7179093;37.69067556
55.7483091;37.64624074
55.65367324;37.7200265
55.65569713;37.71562279
55.65473324;37.71166494
55.65146981;37.70882792
55.71520495;37.73797529
55.71403247;37.73361272
55.71445255;37.73589486
55.72818824;37.61138998
55.71546881;37.73973911
55.72114492;37.47065948
55.72232354;37.47557791
55.72358195;37.47888312
55.64972918;37.57744495
55.65016343;37.57616472
55.65148197;37.57984949
55.65163685;37.56912417
55.70595839;37.81785805
55.86483832;37.43641137
55.69333547;37.7451119
55.71202703;37.81815971
55.69678556;37.79008044
55.66895773;37.50050549
55.86522835;37.43707263
55.66483792;37.50725092
55.71794203;37.77831481
55.67126113;37.49687662
55.71506724;37.77566212
55.67357971;37.50111119
55.71116105;37.76240482
55.67351504;37.5000367
55.71233541;37.75664483
55.67126174;37.49609656
55.71137341;37.75274432
55.66863561;37.50033925
55.69265135;37.73640221
55.66446035;37.50709295
55.69301812;37.7407805
55.65130385;37.56969213
55.80681789;37.45857237
55.66752018;37.48881455
55.68338984;37.51911848
55.68626093;37.52421353
55.68939271;37.52986761
55.6922065;37.53492873
55.69881721;37.77489022
55.69806339;37.78056222
55.6469761;37.72970035
55.72325733;37.38337179
55.72255785;37.38873139
55.64800865;37.72692038
55.70822685;37.73011448
55.7247397;37.39667203
55.72289178;37.38755197
55.72503124;37.39805297
55.7234374;37.38339429
55.67084065;37.7650359
55.8185345;37.39450486
55.65507948;37.72420785
55.6722625;37.74051019
55.67268805;37.74715964
55.67562105;37.74921896
55.68445524;37.75109965
55.68700489;37.75304621
55.68663529;37.75236607
55.68365954;37.75011699
55.67524402;37.7488742
55.67279617;37.74603827
55.67356933;37.76636394
55.67738674;37.75828866
55.67778439;37.75293217
55.67730974;37.74502547
55.67699522;37.74902357
55.67633818;37.73882293
55.68060863;37.7385075
55.67766033;37.72794763
55.67572741;37.72654038
55.67331318;37.72516765
55.67031757;37.72343219
55.66696018;37.7203204
55.67396031;37.7231029
55.67777392;37.72358082
55.68233882;37.72438354
55.68536129;37.73759485
55.69159557;37.72208559
55.70436722;37.72741563
55.70506589;37.72706971
55.68995102;37.7202122
55.68113893;37.72412353
55.67878766;37.72356049
55.67438785;37.72293362
55.66569432;37.7201477
55.67081128;37.72399205
55.67917908;37.72849681
55.67970899;37.73821232
55.67725617;37.74652508
55.67761661;37.75281588
55.67238859;37.76544418
55.68204473;37.7299219
55.72017185;37.73871616
55.73707441;37.75944608
55.7370374;37.752401
55.73593309;37.74675832
55.73473305;37.74172184
55.68454165;37.73736317
55.78350342;37.63429318
55.76854564;37.67191078
55.76976992;37.66911707
55.76978387;37.65899399
55.76289946;37.68286233
55.73701431;37.73455481
55.74006584;37.73624448
55.74211838;37.7370948
55.74228084;37.7374103
55.74045595;37.73675407
55.73740061;37.73502935
55.73751156;37.72452228
55.73787706;37.72264465
55.66456442;37.48434166
55.74206431;37.72155121
55.74000591;37.70007903
55.65624413;37.6515552
55.736319;37.70390674
55.74665748;37.87606159
55.85761803;37.35610194
55.86351881;37.54942085
55.67887343;37.56430398
55.68936514;37.53079602
55.68635856;37.53595649
55.68492895;37.53903195
55.68738039;37.53470896
55.68922618;37.53156592
55.76580793;37.71807268
55.77666931;37.71480338
55.77304674;37.71040534
55.76259495;37.70830666
55.71172176;37.61880969
55.689853;37.6205026
55.68762939;37.61602793
55.77724428;37.62083846
55.77065087;37.62236971
55.68795099;37.61660937
55.69007039;37.620075
55.69113005;37.58868739
55.61188656;37.75895574
55.61070946;37.75190441
55.61121309;37.76067161
55.77629267;37.71522017
55.61064578;37.74561234
55.61806067;37.70601276
55.61280525;37.74437915
55.7524294;37.4935701
55.7343298;37.62423743
55.73734948;37.62425928
55.74009066;37.62448997
55.74266147;37.62486865
55.7802898;37.55751537
55.78617779;37.56295713
55.78447676;37.55906087
55.68852443;37.58700229
55.68741049;37.58956365
55.68714421;37.58981997
55.78191474;37.5554154
55.68804961;37.58711738
55.68572496;37.59388275
55.69076252;37.58935657
55.70181069;37.52262361
55.65080406;37.55621513
55.78749732;37.69093059
55.78431465;37.68894738
55.77878169;37.69689754
55.77692105;37.69400564
55.76839348;37.68438386
55.76600132;37.68298895
55.76345938;37.68184275
55.76400304;37.67292265
55.76337756;37.66565661
55.76271334;37.66201288
55.76374621;37.67327306
55.76333699;37.68213809
55.76640992;37.68358662
55.7689827;37.68535752
55.77107714;37.68623551
55.77697351;37.69460026
55.77811734;37.69667773
55.78848943;37.69268147
55.78951005;37.69410672
55.58945057;37.64582029
55.58772948;37.64578693
55.48901294;37.30087038
55.63119728;37.80196908
55.63358049;37.80311828
55.74705647;37.55535271
55.63998475;37.79365756
55.64107987;37.80284098
55.64568612;37.82837027
55.6351183;37.79571539
55.75269798;37.64749049
55.76315028;37.64290262
55.75613895;37.64778819
55.75329104;37.64686429
55.73156491;37.63522027
55.68430957;37.7053565
55.76246185;37.65750159
55.76472295;37.65584004
55.76650897;37.65316934
55.76909679;37.64890164
55.77014624;37.64506118
55.77370179;37.62745767
55.77391294;37.61941679
55.7736711;37.61393092
55.77147199;37.60040575
55.76837334;37.59378498
55.76570652;37.59001131
55.82457407;37.74854824
55.76283728;37.58694678
55.82792931;37.74627128
55.61698474;37.50913443
55.82582636;37.72880168
55.73579648;37.59250703
55.73024045;37.63111252
55.74930774;37.65621969
55.713354;37.68813539
55.6508829;37.51683955
55.55308664;37.43084579
55.67363455;37.45044241
55.67631169;37.45352443
55.67831765;37.45585105
55.68108004;37.45466685
55.55318144;37.43160728
55.71560333;37.62212588
55.68316854;37.61269238
55.72071984;37.61773999
55.72295364;37.61700319
55.72285572;37.61675306
55.71991001;37.61772016
55.67334255;37.54364726
55.63997746;37.50441279
55.76806244;37.61133268
55.49234563;37.32570409
55.67635568;37.44727074
55.67946905;37.45183483
55.50897699;37.36799897
55.71522714;37.62026779
55.79257493;37.68092823
55.79145605;37.77504648
55.67290342;37.44740788
55.71642797;37.61968784
55.77264464;37.60912778
55.77048154;37.61119189
55.76885285;37.61312137
55.77221548;37.61005835
55.77485274;37.61859842
55.76773413;37.62092985
55.77426328;37.62120445
55.71669375;37.61880535
55.76800107;37.61756167
55.77158937;37.6208482
55.73613914;37.59315588
55.65969863;37.52638438
55.6790601;37.45088685
55.66262549;37.52557467
55.73059614;37.63060308
55.66572277;37.52673062
55.76753001;37.6171242
55.84889637;37.58957362
55.78273482;37.64257425
55.66430526;37.53456531
55.78333803;37.63488056
55.62940816;37.6727812
55.69973949;37.92014041
55.65122769;37.51766082
55.81391961;37.78008058
55.32371486;37.34354631
55.81654887;37.77961727
55.62934741;37.51648445
55.81837832;37.77612873
55.6254315;37.51192864
55.81947974;37.75725353
55.6119999;37.51703483
55.77175787;37.63975221
55.609567;37.5202379
55.60594629;37.52372813
55.77319494;37.62751079
55.60759755;37.65649912
55.77168116;37.63820496
55.74682879;37.73224776
55.72481224;37.57933588
55.60677098;37.52386654
55.61041589;37.5198156
55.50827364;37.36834848
55.72851661;37.58425479
55.62631609;37.51379171
55.72842699;37.58353851
55.63006771;37.51783756
55.61958622;37.66470671
55.60742764;37.65278019
55.68081009;37.45480481
55.72413463;37.5776749
55.67886287;37.45607765
55.67598174;37.45276078
55.66267614;37.53501039
55.67342254;37.44978962
55.66130138;37.53099414
55.6550423;37.53800074
55.57680889;37.46153482
55.65269635;37.52711543
55.65074499;37.53227073
55.65184728;37.5296802
55.65312096;37.52662302
55.67602103;37.44642138
55.63672434;37.51211878
55.60730705;37.65353807
55.63728274;37.51131213
55.6387793;37.5074084
55.72010465;37.62217293
55.62467696;37.71260686
55.68654617;37.69238404
55.67254641;37.44721957
55.64346912;37.52717676
55.62592666;37.72195426
55.62515248;37.7270813
55.61682637;37.72836319
55.86466189;37.57418525
55.57689578;37.46086347
55.66910361;37.55308644
55.67324986;37.54540699
55.65572604;37.60509469
55.65821957;37.59475142
55.65273407;37.70453251
55.65287864;37.70395364
55.62060933;37.72755519
55.79465127;37.6995229
55.79159423;37.68642614
55.76815464;37.64377154
55.6844465;37.45907858
55.68815671;37.46450582
55.69068308;37.46826277
55.67210129;37.50814683
55.64225471;37.68139989
55.67048322;37.5136523
55.6724466;37.50968739
55.69033182;37.46731315
55.68787359;37.46375001
55.6846439;37.45904301
55.69355489;37.46866127
55.64930766;37.66179779
55.64687338;37.66813929
55.64410956;37.67508731
55.63205806;37.70425965
55.61548301;37.71481503
55.60641351;37.71937954
55.6066529;37.7199204
55.61579656;37.71536525
55.631689;37.70368217
55.64407322;37.67660013
55.64724084;37.66825052
55.69585646;37.54009883
55.6728185;37.52620429
55.69750707;37.54230485
55.67839784;37.51436041
55.70048392;37.54641932
55.68900748;37.6942309
55.62164652;37.71171793
55.6746356;37.48567146
55.67174609;37.4909122
55.61790806;37.71360883
55.67024319;37.49425236
55.61836851;37.71406935
55.67413164;37.52335947
55.66535479;37.4840871
55.67120219;37.49367939
55.74476704;37.63744409
55.75373748;37.63531799
55.67249847;37.48995873
55.67455699;37.48640678
55.71677135;37.56770173
55.70021252;37.54512514
55.66863256;37.52462634
55.69751038;37.54146981
55.69590541;37.53936174
55.8372403;37.57571844
55.68321007;37.52000867
55.68080216;37.52429956
55.67340821;37.51373788
55.67521018;37.50956243
55.63897891;37.53891483
55.6782989;37.513916
55.86090628;37.5540423
55.69821151;37.5290483
55.68105937;37.52503695
55.67438454;37.51050415
55.68353628;37.52071793
55.67293859;37.51460604
55.67695098;37.48367883
55.67616323;37.50747651
55.67018767;37.52120667
55.75297436;37.49791731
55.6649578;37.52629191
55.66197806;37.52425702
55.66712831;37.65997296
55.60836629;37.52536506
55.61321192;37.53559474
55.61254996;37.53750055
55.60838019;37.52495638
55.59733089;37.53672495
55.6729315;37.52549903
55.67159104;37.52840731
55.61295288;37.53036001
55.60264717;37.54151369
55.60298658;37.54215629
55.66834319;37.53210466
55.65269956;37.72032556
55.66879409;37.5315965
55.6711964;37.5295753
55.70118813;37.62172581
55.62581275;37.72642801
55.6259339;37.72062858
55.75594621;37.53986771
55.75596451;37.53035948
55.75615326;37.53951978
55.75613867;37.52693237
55.71728764;37.58099258
55.71916114;37.58352388
55.72158751;37.58629122
55.72406466;37.58884298
55.72619484;37.59098199
55.73055465;37.59415388
55.73360334;37.59698268
55.73284144;37.59557639
55.73078345;37.59383393
55.72565369;37.58995175
55.72363562;37.58777963
55.72107629;37.58511026
55.71877848;37.58240501
55.71692438;37.57968246
55.74595482;37.57934345
55.74546567;37.57783871
55.82798573;37.57892263
55.84068321;37.36870192
55.63559423;37.70695791
55.8082204;37.46430733
55.63536099;37.71639255
55.77995767;37.63340332
55.63524079;37.72309643
55.74154304;37.50023549
55.63842764;37.75050568
55.7392501;37.50537015
55.64110426;37.76000065
55.75022465;37.56656862
55.64079356;37.75786769
55.77178262;37.5732357
55.63548555;37.72189512
55.77119333;37.57282544
55.63570139;37.71506877
55.75778617;37.57820407
55.63580056;37.70549472
55.75022102;37.56508443
55.63691902;37.69453387
55.74680775;37.55292171
55.64008922;37.68557563
55.64968546;37.66220064
55.73965052;37.50513031
55.74150973;37.50088768
55.74060939;37.53788081
55.63303809;37.76010714
55.76480894;37.57839818
55.64239201;37.67991653
55.63139994;37.75446278
55.63684645;37.74381003
55.75152474;37.58275472
55.63667029;37.74191222
55.63690212;37.69326865
55.63484018;37.75091125
55.63161839;37.75593382
55.63316277;37.76144942
55.63620315;37.76299924
55.63890442;37.76060831
55.64027966;37.75910897
55.63801711;37.76111657
55.63278348;37.75167237
55.63731577;37.74996423
55.73051818;37.64218403
55.84897839;37.65390599
55.8529388;37.64953753
55.58414428;37.68209354
55.60841946;37.74468606
55.61376284;37.7301945
55.61762222;37.72841469
55.65286737;37.75403229
55.70700843;37.62090917
55.58023769;37.67758004
55.58044499;37.67127463
55.57916312;37.66498437
55.57942108;37.66431058
55.5804042;37.67066613
55.58092289;37.67622265
55.5858265;37.68439358
55.58550476;37.6890074
55.74295213;37.49865944
55.62192367;37.72796487
55.57778238;37.66246056
55.74689924;37.49528758
55.61028699;37.73307768
55.59684616;37.67219873
55.73450121;37.73340653
55.60538655;37.66890052
55.7182805;37.71731968
55.71959956;37.71271828
55.61814812;37.65781344
55.65859006;37.71608981
55.62347369;37.65734485
55.62747551;37.6573073
55.62835001;37.66043376
55.63640476;37.65638634
55.6422127;37.6559117
55.75307304;37.61168128
55.58091261;37.68234425
55.75256714;37.60989358
55.77990769;37.66574339
55.7846912;37.6610321
55.78604466;37.65937101
55.82150554;37.64119218
55.78436204;37.66442628
55.72841111;37.65009526
55.74325313;37.49802255
55.62874324;37.66052439
55.62726285;37.65684951
55.62229422;37.65676296
55.61772268;37.65745166
55.61204956;37.66219414
55.83357646;37.40539597
55.59539671;37.6720991
55.60519358;37.66837959
55.64423121;37.65387615
55.62803115;37.65466288
55.62821063;37.6492136
55.62877887;37.63999986
55.62927807;37.63343802
55.63424036;37.63487602
55.63063167;37.63929821
55.6285107;37.64144952
55.62797333;37.64841204
55.6277285;37.65566367
55.64482952;37.65297651
55.64069032;37.67160417
55.63504379;37.64908196
55.62411237;37.64754928
55.62345353;37.65516427
55.58968041;37.67174327
55.59022902;37.66780108
55.59152917;37.66379004
55.59451591;37.66296194
55.59127279;37.6641893
55.58996966;37.66809046
55.58947591;37.671983
55.6239174;37.65373995
55.62499622;37.64704527
55.8548721;37.56524689
55.63058154;37.64831558
55.63534093;37.64937969
55.58608739;37.68359899
55.63523829;37.6574566
55.6109915;37.73159605
55.72343212;37.66395919
55.73180967;37.66467656
55.67916532;37.6635507
55.62501066;37.71613097
55.74105305;37.65269267
55.72246654;37.65572102
55.71966849;37.65051294
55.71698656;37.64703313
55.71304109;37.64725832
55.7117145;37.64256264
55.67218633;37.65082971
55.74653816;37.55920259
55.67006172;37.6489845
55.74322566;37.81844797
55.66742094;37.64756388
55.7436577;37.83370267
55.66485856;37.64368916
55.74470103;37.85328693
55.66574694;37.64877217
55.76917199;37.63225708
55.61742488;37.69793937
55.62904919;37.63354913
55.71032494;37.62151148
55.63160977;37.66733606
55.63244427;37.62864354
55.63431054;37.67419086
55.63320042;37.67911684
55.84885098;37.59100301
55.63240114;37.68349091
55.60833468;37.69872984
55.63052133;37.68375763
55.60629343;37.70212527
55.60388378;37.70578459
55.62330352;37.67482447
55.59970816;37.71252041
55.59586203;37.71772815
55.65963449;37.64077839
55.59629751;37.71752441
55.66341011;37.64560158
55.59871438;37.71347722
55.67482626;37.65420504
55.60436503;37.70558116
55.60574989;37.70263058
55.60874974;37.69862506
55.61724204;37.69523002
55.61732989;37.69947115
55.61791153;37.70345524
55.64041735;37.68599686
55.61691871;37.70530867
55.61402772;37.70674318
55.61227579;37.70799842
55.60955573;37.70852504
55.6089584;37.70606192
55.60887002;37.70415337
55.61006779;37.70909802
55.70686325;37.68598918
55.6119667;37.70772333
55.61448622;37.70692145
55.60040544;37.66303317
55.83536865;37.48487173
55.60095126;37.71565548
55.60478283;37.71350797
55.57666947;37.6631331
55.57817069;37.66267355
55.62277107;37.67439041
55.60843561;37.70993462
55.61878235;37.69673742
55.62143448;37.69911773
55.62283568;37.70270605
55.62376957;37.70840868
55.62410299;37.70909401
55.6228036;37.70181661
55.62128606;37.69843763
55.61825081;37.69625282
55.6090765;37.70924103
55.60411595;37.71351596
55.60058674;37.71547811
55.60050716;37.71963122
55.57381465;37.66581659
55.59554024;37.66306789
55.64558413;37.5029173
55.59975345;37.66253244
55.58182667;37.67121435
55.58528635;37.66732657
55.58688305;37.66769983
55.58647914;37.67394639
55.58672121;37.67316492
55.58602281;37.66620546
55.58139899;37.67135517
55.72985793;37.66091412
55.7318648;37.7108763
55.61777082;37.66569922
55.74208817;37.65258157
55.73226769;37.71155488
55.58773233;37.66506961
55.6183501;37.66742742
55.62652209;37.66524815
55.62560007;37.6657092
55.62234645;37.66857963
55.62291897;37.66851402
55.65416756;37.65028579
55.73154332;37.66040455
55.74490279;37.79710045
55.74697901;37.80171959
55.61327862;37.69491528
55.7464923;37.77427126
55.72693708;37.6626817
55.71159105;37.64323576
55.62607137;37.67835007
55.71223273;37.6462945
55.7469733;37.76696208
55.71707434;37.64747677
55.74722519;37.7631468
55.71998434;37.65200456
55.74705218;37.76259541
55.72305694;37.65640584
55.74669087;37.76762014
55.63035255;37.68331796
55.76628981;37.83998811
55.72956753;37.7087389
55.76599556;37.8402335
55.63268903;37.68295877
55.63330536;37.67974729
55.82125179;37.76052898
55.63430176;37.67478611
55.67343811;37.59612781
55.6326936;37.66813666
55.68299077;37.56804193
55.63134798;37.63986176
55.71691882;37.51661724
55.63438913;37.63548508
55.89745765;37.58723032
55.64496292;37.50242329
55.72096191;37.51353625
55.57633768;37.66291863
55.57776967;37.66826511
55.83328234;37.59582389
55.68051473;37.59704227
55.57480885;37.66945572
55.68447529;37.5981393
55.7406752;37.86658874
55.69216082;37.58674933
55.74115327;37.86667957
55.69259698;37.582411
55.68867703;37.57818529
55.70481869;37.52810019
55.71107026;37.52699105
55.70469314;37.52727298
55.68978249;37.57972337
55.69281131;37.58300472
55.6915204;37.58818518
55.68414227;37.59845029
55.74350381;37.875724
55.68054169;37.59649295
55.7528644;37.50157743
55.79569407;37.68302898
55.80277099;37.68880387
55.80546837;37.69184905
55.79956143;37.82570661
55.74264545;37.87967263
55.77528444;37.65583193
55.80417008;37.7145599
55.80126104;37.71613578
55.8100952;37.7106882
55.74015921;37.87624563
55.70415192;37.40154391
55.70667886;37.40346649
55.72275051;37.4497288
55.72281388;37.44911787
55.73604531;37.51832771
55.62608796;37.41821436
55.71062771;37.40489499
55.70469786;37.39874902
55.70258908;37.39971171
55.80939939;37.71554873
55.69617565;37.42363462
55.69653998;37.42395406
55.81070672;37.81004066
55.79578125;37.71318697
55.79686661;37.71719821
55.71467585;37.87735209
55.79049;37.66067895
55.77210244;37.65781679
55.74112215;37.68731389
55.81283677;37.7787381
55.81276615;37.77943848
55.81697392;37.77843898
55.81462641;37.81218761
55.8125181;37.78040392
55.72720635;37.62518345
55.70628558;37.73091474
55.57066181;37.57926184
55.74565409;37.68144006
55.74309397;37.87984186
55.70457697;37.76403231
55.60403716;37.73573164
55.69817498;37.70947336
55.57452511;37.66980461
55.72740792;37.66305015
55.57811394;37.66842769
55.74433267;37.8785909
55.60267292;37.72668731
55.74353635;37.87438562
55.60672623;37.7246308
55.74752849;37.8746828
55.74490617;37.85282575
55.74392436;37.83291746
55.62670345;37.74344033
55.74744604;37.8731246
55.6267625;37.74683336
55.76827489;37.84269421
55.71304091;37.77760419
55.75383824;37.84196245
55.6946717;37.75762781
55.74124261;37.89103562
55.69689292;37.76060043
55.75374542;37.84277526
55.699835;37.76246492
55.76846037;37.84364322
55.60961921;37.71025463
55.61225606;37.7266925
55.69343573;37.75454554
55.61341554;37.73563306
55.61407522;37.74807607
55.61048515;37.71546977
55.74772141;37.88830802
55.74798919;37.88852631
55.61502456;37.75570733
55.61729505;37.7607332
55.62097255;37.76115088
55.62248101;37.75779868
55.62626554;37.75078235
55.63052028;37.74698114
55.62897518;37.7416879
55.62647149;37.73542969
55.62429256;37.73157071
55.62059391;37.72055897
55.62055781;37.72144957
55.62468583;37.73245968
55.62638668;37.73625434
55.62979986;37.74195737
55.63034637;37.74770224
55.6260906;37.75070151
55.62534935;37.7525776
55.62342392;37.75561014
55.62185097;37.75851625
55.62040019;37.76205664
55.61691752;37.75976406
55.61496473;37.75465829
55.61362932;37.73548346
55.61227453;37.72535361
55.60885276;37.7600076
55.86284061;37.58454767
55.59776398;37.72559507
55.61141139;37.72005144
55.7892621;37.38937669
55.77737604;37.61795468
55.61072526;37.74309537
55.6108756;37.73823286
55.61014531;37.73074139
55.60930316;37.72330191
55.61787439;37.74388032
55.61399894;37.7431194
55.62189196;37.73692725
55.60888102;37.72439404
55.66882808;37.66221737
55.67815803;37.6645479
55.61050455;37.74336553
55.61067377;37.738893
55.78901947;37.3910958
55.6170427;37.74372345
55.61451002;37.74413026
55.62167273;37.73692685
55.60953494;37.74441923
55.60729086;37.74386981
55.60589546;37.74219697
55.60479314;37.73823181
55.60451723;37.7348348
55.61604087;37.75325232
55.61963972;37.75356827
55.62292507;37.75125584
55.61487971;37.74432812
55.60671937;37.73370312
55.61952764;37.7177744
55.61583074;37.71962454
55.6150063;37.7204649
55.60783123;37.75691487
55.62193367;37.7502617
55.60875419;37.76053902
55.62695305;37.74707136
55.61857949;37.7536004
55.61231874;37.69552475
55.60975443;37.7318407
55.80483956;37.48559672
55.60472564;37.73901617
55.60770072;37.75578732
55.80312864;37.48790539
55.60639193;37.75257094
55.88252054;37.65916633
55.60432299;37.74862448
55.71696727;37.81780443
55.60558322;37.7447192
55.74573695;37.86553729
55.61238385;37.72173063
55.69394855;37.81822753
55.62055252;37.71769048
55.62441315;37.71572615
55.62391161;37.71556952
55.71129695;37.61325504
55.60521517;37.74493716
55.60457779;37.749651
55.60650549;37.75334625
55.60596201;37.74291993
55.60383088;37.73364789
55.6243929;37.74278479
55.613443;37.69488731
55.62600972;37.74224519
55.62364564;37.74260532
55.72830094;37.61461908
55.883331;37.51794623
55.62237651;37.74861894
55.62188006;37.74433878
55.67329986;37.45836538
55.67751614;37.46482285
55.68069577;37.46933931
55.68293323;37.47275924
55.68274167;37.47164317
55.67971393;37.46715864
55.67779356;37.46448359
55.67329422;37.45745875
55.8456391;37.58994291
55.63710298;37.75948252
55.63943661;37.75729397
55.64298892;37.76663007
55.72662427;37.65268363
55.70788732;37.64165592
55.71207986;37.64455718
55.70769201;37.6420239
55.70310068;37.50923955
55.69947624;37.50268509
55.73593565;37.64507738
55.70885393;37.63485292
55.67236029;37.61888638
55.70856904;37.6357706
55.7457135;37.87128146
55.61048592;37.74636853
55.6106253;37.75283195
55.60639106;37.72439526
55.60860263;37.72329715
55.69329393;37.49140192
55.69161254;37.48817315
55.69331473;37.49041011
55.69977702;37.50171181
55.89831905;37.5332355
55.77940769;37.55793675
55.63930249;37.77103802
55.74199314;37.68577399
55.6372305;37.77133127
55.73918769;37.69120717
55.70237157;37.50640041
55.74002578;37.68913207
55.66202561;37.46402841
55.6399621;37.6716786
55.65774519;37.46633586
55.80961378;37.39138815
55.71225744;37.79701965
55.83493304;37.45221427
55.71499281;37.56644538
55.65183357;37.73070237
55.64633638;37.72792145
55.80559366;37.57308896
55.67740268;37.75679549
55.74663016;37.66692209
55.85505679;37.43747453
55.75649339;37.80296544
55.85823275;37.43227992
55.63004322;37.47314129
55.85757727;37.43270788
55.75699399;37.80109696
55.87377342;37.43711044
55.87190611;37.46012215
55.86998419;37.53539092
55.87083854;37.65814824
55.73740071;37.47029484
55.61626186;37.66114919
55.74650752;37.42319045
55.68979407;37.57470716
55.7459847;37.58233394
55.69657362;37.46500137
55.70625921;37.44800533
55.68746155;37.71747352
55.69054904;37.44254509
55.68908194;37.43903319
55.68924494;37.44028338
55.69081774;37.44414728
55.69557541;37.450403
55.70599581;37.44841465
55.77647154;37.58463229
55.84070576;37.58151089
55.84077163;37.5823611
55.67648786;37.76364586
55.77218648;37.82513836
55.63881392;37.75096948
55.74612014;37.60498799
55.83559762;37.35624071
55.83388417;37.35717622
55.78246078;37.72024165
55.67587096;37.76830334
55.6802158;37.76350829
55.68149072;37.76438007
55.67695521;37.76175398
55.73925084;37.48381328
55.88343887;37.60423622
55.88747863;37.67210541
55.84053247;37.35807049
55.83987338;37.35909529
55.6649039;37.46825266
55.8573146;37.35254474
55.66525788;37.46693596
55.82764571;37.58077289
55.66555217;37.48428642
55.73970055;37.47021802
55.6641181;37.47661965
55.86350936;37.56080902
55.63402927;37.33580815
55.86663292;37.54632851
55.5659492;37.58753062
55.64691374;37.75295313
55.56550636;37.59650194
55.56533838;37.59712268
55.65043863;37.75153538
55.55094167;37.55497069
55.71137005;37.85280944
55.71053028;37.85298233
55.70634472;37.85022978
55.83076598;37.35428454
55.64887347;37.40830559
55.85696955;37.34242834
55.65866214;37.41198163
55.56336054;37.58395924
55.65915008;37.40636299
55.63980615;37.3430936
55.65202592;37.38535005
55.64280172;37.34512026
55.65081088;37.75918965
55.64244362;37.3474879
55.65889082;37.40385593
55.65738228;37.40536238
55.652517;37.40827661
55.67462999;37.75849114
55.65419631;37.75517822
55.65649288;37.75243953
55.73803277;37.48496288
55.65845035;37.74973428
55.57149987;37.56401743
55.54906802;37.55469856
55.5730478;37.5655547
55.65682469;37.75160707
55.57688006;37.56913634
55.79346767;37.63492459
55.57812871;37.56958859
55.6565417;37.74346867
55.56324305;37.56910131
55.65752346;37.74598163
55.5628626;37.56922895
55.83294076;37.35591131
55.64985497;37.39159622
55.83193495;37.35551618
55.56433012;37.5727259
55.56388651;37.57174598
55.64702569;37.38975786
55.56478806;37.56585335
55.56772885;37.56941107
55.63423424;37.75034141
55.83950424;37.36325088
55.56757267;37.56108507
55.83930121;37.3640367
55.65518201;37.74154157
55.94188936;37.5443514
55.57414547;37.5681815
55.57364904;37.56882949
55.57271302;37.57415973
55.56983718;37.57626498
55.56992879;37.58234209
55.56952539;37.58548545
55.56882402;37.58682775
55.64237343;37.71469567
55.64564023;37.39432765
55.64412002;37.39938231
55.65601222;37.41385216
55.65179701;37.41411004
55.64823037;37.41517854
55.64668419;37.41461556
55.57192204;37.57596214
55.64745198;37.41533518
55.64632937;37.39356842
55.64730578;37.41344353
55.64570873;37.40573625
55.64607694;37.40642889
55.64248226;37.40459674
55.64150307;37.40942946
55.64306745;37.41258096
55.64220683;37.41141328
55.64498837;37.38422108
55.64568059;37.38469173
55.65751919;37.39810407
55.65755081;37.39975803
55.65490534;37.39440969
55.65469235;37.39328074
55.65152348;37.38269398
55.6522045;37.37816369
55.64350529;37.40283442
55.64814835;37.40842509
55.6429145;37.3602353
55.64410403;37.36303113
55.64209238;37.36310967
55.56855479;37.58936781
55.63541187;37.34773148
55.63486381;37.34779572
55.84286764;37.35336733
55.63789474;37.35195652
55.64674874;37.36661821
55.84596044;37.34721586
55.84524011;37.34811028
55.63941996;37.35157299
55.85161244;37.34289454
55.6370908;37.35535696
55.65142446;37.74305377
55.64925692;37.7439062
55.71164256;37.89957791
55.71512145;37.90210679
55.74320625;37.85207118
55.74346155;37.85092343
55.74328441;37.85773343
55.64058408;37.36688281
55.74350813;37.85715195
55.63938195;37.36718307
55.74363191;37.86091081
55.6557675;37.3534342
55.65273278;37.35554195
55.7438458;37.86107872
55.6453251;37.37159502
55.65298645;37.35519674
55.64608251;37.37207796
55.65013654;37.35790084
55.64368819;37.37212488
55.64974528;37.3581816
55.88820295;37.66221264
55.64322985;37.37222671
55.88858605;37.66192176
55.73835012;37.84622488
55.94322661;37.54276873
55.73911864;37.84621806
55.64483431;37.33839219
55.74140396;37.84786695
55.74102512;37.84722076
55.64612598;37.34099872
55.64235972;37.3568851
55.64326817;37.33638316
55.64047987;37.37264476
55.75110389;37.82027059
55.64108488;37.37320409
55.81899994;37.59418568
55.63962412;37.36904588
55.8185659;37.59435452
55.81690135;37.5974592
55.81623653;37.59804552
55.75141845;37.81950747
55.66254889;37.42781544
55.63909455;37.38057642
55.63932535;37.380786
55.70590045;37.86960987
55.70465808;37.85655382
55.71164186;37.85427029
55.70069967;37.86103727
55.63089464;37.40404697
55.7741622;37.73154602
55.64726559;37.3450788
55.64700324;37.34494247
55.64506692;37.36382311
55.6564968;37.40248186
55.71518842;37.84533597
55.71565202;37.84536153
55.70179555;37.8625186
55.82136824;37.73506121
55.8212099;37.73730917
55.82109203;37.74324244
55.82102117;37.74947868
55.81948226;37.75865413
55.81754904;37.78524638
55.81972628;37.80144601
55.83309715;37.74521494
55.82706501;37.74706394
55.8238497;37.74883348
55.63210586;37.51924306
55.82591586;37.7041726
55.49827734;37.33145548
55.83083429;37.69263314
55.82660075;37.72099794
55.82673257;37.71974078
55.5992805;37.6537382
55.60207028;37.66018193
55.62267069;37.65801709
55.62200186;37.66035995
55.62066481;37.67133853
55.62240573;37.65977486
55.60230514;37.65968806
55.59252554;37.52361234
55.59933094;37.65339849
55.58101537;37.57153767
55.57628731;37.59215909
55.6279697;37.67847778
55.57559419;37.59952942
55.60230563;37.72736422
55.57429428;37.6212661
55.63444636;37.68558874
55.57353364;37.6346056
55.63455418;37.68537172
55.57167367;37.6702298
55.58837297;37.6646031
55.57967814;37.69908739
55.86480406;37.47406569
55.65296943;37.5819465
55.73560986;37.62801015
55.7392087;37.62851694
55.68820288;37.73292397
55.74230524;37.62863125
55.6877525;37.73258786
55.60776321;37.52575275
55.632441;37.80348685
55.63069678;37.8008414
55.66753043;37.75975414
55.58728551;37.54533714
55.57860472;37.58158718
55.65236175;37.79065153
55.59906588;37.50569368
55.64225606;37.78929031
55.64248918;37.78909031
55.66552492;37.77828756
55.66761915;37.75920083
55.68413548;37.83067718
55.65807272;37.8398946
55.6842803;37.83206845
55.60871333;37.76645633
55.69335292;37.81533463
55.61909011;37.78554613
55.62707537;37.79981173
55.73277914;37.64021268
55.62984789;37.79986703
55.61967354;37.78473805
55.60851675;37.7648866
55.7060248;37.76589326
55.71732014;37.67745585
55.66982155;37.57732119
55.66697228;37.56972201
55.67397353;37.54412908
55.67637605;37.53837927
55.66725576;37.80770786
55.66676522;37.80753515
55.66202289;37.81000569
55.66055442;37.8106746
55.68480517;37.72381401
55.65200919;37.39711839
55.65730643;37.8186157
55.65725194;37.83681935
55.67766095;37.53044767
55.66681158;37.57053829
55.6692195;37.5769961
55.68538299;37.52379363
55.66711042;37.56569005
55.6940717;37.60951541
55.70023976;37.61515368
55.70192502;37.52939829
55.69657643;37.61183449
55.67955948;37.564302
55.73860645;37.87289034
55.65262001;37.39603488
55.71950038;37.74011668
55.69489465;37.74837098
55.61683867;37.50134228
55.6570419;37.81832845
55.65674827;37.83471995
55.64564736;37.82697499
55.6387647;37.79304616
55.63722265;37.79343125
55.6343112;37.79628075
55.66114163;37.81078811
55.78858513;37.76338057
55.66245445;37.81009947
55.78796644;37.74787437
55.64691745;37.51615613
55.78833558;37.76341421
55.58927039;37.5463197
55.59039811;37.54664931
55.59358152;37.54746891
55.59471907;37.54594835
55.61738455;37.69336933
55.59598481;37.54009792
55.61994077;37.68614863
55.65541701;37.4781448
55.62140723;37.68248667
55.59647338;37.53675535
55.61987083;37.67310177
55.59535674;37.54204569
55.61600958;37.67426491
55.59469816;37.54510027
55.60759053;37.67679318
55.59131846;37.54584628
55.60806347;37.676235
55.7107583;37.67992169
55.70810595;37.68149456
55.62011126;37.67379499
55.6194484;37.68660804
55.70668762;37.67724546
55.64122579;37.81605013
55.70692484;37.67117342
55.70891253;37.66888916
55.61788545;37.50766764
55.61998238;37.50411715
55.61059162;37.51657871
55.60731951;37.51222011
55.60166795;37.50727644
55.60167158;37.50795863
55.60833486;37.5131498
55.60979085;37.51532769
55.61310283;37.51616278
55.60161616;37.50408146
55.59282212;37.52442594
55.60228007;37.72611072
55.78828935;37.77898993
55.78789004;37.77949298
55.6022484;37.5128282
55.60291692;37.51231309
55.75896316;37.65807173
55.73532125;37.429165
55.69128727;37.81013427
55.58309085;37.68158638
55.61637051;37.50209147
55.68051188;37.54681686
55.67807618;37.54327895
55.68042415;37.54728163
55.67810994;37.54391481
55.76410139;37.55302456
55.76483359;37.54735128
55.76449679;37.55314707
55.70504002;37.61754833
55.65634911;37.5840008
55.65733077;37.58527688
55.61765005;37.38624342
55.68258285;37.54989061
55.68319566;37.55134181
55.66015928;37.58777789
55.75492306;37.52136049
55.6171663;37.50854324
55.60734007;37.52620129
55.65308961;37.56241754
55.65599903;37.55985455
55.75246715;37.5897243
55.75242738;37.58475218
55.75274952;37.58457586
55.69022729;37.49075801
55.69279325;37.49370081
55.68080015;37.53294736
55.69322781;37.49460755
55.68279254;37.52825403
55.69046843;37.49144039
55.69492959;37.55506368
55.58157408;37.65927781
55.69792599;37.54990099
55.68487565;37.56839064
55.68400619;37.48952267
55.69118216;37.56238071
55.68690384;37.48718189
55.57550018;37.61000909
55.68456192;37.4894309
55.6982257;37.55147903
55.68683862;37.48759606
55.69244769;37.56122995
55.58011145;37.69847245
55.57219741;37.67028186
55.68487287;37.56901582
55.75262404;37.59624188
55.57400507;37.63519345
55.57488481;37.62077857
55.57598774;37.60032003
55.57683147;37.59212889
55.72238212;37.67963311
55.57872068;37.58362521
55.58094334;37.57408804
55.65177092;37.72789391
55.65862036;37.56172308
55.64874592;37.72924522
55.64584817;37.51806601
55.64439028;37.52148177
55.64502983;37.52061421
55.76459951;37.54066779
55.68332838;37.52856799
55.84193006;37.35470757
55.77303145;37.71073605
55.61988795;37.50324354
55.66335314;37.4355517
55.75469619;37.52160892
55.66242676;37.43736544
55.66065764;37.41755283
55.65016276;37.40333338
55.66031552;37.41712541
55.66512619;37.44088467
55.71560811;37.89920965
55.66188311;37.48462849
55.66005854;37.40875263
55.67053077;37.45066271
55.6612556;37.43414053
55.68021781;37.43347226
55.68423152;37.43109747
55.68672954;37.42961848
55.68878118;37.56500841
55.68885278;37.56548552
55.68957357;37.5691655
55.68953482;37.56716608
55.69248356;37.57563095
55.78459224;37.66496709
55.79133301;37.65614248
55.76884812;37.71399042
55.76854857;37.71460108
55.68662895;37.57262547
55.68683405;37.57505669
55.66970334;37.43100406
55.68610422;37.56476526
55.75235191;37.57654243
55.74362734;37.60379469
55.59908451;37.52569862
55.59872012;37.52635994
55.67155033;37.51236275
55.68787518;37.5851144
55.6317082;37.53464419
55.6320428;37.53097723
55.62154554;37.49926483
55.62297264;37.49548953
55.62448143;37.49145399
55.62884482;37.48491147
55.63136659;37.48144906
55.63470584;37.47660438
55.63590438;37.53529345
55.76106445;37.57658321
55.75453403;37.52216159
55.65057708;37.4843251
55.65005159;37.48413641
55.63493678;37.47495442
55.6306598;37.48274532
55.62807954;37.4853315
55.81857494;37.77805949
55.66620275;37.75054251
55.58305252;37.6267181
55.664579;37.74666934
55.58016349;37.64226064
55.65865019;37.71659698
55.63173408;37.48000145
55.6309944;37.47240817
55.71013117;37.76786904
55.63396962;37.47044494
55.86269329;37.46721924
55.65724974;37.481051
55.66251839;37.48310724
55.71041761;37.67807031
55.67451133;37.46864588
55.62537825;37.48978114
55.67436655;37.4734248
55.62386946;37.49378666
55.65668839;37.48031665
55.62241515;37.49754583
55.63393554;37.47004588
55.75694495;37.56719479
55.7542936;37.57620545
55.75450754;37.57587062
55.82607072;37.43654243
55.60438194;37.54127416
55.7543713;37.5687737
55.60551484;37.54347754
55.64717853;37.47794166
55.61145591;37.55405362
55.61504721;37.55143617
55.57619398;37.6440221
55.61736523;37.54803513
55.58149323;37.62684805
55.61799247;37.54753608
55.61347627;37.49296329
55.61621332;37.55017406
55.6594982;37.48110251
55.65984696;37.48191397
55.61229458;37.55571819
55.60616384;37.54425599
55.63854456;37.50750007
55.66310394;37.48231061
55.61893764;37.54400796
55.57440739;37.65186145
55.57459136;37.6508943
55.66558243;37.44068215
55.68416053;37.7312924
55.70087333;37.53383058
55.70105471;37.53352922
55.7051662;37.516415
55.66490017;37.74827631
55.72213325;37.79764727
55.64859614;37.37167618
55.76301901;37.67351995
55.76069173;37.6729861
55.60895362;37.2917789
55.61904285;37.50595505
55.76068491;37.57732241
55.87455055;37.64568002
55.6418015;37.49906723
55.65917205;37.47260054
55.66247345;37.47325501
55.65971576;37.47239405
55.66142477;37.47329437
55.64260548;37.49761121
55.64425087;37.49144075
55.64285453;37.48874732
55.64108229;37.48478919
55.66287226;37.43128704
55.64397463;37.49354747
55.64300852;37.48965466
55.64129583;37.48636997
55.69319357;37.5765604
55.59615684;37.60127791
55.65097076;37.40147522
55.64142308;37.46712673
55.68395724;37.45041608
55.69998315;37.42129311
55.60244025;37.60506385
55.88851443;37.64134926
55.59608954;37.60338271
55.58222652;37.59745848
55.66380988;37.48389706
55.62316553;37.5324929
55.82578101;37.43628413
55.70715286;37.42149365
55.71026698;37.42220846
55.70972901;37.42155749
55.75451251;37.65996616
55.70652376;37.42081286
55.78200802;37.6692004
55.62671401;37.79807233
55.70117358;37.40894706
55.8123814;37.82665832
55.85434613;37.47593883
55.58956564;37.54534585
55.73986164;37.65856788
55.73953554;37.65833802
55.62094921;37.68296227
55.58698125;37.64717895
55.65481057;37.41426816
55.66423555;37.62018223
55.65642374;37.40329052
55.85518262;37.47624639
55.68533273;37.47581382
55.69462095;37.42509175
55.88427634;37.71164252
55.88396629;37.7117861
55.65086446;37.41337474
55.68647574;37.47930685
55.7260987;37.4466401
55.70006757;37.76291182
55.59521814;37.66165885
55.70583577;37.70267127
55.67292196;37.72532354
55.70647052;37.6966325
55.7482897;37.80117359
55.72155725;37.40685716
55.74691034;37.79997163
55.71644497;37.45827267
55.7546324;37.65980203
55.71910359;37.46177479
55.85288945;37.60803836
55.71081756;37.68180151
55.71061111;37.68263917
55.86859861;37.48409012
55.73261388;37.46387936
55.68647114;37.42889199
55.68001526;37.43300891
55.70386914;37.42076568
55.75049689;37.83510572
55.67685795;37.75902453
55.6538421;37.73599975
55.65660291;37.74163294
55.67303803;37.7533544
55.67384333;37.75780977
55.67307072;37.75062543
55.65529073;37.73903274
55.65334527;37.73407933
55.79998661;37.56760453
55.80033914;37.57141493
55.69108038;37.42652688
55.69422323;37.42472186
55.71906429;37.4236718
55.62558418;37.52310451
55.62770069;37.51784974
55.71201016;37.77660283
55.63930746;37.67257191
55.76252204;37.60865278
55.84661663;37.62857894
55.84664347;37.63389243
55.73250683;37.53871838
55.68584148;37.58414565
55.78081605;37.61586163
55.71616383;37.51863504
55.71593997;37.51840246
55.63397931;37.52133376
55.62918972;37.52382826
55.767467;37.62255489
55.64342003;37.6382478
55.64369895;37.6370078
55.71225205;37.52701694
55.64870062;37.61315699
55.84243771;37.63606269
55.83440499;37.63672257
55.81594345;37.52646212
55.81710513;37.53205756
55.81874173;37.52906136
55.75164505;37.57504943
55.75273985;37.57634265
55.71598512;37.66155343
55.76584357;37.73897282
55.69099997;37.75610875
55.6668562;37.72140217
55.67892751;37.77687053
55.67635243;37.7667842
55.66881823;37.47929005
55.67972925;37.77847723
55.66919337;37.478701
55.67280979;37.80977393
55.82361306;37.83281041
55.69679245;37.71087488
55.70003791;37.71500442
55.89096096;37.59818881
55.68060596;37.72955795
55.84222179;37.58417737
55.69122549;37.73122471
55.84248726;37.58508339
55.69099569;37.7311176
55.65099531;37.729075
55.64299245;37.70926939
55.76163555;37.52793931
55.76936256;37.52400816
55.7704926;37.51977987
55.80230266;37.83020842
55.76744264;37.53190067
55.86505247;37.47463833
55.76991426;37.52250861
55.64839834;37.37211659
55.81035044;37.81708005
55.79801144;37.76907192
55.80734358;37.81800067
55.79670817;37.71467422
55.76757875;37.73696125
55.76278172;37.71828059
55.76342631;37.70570187
55.6755537;37.76693156
55.61031841;37.54452456
55.67034461;37.74522333
55.69754066;37.74976201
55.69729468;37.74679879
55.69658209;37.73830918
55.69375202;37.75065667
55.64986554;37.47674375
55.64671011;37.73343743
55.64315341;37.7345875
55.64286151;37.7405614
55.86877206;37.53738746
55.64307722;37.73958914
55.64341239;37.73371342
55.64645977;37.73253985
55.64674184;37.73763317
55.78257965;37.46223782
55.71798964;37.62528313
55.83101036;37.59237486
55.63715939;37.67715547
55.76464813;37.53380253
55.64719682;37.7393716
55.76123539;37.52740416
55.84954882;37.36563883
55.85226251;37.35348018
55.85177469;37.35403709
55.84201138;37.37400685
55.84414205;37.37667849
55.65159114;37.74358011
55.84424207;37.37925312
55.86754868;37.54054356
55.66485474;37.47080067
55.66681682;37.42649232
55.84715854;37.36185644
55.84329146;37.35472365
55.84496101;37.36525874
55.84293907;37.35521095
55.84080527;37.35182544
55.66205761;37.42764995
55.77253063;37.36355385
55.77664791;37.35636793
55.77678433;37.35665624
55.77316104;37.36295093
55.76804834;37.37375034
55.657648;37.46601821
55.66185616;37.46363215
55.66462383;37.46446827
55.658965;37.77003725
55.66172481;37.7727702
55.41434183;37.11484671
55.41465177;37.11433343
55.41713956;37.1301218
55.60110563;37.48264457
55.416969;37.12918054
55.60214164;37.47157738
55.41253412;37.15483072
55.60198887;37.47150384
55.53877294;37.53389757
55.58836261;37.47490218
55.69141753;37.46998039
55.58810001;37.47350586
55.41114832;37.16816689
55.55867531;37.43517018
55.53004016;37.51951064
55.41172822;37.16734338
55.41718831;37.15544451
55.40908614;37.20003197
55.66708455;37.56686353
55.40951723;37.19998664
55.40631781;37.20471895
55.40638994;37.20513571
55.82833509;37.35349363
55.54172653;37.53285238
55.54646417;37.53220948
55.54592306;37.54218565
55.54510531;37.52759655
55.41212402;37.18237896
55.41198651;37.18142009
55.4096331;37.17799541
55.41421264;37.09809498
55.4143908;37.10367559
55.41446033;37.10432482
55.7919842;37.77794698
55.82885878;37.35404357
55.73482798;37.86330904
55.69351318;37.79055979
55.58681403;37.66296063
55.72087485;37.86680184
55.65770079;37.56743922
55.72119907;37.86595291
55.72240386;37.86034377
55.72295071;37.86009615
55.71806999;37.87435233
55.71914171;37.87345524
55.86899396;37.58986797
55.57267605;37.47454936
55.57234234;37.47432008
55.65733351;37.57220661
55.65703528;37.54080121
55.76521734;37.71773899
55.7624417;37.71771303
55.63948365;37.41582209
55.64080065;37.41155992
55.68530372;37.58245926
55.81084172;37.38853408
55.77417418;37.73208876
55.88977692;37.38613395
55.56861241;37.56487503
55.88905952;37.39268305
55.88839439;37.398619
55.88769973;37.40030852
55.88861729;37.39470723
55.88715218;37.40247728
55.89819398;37.39021421
55.56743192;37.56971538
55.72259382;37.58230596
55.58288547;37.69418944
55.83283239;37.39188593
55.79228534;37.51245071
55.71293603;37.89855111
55.73395261;37.86300932
55.63746636;37.74523339
55.89346864;37.67885494
55.58602808;37.69576653
55.5850375;37.69445954
55.58380448;37.69802135
55.67032981;37.44868968
55.81231593;37.81214265
55.63929885;37.34179483
55.73119776;37.44711664
55.5421406;37.44539678
55.54255625;37.44568716
55.53533119;37.4479462
55.53519889;37.44838873
55.53251809;37.4465586
55.53247818;37.44737509
55.57897897;37.57352596
55.56479451;37.57846714
55.69877159;37.87733463
55.56526431;37.57796004
55.76780491;37.5279578
55.76620555;37.53378586
55.8883586;37.67983296
55.69648311;37.87342177
55.89170926;37.68155215
55.69903626;37.86589261
55.70137386;37.86764125
55.7010194;37.86792314
55.70355801;37.86372121
55.70316877;37.86399867
55.70491928;37.86125459
55.70460879;37.8614086
55.72177273;37.85773463
55.72095331;37.85803338
55.72418192;37.85318129
55.73197692;37.84717778
55.73244059;37.84746536
55.69961364;37.87815475
55.71459635;37.8556319
55.71436978;37.85507905
55.71784383;37.85829793
55.64573517;37.3508929
55.6448149;37.35083936
55.69868359;37.8649843
55.70102233;37.8773243
55.70374158;37.85406653
55.48707474;37.32362929
55.48700304;37.32405389
55.63955634;37.75670561
55.63637953;37.75952589
55.64612999;37.75903779
55.64403453;37.74906522
55.64399942;37.75037514
55.64591946;37.75763492
55.6474127;37.76152949
55.64750846;37.75305285
55.6508741;37.75172552
55.65809764;37.74675487
55.63030508;37.47042717
55.63042725;37.46879687
55.6211642;37.48079012
55.63204384;37.7491282
55.68548087;37.72296801
55.77159386;37.40346635
55.77111498;37.40486266
55.68009785;37.76022933
55.82376459;37.63179459
55.74473126;37.70045282
55.89311707;37.66804007
55.63535112;37.45317287
55.74257378;37.70051882
55.63542549;37.45139813
55.73821786;37.7054995
55.74500846;37.70599503
55.63292327;37.41765472
55.60038291;37.5553326
55.63274685;37.41781777
55.82359549;37.6317285
55.63815433;37.54304847
55.7426259;37.70736647
55.73100171;37.85052029
55.73127214;37.84893257
55.64485229;37.75518217
55.73684353;37.84570672
55.64450909;37.75254882
55.73748891;37.84681621
55.64518783;37.75403663
55.73744564;37.85418661
55.57718617;37.57870688
55.63968034;37.33371421
55.55070495;37.58652515
55.63979539;37.3330127
55.54973767;37.58701293
55.68167883;37.76041138
55.66434868;37.60664668
55.71102825;37.72615604
55.62946083;37.43348015
55.70863735;37.70073881
55.7013018;37.50444676
55.9137954;37.55629564
55.88597514;37.68775959
55.88598615;37.6858891
55.69128979;37.80751786
55.73781698;37.85582258
55.6692933;37.56637159
55.69169986;37.80796388
55.54418164;37.57987372
55.63843726;37.34036147
55.76494989;37.6648623
55.7901527;37.69450198
55.78838932;37.69213214
55.52298545;37.38442883
55.56522224;37.44417688
55.5652027;37.44461059
55.52770434;37.38848419
55.54408277;37.54715542
55.52808284;37.38936588
55.5420878;37.57164076
55.54180849;37.57232378
55.51119165;37.35328444
55.51146081;37.35549784
55.50883164;37.34800288
55.50862295;37.34869752
55.64338601;37.74424797
55.64407429;37.74497284
55.65464638;37.74278136
55.63549816;37.76591119
55.63989149;37.77095534
55.53555146;37.52692301
55.53608492;37.52917285
55.53789192;37.53324185
55.53808806;37.53498429
55.54306713;37.53967851
55.54331353;37.54069884
55.54597222;37.54753308
55.5185962;37.37288797
55.5183711;37.37348544
55.38728904;37.22550288
55.36931164;37.20093249
55.36968614;37.20149869
55.37437904;37.20675938
55.37492704;37.20803928
55.35880184;37.19318238
55.35866984;37.19348279
55.35347984;37.18483888
55.35357494;37.18538788
55.33791265;37.17137198
55.33819139;37.1717971
55.32289574;37.16085335
55.32322654;37.16142171
55.31880513;37.15402275
55.31808124;37.15384449
55.6410954;37.40926245
55.64234788;37.40661211
55.70046282;37.83808217
55.69739699;37.84118852
55.44145584;37.28927308
55.69769638;37.8407869
55.46636018;37.30103191
55.69654233;37.84603855
55.6898714;37.86122366
55.69691917;37.84563849
55.6921019;37.85163343
55.69029428;37.8608753
55.6922677;37.85442063
55.6973366;37.84928272
55.6917747;37.8595721
55.6981095;37.85103571
55.70304265;37.84099039
55.69182596;37.85012666
55.69212858;37.85889737
55.68710144;37.8646111
55.6893894;37.84856275
55.68675055;37.86402207
55.68970196;37.8494532
55.68714682;37.84898638
55.68239423;37.86162179
55.68763858;37.8487215
55.68209404;37.86172453
55.68634292;37.85126072
55.67969428;37.86012765
55.68001266;37.86053985
55.68590871;37.8516031
55.68058215;37.85745721
55.68492291;37.85562109
55.67965412;37.8576852
55.68712584;37.85751807
55.68378073;37.85382641
55.68783365;37.85847734
55.70434853;37.84586715
55.6898834;37.85961045
55.70408019;37.84572065
55.68894859;37.85873471
55.44157679;37.28871156
55.61802613;37.47326616
55.61765346;37.47287073
55.60897979;37.45273273
55.84804093;37.41825799
55.60586763;37.2971158
55.60473642;37.29836343
55.53504753;37.52158411
55.53482322;37.52240745
55.56993058;37.57636114
55.64352829;37.34875627
55.60714103;37.4493098
55.6044997;37.42730996
55.53445556;37.5187674
55.53403117;37.51799062
55.39869857;37.23618937
55.46786923;37.30337081
55.73127336;37.86161043
55.73510857;37.86407784
55.73988564;37.48352179
55.87903425;37.56744933
55.76400292;37.60394324
55.7333465;37.86222335
55.65419957;37.64827118
55.83352198;37.40506423
55.56235554;37.55570047
55.55962245;37.55513578
55.56330406;37.55725948
55.55893599;37.55400068
55.85653592;37.61042183
55.79487456;37.58397332
55.87785556;37.56709548
55.75365913;37.40514924
55.71813558;37.8586935
55.59669359;37.51124457
55.8187731;37.39197006
55.79604972;37.5845766
55.8371621;37.4041867
55.83801377;37.40066462
55.83875966;37.5305535
55.6843541;37.91511725
55.87404773;37.56054444
55.68648897;37.92348562
55.87513564;37.56469327
55.68670204;37.93004631
55.87502919;37.56522687
55.68695965;37.93666225
55.83919117;37.40484492
55.69063612;37.93885878
55.69993172;37.39536902
55.68994185;37.93823462
55.68710787;37.93586324
55.68572987;37.92870596
55.68338031;37.92077679
55.53945574;37.57293628
55.68317914;37.91524495
55.54025534;37.57345828
55.54489119;37.54709913
55.3212277;37.07158544
55.53620783;37.5770322
55.71076528;37.63897215
55.5371194;37.57603196
55.53316325;37.58125584
55.92428085;37.39481905
55.93112022;37.37769484
55.94167864;37.36275659
55.5464691;37.55585402
55.54703968;37.55580971
55.5429336;37.55790616
55.80956624;37.77830129
55.54413597;37.55801299
55.80258456;37.55331127
55.54616179;37.546951
55.71692305;37.56757836
55.69140536;37.46892574
55.64693695;37.34187516
55.61063742;37.69676153
55.61017137;37.69673098
55.70759088;37.72720538
55.65447764;37.7642443
55.65118399;37.76767641
55.64889034;37.76554305
55.69994542;37.40720076
55.73065135;37.63526543
55.75143321;37.81466536
55.73675002;37.854969
55.76185672;37.57947321
55.91254906;37.54390428
55.92017313;37.54504227
55.9208534;37.54332319
55.92605279;37.54704929
55.92595866;37.54614425
55.93349455;37.54751638
55.93229099;37.54681102
55.93721038;37.54596171
55.93603129;37.54580259
55.56759934;37.59731589
55.91388682;37.54512636
55.56866423;37.60054525
55.76771698;37.57958677
55.76681859;37.57849294
55.80736251;37.75846007
55.81804915;37.4586716
55.72768785;37.42297118
55.67327119;37.59553996
55.94324179;37.54868474
55.5657278;37.58680278
55.56766607;37.58943205
55.73117042;37.44697346
55.83002642;37.59022481
55.61094231;37.28781584
55.82984794;37.59096738
55.61152614;37.28734319
55.68077806;37.84930447
55.68082357;37.85071558
55.88555621;37.39372666
55.68698007;37.843339
55.89393739;37.39780505
55.68731496;37.84499541
55.63167521;37.333237
55.68283601;37.84431827
55.68219456;37.84520234
55.73264475;37.55526161
55.84252006;37.66533715
55.56516056;37.56551281
55.52860613;37.57987926
55.64658307;37.54563657
55.52877919;37.58062395
55.51877779;37.5841271
55.89370079;37.65773475
55.54124298;37.55627219
55.54080572;37.55666633
55.51099916;37.59260174
55.50785864;37.59288642
55.74231087;37.64538166
55.64391157;37.65803204
55.63244285;37.73707581
55.63416839;37.73311119
55.5956074;37.58956184
55.63397006;37.77008445
55.6142225;37.28289087
55.64719608;37.74644478
55.61413964;37.28238525
55.65397048;37.75681564
55.65552911;37.76033362
55.64854543;37.54827859
55.6573974;37.76122911
55.6340607;37.77036979
55.65954277;37.75823719
55.63129438;37.76733214
55.63213171;37.76375544
55.66046641;37.75861303
55.64908873;37.74546778
55.65983195;37.7512707
55.65977336;37.75184109
55.77035569;37.58225248
55.67753895;37.85921117
55.72138782;37.51471611
55.77033399;37.58545767
55.96024154;37.35515318
55.78061221;37.69657403
55.53082048;37.52746893
55.64416705;37.65728947
55.80596668;37.54963889
55.80610486;37.54899969
55.84052329;37.36896993
55.52747968;37.51836643
55.52910388;37.52147834
55.52883993;37.51951239
55.53176065;37.53208582
55.5326912;37.53405758
55.53143528;37.53001432
55.53016534;37.52575052
55.52988672;37.52367319
55.53732598;37.5343672
55.65233132;37.76732308
55.77479335;37.69003595
55.77443754;37.68990548
55.52697194;37.51747686
55.84948524;37.40281049
55.52698595;37.51543996
55.52763057;37.51232006
55.52873764;37.51125903
55.53108266;37.51230933
55.53143017;37.51288481
55.53363285;37.51550088
55.79609949;37.56088346
55.79420998;37.56263304
55.65312188;37.48988362
55.79425154;37.5630702
55.79905056;37.55723381
55.84858403;37.58368059
55.7431294;37.83298011
55.86026818;37.64143542
55.6336307;37.51973512
55.88592718;37.44005684
55.64996378;37.76784461
55.7737489;37.60430126
55.77345262;37.60385568
55.88941084;37.43570873
55.89103493;37.43296988
55.86688209;37.44682759
55.86784195;37.4465902
55.71418759;37.56656859
55.90721989;37.41220893
55.90686722;37.41200768
55.91115404;37.40657412
55.91180278;37.40476858
55.65259548;37.48981272
55.93194414;37.37718519
55.94219884;37.36275843
55.96065552;37.35674967
55.87818507;37.43440764
55.92411152;37.39530539
55.79198753;37.56848891
55.806807;37.57733107
55.79955144;37.55715159
55.80159661;37.55486329
55.63981308;37.37618714
55.80500819;37.64505537
55.66274214;37.75957278
55.66338294;37.76341571
55.66317452;37.75752447
55.66391369;37.7618858
55.66121649;37.76604798
55.66211504;37.7654481
55.65950018;37.76855108
55.63515766;37.73294768
55.64085404;37.61820102
55.79169198;37.56852748
55.54363772;37.56041289
55.54381255;37.56098872
55.54631457;37.56417208
55.54761366;37.56627863
55.55049094;37.56568857
55.55078163;37.56548404
55.55231646;37.56121398
55.55294304;37.56034779
55.76246403;37.53027859
55.86339524;37.5202662
55.79587637;37.58232737
55.54199429;37.55180218
55.79964503;37.58228909
55.80551033;37.58065658
55.79283519;37.58291463
55.68260474;37.85286869
55.68193853;37.85154795
55.57479954;37.5794298
55.79140515;37.45752999
55.6647261;37.48440517
55.5764819;37.58361732
55.589387;37.61450531
55.65153366;37.77237464
55.66047336;37.55924164
55.71739298;37.47550235
55.57426847;37.57682579
55.57541331;37.57212143
55.6665032;37.75304423
55.57816719;37.57666983
55.75418754;37.63413657
55.57665941;37.5838374
55.76075782;37.51991627
55.57527384;37.58849877
55.64790912;37.47753174
55.65510841;37.75979247
55.65679807;37.76421107
55.6444194;37.66414301
55.57572449;37.58766572
55.65831287;37.7696042
55.65587897;37.77240133
55.65272646;37.77555345
55.78209511;37.60161373
55.83608399;37.41387721
55.57673758;37.56944572
55.60945531;37.60800373
55.71036519;37.74994436
55.71015576;37.7481598
55.54895906;37.52558288
55.60925875;37.71761818
55.76069683;37.52012748
55.55022366;37.52851186
55.79267095;37.63298199
55.66504473;37.46493804
55.82278646;37.72887053
55.66366531;37.75446047
55.6627283;37.75361117
55.55060963;37.54666871
55.66928145;37.749434
55.66928289;37.74977319
55.73055343;37.58873997
55.73047705;37.58965338
55.65185533;37.56633188
55.65393649;37.48006591
55.64001145;37.37469523
55.62880752;37.67629716
55.67159447;37.74894138
55.63303725;37.75082167
55.63282715;37.75028794
55.63288189;37.74936818
55.757135;37.59604859
55.58112483;37.6422384
55.72902118;37.49316495
55.64256862;37.66879992
55.64298851;37.66828695
55.64466727;37.66408798
55.67296496;37.77671068
55.67132246;37.77417194
55.66894898;37.76761135
55.70472999;37.61727164
55.86871737;37.62031913
55.67942887;37.48274849
55.67928071;37.48218575
55.66702876;37.56010509
55.77922939;37.66677288
55.53880144;37.51441271
55.54543636;37.51208867
55.53317697;37.51701313
55.5343277;37.5165599
55.53540766;37.5153766
55.53008755;37.51982556
55.53450677;37.53784669
55.5368089;37.5420678
55.53662799;37.54110182
55.54142397;37.54470034
55.54082299;37.54480745
55.53939613;37.56525286
55.53936156;37.56432892
55.53960886;37.56921534
55.79237412;37.56935294
55.86574419;37.60026151
55.65346355;37.40803826
55.65772178;37.76604533
55.84115027;37.38476764
55.66672434;37.56036426
55.5408972;37.53771234
55.54131444;37.58350883
55.76580116;37.54270359
55.76542971;37.54277377
55.70272831;37.41181674
55.63594398;37.74831518
55.86453311;37.60635916
55.73180821;37.67139795
55.86690788;37.60946984
55.7726605;37.72687405
55.60669297;37.67972054
55.72286989;37.8216636
55.73637323;37.86530368
55.86905619;37.6296836
55.86689471;37.63976045
55.86667964;37.63927868
55.73685436;37.86677105
55.86693132;37.63398867
55.70793943;37.5450705
55.86714797;37.63294045
55.70729712;37.39217128
55.65105302;37.74696463
55.70633727;37.39230767
55.65123598;37.74687248
55.71791464;37.38424398
55.71765034;37.38319948
55.70333069;37.64632459
55.53102518;37.59682271
55.6658931;37.76911488
55.87186948;37.51195982
55.87184404;37.51226628
55.58650881;37.66229514
55.73795979;37.51303553
55.88601046;37.68541075
55.66518123;37.7695488
55.58708805;37.66673897
55.66316245;37.77187004
55.86569338;37.4769998
55.66171712;37.77410497
55.63111736;37.4792294
55.66269068;37.7729293
55.78284378;37.61508985
55.66439488;37.77091466
55.79610711;37.45450608
55.79599257;37.45602826
55.86857376;37.59062566
55.81817388;37.77738318
55.66074289;37.7780412
55.66250214;37.57784221
55.79554528;37.55999214
55.75820665;37.81975258
55.70515878;37.63470636
55.66278336;37.65725241
55.66290202;37.65654977
55.65845579;37.56613741
55.7032804;37.65953166
55.70568718;37.61897082
55.7026824;37.61701102
55.76544216;37.53993283
55.80198709;37.63556588
55.60224648;37.71455952
55.54487793;37.51297759
55.54203708;37.51348095
55.54092585;37.51337252
55.53757874;37.51399285
55.62485816;37.59821158
55.67214322;37.56942236
55.65458783;37.77397431
55.66408781;37.61519163
55.85714168;37.59119576
55.65208616;37.49253833
55.70516461;37.65494027
55.60767848;37.66295533
55.60786434;37.66296348
55.66690695;37.76994079
55.66709209;37.77442468
55.78099379;37.72191478
55.54689474;37.51623714
55.54643332;37.51414987
55.5460276;37.52838502
55.5460358;37.53430228
55.54581229;37.53918163
55.66584178;37.76695147
55.66433959;37.76364438
55.54641265;37.52641522
55.5413866;37.51276648
55.54781338;37.52498268
55.54561047;37.52657359
55.54276968;37.52122934
55.54257462;37.52148971
55.54023526;37.53698496
55.54151321;37.51441732
55.53909553;37.50879949
55.83407609;37.66239248
55.53928481;37.50967285
55.83264335;37.65804419
55.70174042;37.50676557
55.70764491;37.57692565
55.8664486;37.70607576
55.82954448;37.57706067
55.85558926;37.56684996
55.73747351;37.65451285
55.82760904;37.82521639
55.78160306;37.59870192
55.86065703;37.5680416
55.55159211;37.53296242
55.66583006;37.75228514
55.55113141;37.53987998
55.729104;37.48082794
55.64368705;37.52378515
55.85728261;37.56749193
55.67246973;37.74863653
55.5939051;37.64085904
55.66397991;37.63731818
55.59698367;37.64809918
55.64338446;37.34342544
55.66441091;37.63848249
55.80774806;37.46552057
55.70546135;37.62172582
55.88325269;37.5326329
55.65071517;37.4957669
55.67959172;37.68425155
55.79184059;37.57181131
55.69980121;37.54664117
55.58376005;37.65819231
55.68398721;37.58323103
55.74878574;37.53338806
55.58939233;37.63899683
55.77960614;37.45435013
55.58896807;37.63887221
55.55040112;37.52979902
55.59417339;37.64191801
55.55161476;37.53594348
55.82058301;37.46573185
55.64810491;37.50184926
55.76762484;37.61278749
55.65727342;37.7407698
55.74742103;37.65117278
55.73220418;37.83395519
55.8510403;37.40095299
55.73196969;37.83497076
55.79260776;37.60799848
55.6922103;37.60777082
55.76479104;37.6366843
55.57730444;37.57907638
55.71882584;37.57047609
55.58910809;37.60858808
55.68472175;37.55134272
55.67505999;37.6030661
55.66239246;37.55361378
55.56972314;37.57617051
55.56696843;37.57405932
55.6203459;37.50585889
55.61996157;37.50656805
55.72864998;37.61116936
55.68019104;37.68398437
55.73234446;37.42385401
55.80053045;37.51644556
55.65974855;37.75176993
55.6568161;37.82723689
55.65715962;37.8263024
55.58475236;37.59678755
55.67422925;37.76148762
55.67150222;37.76119587
55.66077631;37.77859345
55.66376809;37.78300384
55.66485139;37.78458771
55.66527872;37.78670244
55.66686214;37.78997969
55.66698359;37.79070069
55.82666729;37.65214038
55.66907231;37.79216541
55.66978747;37.79324201
55.64942972;37.39069277
55.81462436;37.646725
55.8149923;37.64643534
55.77122425;37.39535811
55.81769649;37.64692209
55.61556902;37.75305239
55.81821022;37.64734581
55.61437607;37.74970155
55.82270306;37.64937521
55.82245847;37.64877009
55.54928255;37.52597468
55.76269474;37.68277296
55.82588274;37.65224488
55.8594023;37.51826648
55.82991135;37.58671668
55.82994751;37.59340283
55.89918539;37.39876359
55.83994598;37.37943423
55.84073184;37.3750695
55.84590816;37.35981906
55.88561744;37.67265349
55.83312096;37.40093567
55.66225234;37.48296589
55.84710132;37.36177613
55.84569694;37.35865321
55.6853919;37.68393486
55.97029717;37.16774964
55.8373365;37.38172322
55.68302352;37.92891366
55.8364635;37.38272617
55.9779889;37.16858205
55.83504537;37.38519123
55.96998638;37.16914027
55.81121646;37.38961961
55.75380145;37.70026778
55.86252545;37.36285945
55.90999825;37.37401238
55.8171766;37.46059399
55.8143431;37.46966318
55.8251867;37.4515262
55.71510379;37.40123473
55.83183505;37.45362987
55.64316754;37.62020789
55.83283097;37.45337995
55.499969;37.57460586
55.85385118;37.58502023
55.81655858;37.46162482
55.84734734;37.3592281
55.84613221;37.36162477
55.62978162;37.32368473
55.4999829;37.59737184
55.50453309;37.59831443
55.50480252;37.58460807
55.50509831;37.5915585
55.50002295;37.59399087
55.50428257;37.58279821
55.62972109;37.32424334
55.6307619;37.32800575
55.63082597;37.32963128
55.77280468;37.49826189
55.5051917;37.58996779
55.62832283;37.31766478
55.85964663;37.61936566
55.74212581;37.59506546
55.7814207;37.55527165
55.72556407;37.85120906
55.69487852;37.6667918
55.75375737;37.36942014
55.75375421;37.36855546
55.91029617;37.38957676
55.66850831;37.76250705
55.72072855;37.60000784
55.77048869;37.685832
55.6710594;37.46680719
55.57448812;37.47271942
55.67162454;37.79484754
55.67114993;37.79402013
55.85586698;37.64660643
55.85550781;37.64678372
55.77433729;37.50012563
55.66189539;37.44222472
55.50752116;37.57452585
55.50553545;37.58004268
55.50308422;37.60247097
55.66127026;37.51118885
55.86640648;37.68284004
55.57244117;37.5786419
55.91154959;37.38574024
55.86278144;37.43611086
55.91165837;37.38765124
55.91148328;37.37846348
55.72126143;37.69864747
55.91123201;37.38034072
55.82054263;37.647777
55.69140362;37.60649815
55.72505854;37.85156851
55.71051947;37.47251458
55.76838674;37.49418278
55.80242402;37.81861167
55.8849449;37.40072632
55.64619535;37.48828761
55.74720907;37.42492876
55.645544;37.48945104
55.59839495;37.51048197
55.98382629;37.28587702
55.98296198;37.28709795
55.77457764;37.74377389
55.878686;37.66892279
55.64861139;37.51217967
55.84746751;37.41815122
55.87813605;37.64162702
55.84873738;37.41997809
55.87732639;37.64337662
55.87270085;37.65276068
55.87706132;37.65150528
55.8725531;37.65253126
55.87592012;37.6530136
55.80801624;37.51801851
55.8711346;37.66557655
55.65684221;37.74346929
55.87452099;37.66667587
55.71800366;37.39661698
55.67160938;37.47676687
55.86177399;37.36193034
55.61535847;37.34550917
55.85736801;37.56240004
55.62358205;37.26636397
55.63228274;37.26605529
55.63723354;37.26197498
55.64421626;37.26712137
55.6456783;37.26870296
55.63681614;37.26170449
55.63279225;37.26547409
55.62415116;37.26498146
55.61974961;37.27467853
55.57112851;37.19981512
55.57055161;37.19955454
55.58029154;37.24032495
55.56029663;37.1619542
55.55987181;37.16193648
55.59259476;37.23204027
55.58533889;37.26379774
55.91222947;37.55260827
55.91191202;37.54915401
55.91187598;37.55066797
55.92183364;37.54034394
55.9247338;37.54090914
55.92379222;37.54050578
55.92813067;37.54257729
55.50034074;37.33454768
55.69195444;37.93852858
55.93143482;37.55055053
55.87015053;37.34592487
55.5799834;37.16464318
55.57940998;37.16235514
55.8639762;37.68269683
55.70757016;37.86883493
55.70387927;37.85804605
55.62113006;37.74298017
55.6219902;37.74197093
55.62012795;37.74348217
55.63342395;37.73357496
55.63243576;37.73798658
55.55101606;37.55454761
55.59391096;37.22535956
55.5933001;37.23159134
55.7779766;37.45806686
55.8206784;37.64028022
55.61951795;37.65692723
55.87173962;37.69703721
55.62035958;37.65733956
55.72392327;37.9098047
55.60076005;37.67075733
55.59237971;37.67285855
55.72380353;37.9084788
55.6228165;37.74303201
55.83836321;37.41506883
55.67839217;37.5518054
55.76738859;37.74567627
55.71488805;37.82577199
55.76971213;37.74513503
55.67810715;37.55114448
55.71580672;37.39764608
55.67791801;37.77612297
55.77870229;37.54368305
55.58487937;37.67913664
55.74367288;37.56610107
55.58388259;37.67945685
55.77313991;37.4868346
55.78055104;37.63249961
55.72498684;37.6532731
55.87544574;37.65313923
55.70673458;37.91970036
55.90585186;37.53856696
55.90572702;37.53789211
55.91006138;37.5361463
55.90863696;37.53639134
55.91679096;37.53803554
55.91784893;37.53926201
55.78973423;37.55500188
55.87329444;37.58689614
55.8707756;37.58625981
55.78569749;37.54270903
55.65989611;37.77903047
55.65679868;37.77784964
55.65367778;37.7756066
55.65659395;37.77208521
55.80297126;37.64125699
55.73943363;37.65223421
55.93203183;37.55440984
55.82769263;37.43545521
55.66331702;37.48236618
55.58913624;37.22176129
55.58968278;37.22176743
55.59420461;37.22442293
55.59310354;37.23578958
55.60415611;37.24781811
55.97458991;37.311834
55.98608266;37.27928565
55.71336607;37.53052091
55.71359574;37.53224522
55.59608212;37.72509729
55.7316525;37.40544491
55.73619008;37.66491097
55.707829;37.9160413
55.70747749;37.9154024
55.77516976;37.47330309
55.77586544;37.46825836
55.77389929;37.4757565
55.63422649;37.33525173
55.70998325;37.8973235
55.7036542;37.92400769
55.55032413;37.32110387
55.55047744;37.32219348
55.48011827;37.30100949
55.70607444;37.76741496
55.90214234;37.38578853
55.9064884;37.38949449
55.88973616;37.58952057
55.89828491;37.39568227
55.66986946;37.7801641
55.56882357;37.59353405
55.76655875;37.52918595
55.76211774;37.54429539
55.70980827;37.73132833
55.83202796;37.65401403
55.70528204;37.76786073
55.60191647;37.70878464
55.6022831;37.70869775
55.78294198;37.66309253
55.84640342;37.54056126
55.63683697;37.77072067
55.63193438;37.66885202
55.66715888;37.62173173
55.71693573;37.46100128
55.64247441;37.49918214
55.69993824;37.52418195
55.59212038;37.6391617
55.69946635;37.52571256
55.59165998;37.6388389
55.78418804;37.37060447
55.78479954;37.3696324
55.5742476;37.57912644
55.64318057;37.52440209
55.75240314;37.54109638
55.82481839;37.76889136
55.79059726;37.69561162
55.76616702;37.67476484
55.58959499;37.61386964
55.89695537;37.39716875
55.90182114;37.39231623
55.79441344;37.49083346
55.89515939;37.39839946
55.87017699;37.71408037
55.8727749;37.47298539
55.89382629;37.39362283
55.9045629;37.3855998
55.89369719;37.39511687
55.8935222;37.38836008
55.69149174;37.39847635
55.89256223;37.38628118
55.6667374;37.62143976
55.89082049;37.3857395
55.69114332;37.39742644
55.66578679;37.78511962
55.66787229;37.78239252
55.63328722;37.52452111
55.6107665;37.52697575
55.61048005;37.52644023
55.68760879;37.60356012
55.62630215;37.43925578
55.62629249;37.43974386
55.75289615;37.41505788
55.81919854;37.4982269
55.7441923;37.68317011
55.74279764;37.68470279
55.83211395;37.65970615
55.81882517;37.49853787
55.64742885;37.50285441
55.8441211;37.45701366
55.71668798;37.8186632
55.67134726;37.55318041
55.67500752;37.42310723
55.67459704;37.42240089
55.79274623;37.62728169
55.79231649;37.62719383
55.57564813;37.64394284
55.7527797;37.50424215
55.76607494;37.67503318
55.62614011;37.48756919
55.62696809;37.48714832
55.83988674;37.48669803
55.78608488;37.51946757
55.78597797;37.52001018
55.60353906;37.63569418
55.50239771;37.28381703
55.50354187;37.26590824
55.4918246;37.31503636
55.80892705;37.46330869
55.63379817;37.52324365
55.5214129;37.21997119
55.52332256;37.22003767
55.52894812;37.22034969
55.73194654;37.67961758
55.73540817;37.68049739
55.73296789;37.68421362
55.72933443;37.68044906
55.71612033;37.89727627
55.55123824;37.15842609
55.57053861;37.14427884
55.57932004;37.15120223
55.58325793;37.17646373
55.58545895;37.19782498
55.54527663;37.51553167
55.71608771;37.88713095
55.71558519;37.88397619
55.65275423;37.56268846
55.78220278;37.70576046
55.66895496;37.55438337
55.89269611;37.38592851
55.7823656;37.70677574
55.75735158;37.59628089
55.81306768;37.64805582
55.81310352;37.64955163
55.68687692;37.60230785
55.79580844;37.77542394
55.82965856;37.81298696
55.62140217;37.42225853
55.69589677;37.86100702
55.63620791;37.33976026
55.85056288;37.43701253
55.71967407;37.57168734
55.85458917;37.47674339
55.80127436;37.7447977
55.62158754;37.42179369
55.75738405;37.59379993
55.67745976;37.74996013
55.75819002;37.58735398
55.70539323;37.85001786
55.67010963;37.46894459
55.77922948;37.63100066
55.86078878;37.51373051
55.72878185;37.6801621
55.733589;37.6790213
55.73571956;37.67732265
55.99036164;37.22365453
56.0037058;37.20697709
56.00303091;37.20733051
56.00703731;37.20299117
56.00626725;37.20349101
56.00854362;37.19773443
56.0079198;37.19901962
56.01329799;37.1897885
55.98691722;37.27783561
56.00319289;37.19641712
56.00471663;37.19831011
55.53431442;37.21138965
55.68066132;37.5141497
55.49145689;37.31280631
55.82609522;37.70320027
55.54002792;37.50155554
55.53762649;37.50628609
55.53965647;37.50206728
55.53761967;37.50365233
55.68336654;37.59910395
55.54812635;37.52102147
55.50208994;37.2843488
55.50271813;37.26857344
55.76033001;37.58084383
55.51398372;37.24027298
55.51470958;37.24066968
55.53544674;37.15176618
55.52071923;37.2196553
55.52406786;37.21981825
55.75998014;37.58109378
55.52801217;37.22000573
55.58538942;37.19668
55.583132;37.17584917
55.57937514;37.14925864
55.55120494;37.15791208
55.74384393;37.56814907
55.53393304;37.21321148
55.98858258;37.1453576
55.98751134;37.14510057
55.98634096;37.1460657
55.98505299;37.14588625
55.98434898;37.14670149
55.98352055;37.14811827
55.98395742;37.15349157
55.98421641;37.15215839
55.98395871;37.16040011
55.68456764;37.60076431
55.66969204;37.47688499
55.98423742;37.15832731
55.98318557;37.16176088
55.98276585;37.16213583
55.98019918;37.16174927
55.98050635;37.16215017
55.9777848;37.16216682
55.97788324;37.16747124
55.98082517;37.18399361
55.98035397;37.18422924
55.98019791;37.19334337
55.98205122;37.16882099
55.98048003;37.19287214
55.98149444;37.20695567
55.97953075;37.1730129
55.97968144;37.17270971
55.98127235;37.2075233
55.98343609;37.21150728
55.98321169;37.21049597
55.9796186;37.17283713
55.99007686;37.2134673
55.97922334;37.17273107
55.99063795;37.21306568
55.9916191;37.22456277
55.97557354;37.18075927
55.99319127;37.22802208
55.99275923;37.22656553
55.99291154;37.21372048
55.99683343;37.23567965
55.9935933;37.21404563
55.99595142;37.21262121
55.99748376;37.23838297
55.9951107;37.21267903
55.99698043;37.23810546
55.99701436;37.23856746
55.99844739;37.21114324
55.99755342;37.21115932
55.98421642;37.16554578
55.99715395;37.21138931
55.9839902;37.16542133
55.99974931;37.20982593
55.98559774;37.16536795
55.98484061;37.16571715
56.00082022;37.21347266
55.98287196;37.16839463
56.00125731;37.21250342
55.99998165;37.21792905
55.99949133;37.21910071
55.99818114;37.22273261
55.99737343;37.22430038
55.99672991;37.22864302
55.99616092;37.23011576
55.98894148;37.22626071
55.98846855;37.22690824
55.98764937;37.23259521
55.9858399;37.2369595
55.98488862;37.23826075
55.98467214;37.23185885
55.96038019;37.33618938
55.7652881;37.67036089
55.95978893;37.33645436
55.75643074;37.65791559
55.95193653;37.21672178
55.97528543;37.18772763
55.97506537;37.18763498
55.97444832;37.19099199
55.97417061;37.19098686
55.98119732;37.25133756
55.98060514;37.25506672
55.9810638;37.25379092
55.97967816;37.26074648
55.98010754;37.25935622
55.9807389;37.26543694
55.98096324;37.26482516
55.98241579;37.26899285
56.00884952;37.18536449
56.00896447;37.18801814
56.01166998;37.1585024
56.01042123;37.16201513
56.00972547;37.16246495
56.00859259;37.16520602
56.00872679;37.16633658
55.97883178;37.26452173
55.97801485;37.26392932
55.97488175;37.26306517
55.97431289;37.26248199
55.96976352;37.25945594
55.97053806;37.25999143
55.97706744;37.16054426
55.9773153;37.16054747
55.97708545;37.15629243
55.97731957;37.1550233
55.97599588;37.148758
55.97726254;37.15045017
55.97706745;37.1506001
55.97226171;37.16227258
55.97783883;37.14911143
55.97156199;37.16187238
55.97403879;37.14877941
55.97488227;37.14937382
55.98903267;37.14562535
55.9709606;37.14934769
55.98926697;37.14533034
55.97054384;37.14937153
55.9897198;37.14986648
55.98964413;37.1511989
55.969958;37.15020057
55.99005053;37.15256023
55.98280801;37.14668768
55.98963579;37.15550524
55.98055822;37.14805752
55.98842354;37.1591841
55.97965467;37.14781553
55.98785342;37.16011586
55.97026239;37.15554273
55.96996072;37.15677301
55.7102493;37.70081182
55.76031442;37.57843772
55.98795184;37.18269443
55.75869174;37.57736428
55.98859458;37.18391864
55.98405735;37.17978543
55.61604399;37.54128217
55.98412637;37.17931082
56.01027416;37.1404962
55.99998929;37.19424301
55.99865738;37.19226168
55.97028641;37.16088028
55.97638598;37.16178255
55.97374599;37.16183384
55.97411561;37.16221837
55.98367329;37.17571045
55.98334662;37.17590436
55.99025787;37.16660366
55.98799696;37.16901756
55.98872251;37.1685073
55.98492318;37.17171836
55.98573787;37.17159154
55.99137306;37.16966375
55.99141605;37.17053955
55.99265732;37.17374903
55.99254199;37.17419609
55.99557184;37.18110556
55.99972456;37.19191749
55.9918933;37.18238698
55.99164329;37.18333314
55.89380244;37.65385189
55.97319829;37.18457062
55.97325231;37.18490263
55.97058584;37.19333521
55.97102054;37.19249007
55.96846723;37.19773021
55.96901352;37.19728328
55.96162142;37.20178163
55.96479226;37.20149228
55.96561219;37.20181947
55.96113029;37.20158858
55.95519299;37.20157257
55.95607809;37.20106924
55.95567946;37.19769628
55.99456237;37.24268395
55.99447236;37.24343364
55.99270738;37.25261016
56.01656533;37.19437688
55.84769391;37.65646733
55.98200923;37.24809247
55.99457137;37.18870597
55.99560341;37.19018395
55.80778169;37.58128458
55.88430421;37.40761342
55.80274579;37.40598305
55.80277809;37.40584798
55.80404048;37.39985965
55.72156359;37.90185606
55.72255147;37.90558656
55.64259297;37.60532291
55.75118674;37.8197574
55.78145977;37.66424677
55.71640089;37.89558357
55.77919093;37.63072917
55.71508038;37.88602757
55.66897636;37.7815842
55.71625932;37.88988143
55.67171667;37.7785872
55.75642458;37.64853498
55.67331622;37.77671814
55.52650222;37.38413094
55.71368682;37.88113658
55.54844868;37.52166453
55.71383576;37.88016284
55.75531984;37.52305778
55.71420047;37.88499957
55.71383332;37.88713812
55.63414313;37.34048621
55.71297554;37.89026826
55.63362973;37.34180459
55.7133124;37.88981661
55.79687981;37.51092535
55.71267209;37.89732656
55.7164654;37.8888482
55.78917403;37.51786604
55.71602503;37.88514792
55.71536748;37.88175289
55.78953983;37.68116106
55.54426772;37.15511479
55.79091969;37.54931485
55.54483958;37.15562268
55.70836242;37.89023482
55.78755436;37.54537571
55.70925855;37.88455289
55.87170732;37.64464284
55.70857058;37.88642881
55.87094634;37.63631663
55.71104638;37.87968625
55.70985921;37.88092676
55.71461261;37.88631728
55.67566028;37.77169126
55.65051935;37.38676977
55.65918128;37.750267
55.51899306;37.34891107
55.75132782;37.81674097
55.74565632;37.56369106
55.82874996;37.81129892
55.69355641;37.608355
55.90846268;37.37142368
55.90852376;37.39005643
55.56604024;37.55821266
55.70955024;37.76349259
55.98469006;37.23516058
55.64313308;37.61915193
55.6919575;37.72203748
55.52867953;37.50947006
55.53015059;37.50405356
55.53333053;37.4995552
55.53670713;37.50042994
55.53604332;37.49918511
55.53259548;37.49904623
55.52964563;37.50501398
55.77748815;37.58492809
55.77843184;37.58514279
55.6495901;37.385838
55.72660839;37.56050633
55.71424238;37.87961089
55.71006247;37.88101986
55.85812252;37.64025644
55.91172827;37.55429506
55.68469394;37.68481189
55.76941626;37.48935104
55.77224893;37.46371262
55.77707396;37.45672358
55.79262837;37.39415066
55.54487998;37.54553508
55.77827482;37.45582978
55.75767026;37.44522212
55.75736238;37.44556622
55.7896564;37.51900105
55.61656006;37.53991908
55.78225992;37.55434762
55.47570948;37.31444929
55.55262224;37.5513189
55.82726201;37.82462094
55.78027559;37.54518524
55.77173335;37.40701046
55.75995381;37.37908068
55.73495888;37.70510603
55.57059134;37.14376708
55.88909913;37.39971998
55.6459412;37.59701797
55.80939771;37.38307598
55.97094411;37.17575991
55.97385;37.17339537
55.97562784;37.17084717
55.74046206;37.65678124
55.97157605;37.20181257
55.71317876;37.68841524
55.97011909;37.20890396
55.64776182;37.38800142
55.4752475;37.31443625
55.765883;37.74403923
55.74262951;37.60051141
55.7651318;37.74511838
55.74143563;37.59915257
55.84982942;37.68259096
55.77441384;37.54024278
55.85014182;37.68214363
55.84800612;37.68716857
55.59108184;37.60297396
55.8447762;37.68397205
55.57645273;37.13451444
55.77331528;37.6794475
55.71914973;37.90027032
55.72025132;37.59825404
55.89692408;37.38840592
55.7244264;37.46154428
55.72110307;37.46231134
55.97266996;37.19690978
55.77468132;37.54044177
55.97309622;37.19624575
55.72390828;37.47856101
55.9716364;37.20271755
55.72114081;37.46960216
55.72219593;37.47446345
55.72668762;37.47863708
55.99276223;37.24646455
55.99236619;37.24665732
55.77482105;37.53554958
55.77483582;37.53659606
55.77204501;37.73445046
55.77331739;37.7379429
55.74478947;37.73886412
55.85652155;37.56684913
55.86256856;37.43547677
55.71537301;37.40157398
55.67041717;37.44898245
55.51792177;37.34845558
55.66391015;37.60816923
55.86012978;37.56772721
55.71185163;37.74785034
55.85921672;37.64362041
55.92845753;37.54269405
55.71317978;37.87940322
55.57615718;37.13472286
55.71901919;37.90230529
55.71991079;37.90086776
55.8304918;37.36383243
55.57524708;37.47258149
55.32117158;37.07091855
55.84882848;37.63997225
55.71499825;37.69491731
55.78503052;37.74614096
55.78225064;37.74623876
55.78048173;37.74685683
55.78384828;37.52257433
55.7796856;37.7465815
55.6163604;37.34457343
55.87806886;37.46793585
55.87770334;37.46805398
55.71558864;37.47377466
55.75459204;37.44729623
55.75467713;37.44749444
55.79765485;37.53713649
55.68365993;37.92818694
55.77320659;37.48930967
55.61174416;37.60395193
55.84051185;37.54492783
55.60952612;37.61153019
55.62383715;37.64645712
55.6799089;37.71664763
55.72846251;37.4726905
55.81525712;37.58182626
55.86430168;37.60400174
55.81567767;37.58198116
55.63310597;37.52892826
55.45391339;37.89307952
55.63531414;37.53440607
55.60591815;37.59046363
55.91257183;37.55654162
55.60589738;37.58986942
55.93332965;37.55160628
56.01166003;37.18180337
55.70311391;37.92559263
55.93272358;37.54993558
55.98542546;37.21588892
55.86287159;37.56680811
55.70100419;37.92216843
55.82477376;37.52632504
55.98433594;37.22048256
55.97479523;37.17152058
55.98469774;37.21949591
55.97308722;37.17392496
55.98708036;37.22918258
55.97031643;37.1746211
55.98562687;37.21529461
55.64438957;37.41365166
55.61046138;37.60297463
55.64492623;37.41486292
55.60995248;37.6113981
55.66462971;37.57694206
55.66537521;37.57065776
55.6666251;37.56453676
55.66497972;37.57406307
55.66605694;37.56537841
55.88014853;37.66977687
55.83988277;37.48033973
55.7275452;37.6541671
55.73049475;37.65908406
55.96281963;37.18556821
55.96690824;37.18491728
55.9678273;37.18558216
55.81506594;37.65812348
55.7175369;37.74465659
55.7202389;37.74301454
55.71481027;37.7595394
55.71780161;37.75112069
55.79882787;37.61569841
55.79243756;37.39374318
55.62578501;37.33738575
55.61248789;37.34893208
55.61894185;37.33910997
55.61991719;37.33907922
55.6133398;37.34863839
55.83321441;37.4019824
55.62668273;37.33769427
55.87903162;37.73307811
55.87821409;37.73360777
55.83515727;37.41100822
55.82998719;37.82845073
55.83493409;37.41104241
55.82063437;37.64745083
55.2567041;37.0892814
55.71724198;37.83115185
55.71775024;37.83209361
55.8629455;37.53397128
55.86252472;37.53424989
55.6527539;37.60565305
55.64593134;37.60529815
55.59813471;37.35556031
55.84311322;37.56454225
55.23611701;37.03765094
55.61202786;37.299044
55.611868;37.30322753
55.60885354;37.29325711
55.60852864;37.29866752
55.5971644;37.34680012
55.71603557;37.74556246
55.67645469;37.57461262
55.67690115;37.57271364
55.62119514;37.44579989
55.63263397;37.48072146
55.66681203;37.64778247
55.66163731;37.59734661
55.63018875;37.64792792
55.90384324;37.38518416
55.86445247;37.51044109
55.66344496;37.74115495
55.90150513;37.38585068
55.60596321;37.46007685
55.74261184;37.89045431
55.62546662;37.5133699
55.63811987;37.53727346
55.69400191;37.84972962
55.68631695;37.71732914
55.62006347;37.44601294
55.72032597;37.51287444
55.72631104;37.37988964
55.24544769;37.059856
55.24603514;37.06213359
55.72616924;37.37899033
55.66261928;37.62502658
55.44982782;37.52052801
55.73764964;37.65501209
55.57974396;37.24025894
55.47439723;37.30874054
55.47074654;37.30173449
55.47135844;37.30296038
55.46617154;37.29474148
55.46628091;37.29550108
55.47145489;37.29148107
55.47478418;37.29557616
55.47436525;37.29460764
55.47604733;37.29714285
55.47808282;37.29911493
55.48091115;37.30198662
55.48400439;37.30519239
55.48517894;37.30576179
55.49050581;37.40180214
55.49129154;37.40138746
55.45476003;37.29523008
55.45134579;37.30086941
55.45081321;37.3044158
55.45120495;37.31411654
55.45114594;37.31553869
55.58754766;37.35297822
55.58851884;37.35184084
55.58163656;37.35908076
55.47974983;37.39780342
55.61726641;37.50944378
55.57945499;37.35692623
55.59836565;37.35495145
55.47275734;37.29261318
55.66442885;37.78088661
55.66637343;37.77723714
55.66736071;37.77370502
55.67050312;37.77799345
55.66838055;37.77291893
55.71457046;37.82849818
55.681092;37.9285427
55.68124854;37.92224978
55.70862926;37.8640721
55.49988777;37.56597263
55.50382047;37.56194405
55.51123194;37.57092348
55.78379333;37.74609084
55.51059124;37.56327932
55.60382879;37.48485317
55.73654412;37.68363383
55.74623762;37.86696804
55.75452205;37.70644058
55.63126811;37.76867695
55.77220054;37.46504848
55.899214;37.54888115
55.57258254;37.35711878
55.47437281;37.30713864
55.63550193;37.76523886
55.59448984;37.35075139
55.59471046;37.35173773
56.01199497;37.13954319
55.7241735;37.68567874
55.73523211;37.69832179
55.44959641;36.89480559
55.52840364;37.23585418
55.58797623;37.37294967
55.52912283;37.23561312
55.8649658;37.50687371
55.77556186;37.48249154
55.86698853;37.50102971
55.86555384;37.51532458
55.8661942;37.50279728
55.78393481;37.66159438
55.5768009;37.35363909
55.77983308;37.66539789
55.68098775;37.57777257
55.55310542;37.13842258
55.68063292;37.57848799
55.55356717;37.13861103
55.70748208;37.86971391
55.43201464;36.86407456
55.97442489;37.31107657
55.46277072;36.91663553
55.774286;37.48316647
55.77489415;37.50044812
55.46245474;36.91670443
55.57312259;37.35683525
55.47075425;36.92883229
55.50785127;36.98205522
55.52112054;37.00768814
55.52170117;37.00861986
55.52271408;37.01431696
55.52349125;37.01580082
55.5324918;37.05438334
55.53291899;37.05414298
55.53507328;37.06356867
55.30333021;37.14118766
55.30364641;37.14183381
55.29013184;37.12755208
55.29040964;37.12831317
55.26803079;37.11962678
55.25921091;37.09649155
55.25900493;37.09521964
55.24312634;37.05451485
55.24303094;37.05334838
55.2365676;37.03663968
55.23180561;37.02415061
55.70235769;37.91598823
55.70394591;37.91951621
55.27873119;37.11611566
55.23183304;37.02491041
55.22288254;37.00072508
55.2227571;37.00137559
55.22788808;37.05890545
55.44919905;36.89320578
55.29209302;37.18245936
55.29181298;37.18111367
55.29633935;37.19290681
55.29634705;37.19353837
55.30859481;37.18205489
55.30608057;37.18614285
55.30180789;37.21103709
55.30194081;37.2104259
55.3038275;37.21802428
55.30390218;37.21862329
55.31608522;37.24446645
55.31616122;37.24551899
55.32063013;37.25631505
55.32056609;37.25692886
55.33557406;37.29615211
55.3359581;37.2962883
55.34408349;37.31744247
55.34364404;37.31731603
55.35058227;37.33530425
55.65182382;37.53458704
55.36392885;37.36945221
55.36412218;37.3706185
55.36977172;37.38471691
55.37020503;37.38640198
55.38796493;37.42045139
55.87757384;37.44717313
55.38854425;37.42101764
55.85792178;37.62019649
55.65251997;37.53590382
55.85502753;37.62050097
55.40116393;37.44952617
55.78596223;37.65910668
55.40117964;37.45037979
55.69962227;37.91388159
55.40399731;37.45761342
55.40397938;37.45854483
55.86881759;37.70819823
55.49448374;37.56926558
55.49390767;37.56962322
55.37606049;37.39498722
55.70145512;37.62239448
55.38567496;37.41478114
55.38562013;37.41390415
55.66758849;37.42429127
55.49821357;37.57113391
55.66783018;37.42576478
55.49832384;37.57026378
55.48670786;37.5667126
55.4868642;37.56758157
55.67667989;37.41650727
55.67549738;37.60314772
55.67627882;37.41588643
55.54069798;37.5839304
55.71348531;37.73236161
55.60538854;37.35674708
55.7360056;37.66458209
55.50921874;37.35131399
55.5820663;37.35997018
55.71226777;37.74792102
55.90499653;37.57422798
55.54921125;37.35293329
55.4258225;37.2810869
55.42568317;37.28077327
55.42448832;37.29616415
55.42879604;37.27720578
55.75192499;37.40671862
55.42467314;37.29559678
55.42871502;37.30609557
55.42787072;37.30491686
55.4309577;37.31698907
55.43091773;37.31876639
55.43216768;37.33001767
55.43218523;37.32809888
55.43253495;37.33742449
55.43278992;37.33598235
55.42977697;37.35112859
55.42980344;37.35046039
55.43321554;37.36746848
55.43369654;37.36621799
55.43380956;37.37557602
55.43350735;37.37583361
55.42641314;37.39729798
55.42511126;37.39810309
55.86934551;37.50149249
55.4172545;37.40834707
55.41686698;37.40790262
55.42023781;37.40540557
55.41991507;37.40635373
55.4105668;37.41506884
55.41113249;37.41386149
55.40627494;37.42231619
55.34408734;37.34309389
55.3458597;37.34311899
55.86386381;37.68195311
55.59855664;37.34799935
55.59988965;37.34998056
55.60073218;37.35009835
55.5804449;37.47916569
55.35287052;37.34048725
55.473761;37.53684982
55.47396815;37.53598061
55.47856867;37.5273931
55.59606994;37.34783046
55.51120221;37.56316574
55.4726415;37.54185562
55.49975804;37.56690538
55.35326648;37.34247878
55.55368043;37.43361077
55.47866377;37.52677235
55.48289269;37.52044329
55.63422402;37.53181915
55.35210629;37.3414699
55.55340871;37.43345406
55.48224027;37.52157603
55.48696634;37.51527789
55.97703023;37.16374152
55.48697619;37.51479925
55.98762836;37.23174912
55.60459222;37.35410186
55.86918594;37.71038103
55.32358954;37.34828788
55.58911136;37.59997695
55.50595345;37.26017476
55.71229743;37.74453783
55.50526561;37.26133774
55.50438658;37.57357484
55.46682967;37.29974662
55.86975141;37.50238972
55.7458295;37.41921639
55.64720553;37.46920001
55.58228734;37.47482269
55.65189153;37.47051455
55.75329035;37.41392595
55.51131814;37.569328
55.89908346;37.37725855
55.89939649;37.37984592
55.89942962;37.38193753
55.74122753;37.65282695
55.75587341;37.40065697
56.00605425;37.16616338
55.73773664;37.58909659
56.00671317;37.16694992
56.0012312;37.16288301
56.0016043;37.16330799
55.8235133;37.80877692
55.75245124;37.62620928
55.78925775;37.38189875
55.51359501;37.23008127
55.51406499;37.22916146
55.75799594;37.58473307
55.97728956;37.16329136
55.97820677;37.1617507
55.60403588;37.1906297
55.60097669;37.18281226
55.60098191;37.18307317
55.78346814;37.64037298
55.69071881;37.47173528
55.77648984;37.53072658
55.82149938;37.49634055
55.61810007;37.64517833
55.83169246;37.35175255
55.61834422;37.64556953
55.58448742;37.18405357
55.58450869;37.18525245
55.61383956;37.49181131
55.67868772;37.41381095
55.62072715;37.21496955
55.61649917;37.20865758
55.61689263;37.21011733
55.6110812;37.19990417
55.61193338;37.20120812
55.61460025;37.29839484
55.63321984;37.33309308
55.6451776;37.4724763
55.64468328;37.47263881
55.8697589;37.50614656
55.78872533;37.49904437
55.21162674;37.06639177
55.21116285;37.06661428
55.20566419;37.06633069
55.19955073;37.06616255
55.18850876;37.05324163
55.1805991;37.02304567
55.18389611;37.00005648
55.78843739;37.61319838
55.89601108;37.40069477
55.7896183;37.60493144
55.89482846;37.40198357
55.89360357;37.40226104
55.67470671;37.45165958
55.89094009;37.40388551
55.62278614;37.78589508
55.89212107;37.40408501
55.90270606;37.3910431
55.21653049;37.07266771
55.89916419;37.39933657
55.88561346;37.40722921
55.79237994;37.66063244
55.83419416;37.66112193
55.83544254;37.65992974
55.83519898;37.65683762
55.94821195;37.53985226
55.84505615;37.56828721
55.81936501;37.52430474
55.57617941;37.48087072
55.80229586;37.38427315
55.71227171;37.40666053
55.78809477;37.51175768
55.60380724;37.36277269
55.84865671;37.56928054
55.76652931;37.74518948
55.65606353;37.43967692
55.65575676;37.4389053
55.6121;37.60416276
55.74458814;37.86643155
55.80494258;37.74508956
55.68465812;37.83088114
55.80683499;37.62226692
55.80572852;37.62384724
55.80265821;37.62997223
55.80392206;37.62723665
55.81370361;37.60055053
55.86045627;37.46710271
55.73894565;37.48359215
55.71421734;37.40620887
55.71363071;37.40918904
55.77192302;37.37000542
55.77192799;37.36900443
55.67275966;37.61028976
55.66691521;37.42691536
55.64229951;37.65548511
55.84618591;37.56934556
55.7081281;37.45714784
55.9699846;37.16257339
55.97032958;37.1815257
55.83609879;37.50509261
55.8352425;37.5057291
55.83439903;37.50588421
55.81551868;37.49276965
55.8176594;37.48743436
55.30006181;37.20249288
55.50462569;37.56175144
55.81538819;37.49346496
55.8180318;37.4877502
55.55933322;37.33246521
55.89988538;37.38734821
55.89919074;37.38754823
55.64224707;37.39737628
55.64217272;37.39889602
55.63966;37.39708633
55.63836034;37.39840708
55.44500281;37.24416322
55.80697506;37.51136505
55.56997094;37.49146558
55.81095924;37.51490545
55.57036526;37.49274208
55.80891553;37.51459338
55.56776147;37.48698139
55.67412749;37.44137065
55.56788349;37.48764527
55.7112838;37.87790012
55.71633;37.75526632
55.71125135;37.87754321
55.90389139;37.54275665
55.71205841;37.88607173
55.87668295;37.61943171
55.68439429;37.34009323
55.63531007;37.65655222
55.83051422;37.68315194
55.44123982;37.28596923
55.44141904;37.28578626
55.44392794;37.26523206
55.44372216;37.26563043
55.44657982;37.25200049
55.76122694;37.73843096
55.44626492;37.25275723
55.73924578;37.6537211
55.86992231;37.50572816
55.70588591;37.74932146
55.70218587;37.75178358
55.85891219;37.59014166
55.72163428;37.55912372
55.86238356;37.59100485
55.70820782;37.87789066
55.69871484;37.75412823
55.41449824;37.19076444
55.73238421;37.60440658
55.74752899;37.5429387
55.821407;37.64264849
55.67679583;37.71671023
56.00533072;37.39623277
55.7994667;37.53292592
55.44426478;37.32888132
55.80390273;37.74539982
55.99156646;37.16624072
55.65359927;37.60512695
55.96444424;37.18600283
55.80180064;37.71614856
55.80421875;37.71485926
55.80874175;37.49405571
55.79914795;37.73482777
55.66290846;37.78132491
55.74390488;37.70523752
55.74407501;37.70273769
55.67469685;37.76139045
55.67123739;37.76107891
55.85879118;37.48494848
55.73112552;37.82400841
55.73228488;37.82726448
55.65165529;37.77329341
55.73257675;37.68016184
55.73270998;37.6858855
55.73042439;37.69505366
55.73068787;37.70433167
55.73087932;37.70428264
55.725569;37.68546779
55.75157467;37.68288786
55.83791628;37.52239701
55.83412321;37.52044056
55.83403761;37.52068199
55.83857717;37.52298571
55.7497234;37.67730581
55.78631623;37.66338502
55.66317291;37.74161959
55.68647205;37.56437388
55.73490535;37.71514134
55.73628293;37.71041523
55.73642502;37.71054552
55.7255485;37.52702568
55.72905859;37.52497634
55.72512541;37.52785463
55.87786577;37.72273682
55.87673008;37.72561909
55.87401557;37.71977532
55.88006905;37.71339906
55.81581047;37.65428431
55.87675175;37.71162476
55.81579298;37.65284952
55.87679553;37.71209088
55.81643716;37.64327667
55.87135996;37.71024752
55.81595801;37.64907225
55.89030243;37.52959115
55.83307832;37.66643672
55.85686404;37.49571478
55.83347047;37.66472047
55.85632094;37.49599758
55.83608166;37.66742093
55.87961606;37.71360497
55.87863731;37.48535187
55.84513077;37.52848409
55.84525444;37.53360899
55.86911801;37.49445833
55.86891377;37.49559007
55.87351045;37.66680014
55.87373826;37.67343181
55.87323061;37.69366469
55.8764414;37.69579639
55.80794285;37.63649093
55.80910829;37.63007853
55.81712006;37.62044804
55.82072914;37.62078729
55.81030868;37.63168361
55.79645843;37.74502762
55.79205531;37.74345409
55.79043124;37.7410549
55.79035415;37.74158296
55.79023257;37.73648745
55.7900898;37.73667806
55.78879652;37.73279731
55.78878314;37.73306284
55.78696679;37.7332685
55.81811627;37.60278943
55.81714268;37.6889031
55.77509318;37.69632838
55.87913735;37.48363183
55.78721704;37.73608578
55.71263992;37.86265395
55.71584069;37.86107106
55.71406806;37.85558553
55.78789914;37.68567275
55.78830338;37.68523272
55.79336578;37.69866283
55.7992958;37.80613719
55.66900866;37.76826468
55.67120875;37.77442124
55.67632054;37.76195917
55.7153128;37.75094916
55.69972472;37.75185836
55.73257513;37.76413825
55.73197087;37.76376271
55.69912667;37.75094007
55.69659036;37.7525273
55.62396776;37.30304386
55.62215024;37.26682809
55.62553925;37.30676375
55.62472007;37.30153925
55.73286897;37.4361369
55.65717971;37.60616542
55.68365809;37.7445161
55.68033836;37.7450773
55.67671956;37.74564727
55.67361004;37.74617047
55.67070253;37.74556341
55.67170717;37.74655134
55.67449051;37.74632361
55.67767474;37.74581711
55.68024197;37.74538193
55.70651396;37.77973104
55.70634359;37.80285254
55.70643373;37.80303659
55.68803842;37.6022397
55.72457355;37.77153311
55.7247138;37.7710239
55.68927901;37.60030087
55.72945059;37.77382446
55.65801298;37.55109022
55.72947776;37.77361252
55.68906308;37.59535833
55.70098556;37.65630566
55.6996645;37.65477418
55.70780047;37.80943128
55.88221976;37.6602687
55.6961761;37.80004027
55.87625608;37.4820068
55.70270325;37.82235989
55.70118246;37.81966963
55.69676561;37.81141112
55.79240658;37.60088133
55.69648943;37.81445074
55.60211356;37.55195828
55.65300985;37.5532266
55.81682167;37.564696
55.6559525;37.55607081
55.70984985;37.50489618
55.70925831;37.50464942
55.70766224;37.50099748
55.7048953;37.49602334
55.70259439;37.49403272
55.7002501;37.4980664
55.69821166;37.49759174
55.69945917;37.49428224
55.70397384;37.49511318
55.70633611;37.49940078
55.70714999;37.50077165
55.6319885;37.48367278
55.6973004;37.50315445
55.69706065;37.50465602
55.69482149;37.50967433
55.69472381;37.50872881
55.69646666;37.51203551
55.76662671;37.3793008
55.80001036;37.740052
55.64502393;37.4913928
55.61505209;37.49115133
55.61837528;37.48723275
55.62245872;37.48281554
55.6254559;37.48630548
55.83345079;37.42579062
55.83327581;37.42614602
55.83702516;37.41816906
55.79501804;37.38154478
55.79296133;37.38257061
55.7894263;37.54125856
55.84989189;37.39325743
55.85083474;37.39270984
55.75437017;37.69024885
55.73638559;37.72040025
55.73578515;37.72004199
55.66170623;37.70389175
55.6615787;37.70371774
55.69191474;37.60190198
55.69447282;37.5987421
55.70325231;37.59078984
55.70693736;37.58523353
55.70280382;37.59102926
55.69483526;37.59806592
55.7588946;37.70984236
55.75910464;37.70861325
55.76128649;37.70322693
55.76036673;37.70510876
55.76488237;37.70106612
55.76447218;37.70020702
55.76722003;37.69649677
55.76650655;37.69812258
55.77025822;37.69111668
55.77011797;37.69080393
55.81969509;37.46718051
55.8252524;37.46179678
55.83052144;37.47062009
55.82486645;37.46180261
55.75456028;37.69097486
55.75582573;37.69400056
55.86924119;37.65248876
55.86403514;37.66022539
55.87429611;37.67114219
55.87042984;37.66467869
55.7228029;37.89675299
55.72150835;37.89991437
55.68430161;37.69340238
55.68474819;37.69396762
55.67975332;37.69011192
55.68040887;37.6908594
55.88505475;37.40790711
55.83031257;37.59958258
55.68980095;37.59371938
55.78851988;37.50113925
55.86416;37.57448312
55.75244395;37.71663582
55.84528814;37.54581597
55.84555714;37.54625098
55.31410019;37.22588581
55.84714193;37.55311695
55.84720274;37.55271999
55.69517222;37.66395713
55.65925412;37.41082422
55.78851784;37.74576169
55.70588523;37.66332455
55.74621122;37.5355145
55.77689415;37.50560824
55.77678255;37.50644498
55.74941638;37.54694905
55.84850943;37.57126551
55.75102744;37.60972419
55.75510269;37.6125503
55.75223754;37.61014618
55.75753024;37.61676758
55.75971881;37.62522564
55.47590243;37.29654521
55.75886714;37.61897188
55.75281274;37.60251868
55.57733048;37.68071318
55.57719533;37.68213674
55.57767993;37.67643534
55.5772337;37.67644018
55.58000005;37.67677786
55.75431525;37.63403586
55.75924994;37.62846828
55.78368224;37.44812122
55.74647847;37.633394
55.79247837;37.60328867
55.63773732;37.35460262
55.75519688;37.61042566
55.76238663;37.61775306
55.75939085;37.61966117
55.76494084;37.62017798
55.76491832;37.61769863
55.79928085;37.49974364
55.34998894;37.36871569
55.51008024;37.56097138
55.51060764;37.56144479
55.347344;37.38839157
55.37292014;37.37567579
55.49423697;37.5035402
55.49311866;37.50452256
55.49339583;37.49856234
55.49340308;37.49944219
55.49503511;37.48565446
55.4959384;37.48489938
55.49772738;37.48377884
55.32580275;37.10041871
55.32326191;37.07846298
55.31836471;37.05564894
55.31524103;37.02681286
55.3257397;37.10114083
55.32324122;37.07891964
55.31859402;37.057555
55.81030977;37.39187144
55.93598942;37.55392032
55.63902064;37.32536189
55.63782204;37.32504939
55.58541599;37.45929258
55.58825753;37.45453845
55.40686948;36.91447047
55.83261446;37.63477197
55.8361076;37.62880552
55.83674451;37.62754684
55.83237157;37.63511122
55.70906075;37.74397503
55.73947352;37.66512426
55.7531413;37.63259762
55.73872535;37.67534709
55.74754614;37.61270438
55.76437334;37.60631225
55.72962807;37.74639808
55.64012816;37.3261392
55.68300652;37.7175582
55.7411626;37.65723332
55.68265409;37.71728376
55.75022085;37.64318584
55.67954034;37.71639936
55.72289117;37.51689667
55.60035932;37.51885085
55.63244696;37.80789725
55.71703263;37.79364992
55.60971853;37.71833516
55.74358086;37.56626241
55.6020039;37.72173689
55.60236038;37.72224578
55.77835033;37.45940168
55.73151965;37.72087396
55.6696374;37.5536799
55.52283241;37.38345188
55.8040083;37.43070705
55.66894878;37.45603843
55.80425857;37.43006678
55.73139134;37.61244858
55.71026532;37.62215703
55.73899712;37.67523451
55.72998554;37.62453108
55.66128825;37.61914365
55.64835831;37.51386927
55.69819093;37.91540255
55.65941162;37.33264878
55.67635227;37.5188077
55.65894012;37.33338117
55.6747784;37.54009639
55.7951864;37.50413478
55.79434194;37.50490697
55.66841715;37.53707912
55.63647825;37.32932433
55.78228264;37.60173587
55.77775938;37.51169133
55.68050665;37.49445049
55.69815416;37.65106078
55.69817626;37.65044042
55.79069968;37.40429325
55.77754224;37.5162217
55.70559395;37.51490976
55.60987199;37.71866981
55.64793599;37.74077903
55.65455754;37.52269469
55.64826809;37.74197493
55.85957929;37.34532746
55.47265434;37.30975764
55.68173151;37.45510712
55.87448047;37.72524795
55.85984097;37.34964067
55.85876315;37.3501012
55.66905366;37.50815652
55.68199765;37.45519816
55.69341513;37.8503058
55.69336232;37.72552468
55.47380159;37.31230059
55.85993164;37.34541138
55.59438623;37.60240939
55.767902;37.51060371
55.87985084;37.57170558
55.668827;37.55278112
55.64568226;37.71072171
55.65062768;37.71784392
55.64517563;37.70828712
55.82682973;37.58131026
55.58218224;37.46767098
55.65037842;37.71699546
55.65341989;37.60100378
55.65295464;37.60152167
55.82415646;37.64243654
55.58187826;37.46886192
55.74170224;37.65547858
55.75887887;37.55919275
55.70520747;37.459081
55.65562314;37.64702216
55.75736514;37.54513239
55.79786336;37.48397939
55.78354181;37.48170582
55.91521158;37.54365186
55.77719101;37.51684257
55.77769934;37.52172548
55.84043168;37.40062694
55.75628347;37.55823821
55.66255632;37.55419651
55.72681597;37.55942301
55.82390944;37.64283418
55.59976983;37.52262021
55.59962954;37.52212707
55.85143276;37.45213592
55.85125135;37.45266017
55.80531741;37.52821794
55.71183636;37.43941029
55.80877473;37.52945405
55.71157349;37.44063312
55.718281;37.4525908
55.7560407;37.59887792
55.65496767;37.57620363
55.75587783;37.60010328
55.64356004;37.52670845
55.86455631;37.36574602
55.65475533;37.57593021
55.64958632;37.37205904
55.65306266;37.61740013
55.64750952;37.36868944
55.731238;37.4447613
55.65948308;37.73546504
55.65920988;37.73362571
55.70422705;37.76666181
55.64143558;37.52523241
55.67680197;37.73973509
55.61429086;37.69427535
55.67006277;37.76439393
55.68126296;37.74957726
55.67728718;37.73911277
55.68053221;37.749168
55.70331735;37.45750972
55.88758914;37.66267441
55.65980694;37.72086104
55.68559881;37.72387026
55.8330734;37.39188593
55.65668309;37.47186232
55.79364821;37.82154062
55.5151104;37.22439592
55.75677894;37.56016919
55.83747264;37.63815568
55.7837514;37.63557698
55.30004227;37.13813489
55.50072632;37.33262489
55.62112746;37.61473698
55.62110691;37.61401198
55.704403;37.62215151
55.70452519;37.63843818
55.65227537;37.61924829
55.58013598;37.59756042
55.70414003;37.63799817
55.60920715;37.60993015
55.7102438;37.66504606
55.86545864;37.36654246
55.86253865;37.37203751
55.85402284;37.58497242
55.87569719;37.58597816
55.70788947;37.65876335
55.87564824;37.58653936
55.66378863;37.61218795
55.84675818;37.58528408
55.82545734;37.58344227
55.78086428;37.43853368
55.79420677;37.54485023
55.79485212;37.54602831
55.81259566;37.47760713
55.87960903;37.5810009
55.81785581;37.45985969
55.87970809;37.57763154
55.54422228;37.54277471
55.80451909;37.51506461
55.78438943;37.56685776
55.85133434;37.67944438
55.78166547;37.57538383
55.8054028;37.51479437
55.69405484;37.53555409
55.75792062;37.61279445
55.71503758;37.81836593
55.77999579;37.57900539
55.68112868;37.513444
55.55327901;37.55799378
55.68202216;37.51669406
55.85468123;37.47705519
55.86081372;37.37174091
55.72224884;37.55775779
55.78523753;37.56772582
55.5709644;37.57926329
55.812262;37.47785748
55.5473942;37.55197301
55.54755356;37.55395143
55.84225467;37.5546848
55.53481473;37.53637595
55.53530195;37.53635441
55.73640621;37.46618954
55.74545364;37.68129348
55.81720911;37.50000643
55.86306474;37.43600133
55.70683165;37.5128769
55.56770247;37.56163983
55.54246408;37.55152512
55.55279052;37.55590909
55.85284045;37.68040773
55.78947323;37.60257556
55.54287144;37.53241977
55.62377485;37.60965174
55.58222785;37.59678824
55.73570596;37.46748991
55.48991705;37.50321021
55.78476965;37.53942452
55.50832971;37.53366219
55.50817347;37.53596743
55.50256446;37.5177512
55.60323392;37.63544168
55.50352479;37.51984408
55.59574361;37.59372272
55.67767991;37.759754
55.56699831;37.48384151
55.56239574;37.48721029
55.56558424;37.48536868
55.56120652;37.48731757
55.55833057;37.48935353
55.55396225;37.49000828
55.55950904;37.48875619
55.55392303;37.4904411
55.54718667;37.48678409
55.54830151;37.48647798
55.54358655;37.48945294
55.54114833;37.48954321
55.54221924;37.48915249
55.54007034;37.49052284
55.54004276;37.49686138
55.54005994;37.49510048
55.57785563;37.47051857
55.57584766;37.47157321
55.59830693;37.53792295
55.71991936;37.51166121
55.66519976;37.56931597
55.43007744;37.38930859
55.43002692;37.38872559
55.80796613;37.56257867
55.77722214;37.47763395
55.7973922;37.49900845
55.75148402;37.55121465
55.77887903;37.46086902
55.7451181;37.62730112
55.76696823;37.71564783
55.63498095;37.65683716
55.8367167;37.53743659
55.83714408;37.41490476
55.68660988;37.54802291
55.62208033;37.42558369
55.78102958;37.51225733
55.67585547;37.50438952
55.6036341;37.66686739
55.64687575;37.63324057
55.63485371;37.54166254
55.53746174;37.39505588
55.5039788;37.33739421
55.53793255;37.07825343
55.62222738;37.60930484
55.58461188;37.59818939
55.65711329;37.5700022
55.74455617;37.62457927
55.53879056;37.07871955
55.72301193;37.51752836
55.55564734;37.44027888
55.66096397;37.42631926
55.70264818;37.93071533
55.78411228;37.51065383
55.64778212;37.48538394
55.67314908;37.61996263
55.66166753;37.48176323
55.66938972;37.58637403
55.47256644;36.92770988
55.70647735;37.92374503
55.47141451;36.92758784
55.763628;37.5599284
55.83277446;37.57251893
55.63215687;37.74530642
55.63846763;37.63184382
55.68695521;37.57472237
55.72652194;37.58163008
55.63540288;37.76345244
55.63162481;37.76378699
55.72658071;37.58093377
55.64696675;37.48443221
55.65497393;37.54094236
55.71706695;37.79536765
55.66448232;37.4831537
55.70703133;37.92879189
55.73079279;37.73756704
55.70761371;37.93131581
55.70462911;37.93296404
55.70401656;37.93106574
55.7069241;37.92763327
55.63968766;37.75392739
55.63970647;37.75504003
55.70639148;37.73089233
55.68401004;37.43064259
55.61479422;37.6948766
55.54630817;37.58577108
55.59900705;37.17071233
55.72312437;37.49804254
55.69828089;37.49898174
55.7002356;37.74844358
55.72327403;37.49833269
55.55584134;37.43946288
55.70477369;37.51226659
55.6540805;37.52106158
55.70689112;37.73117237
55.66211002;37.4844027
55.67139865;37.45018961
55.68918416;37.39551044
55.66828324;37.45672103
55.64345541;37.46879209
55.69717173;37.39087617
55.31938074;37.15942959
55.69961772;37.39609807
55.30114602;37.20226952
55.79077687;37.53444248
55.66612209;37.5415416
55.69675929;37.38958717
55.66654381;37.54139013
55.84827332;37.57203438
55.69297242;37.8500831
55.79283616;37.49282985
55.69211563;37.7290416
55.60768546;37.29331124
55.69233733;37.72926208
55.59993863;37.31887671
55.6862546;37.59294647
55.75995904;37.58571828
55.70750781;37.68478672
55.52454351;37.37821474
55.84677903;37.58973445
55.65366359;37.76574289
55.78446473;37.53795164
55.65215115;37.70988872
55.82663172;37.45072461
55.77226995;37.6751056
55.83074488;37.36046416
55.83106065;37.35917898
55.74434624;37.60126198
55.83080335;37.36267363
55.50092397;37.5864323
55.59505784;37.21624118
55.78879655;37.50793343
55.50382091;37.59961479
55.59538672;37.21500346
55.50184396;37.60234411
55.67749865;37.50735306
55.72604559;37.41703394
55.74000221;37.43328274
55.63276325;37.80735373
55.6644882;37.57983826
55.59752171;37.74241336
55.87776024;37.70609799
55.78298977;37.53480996
55.66831333;37.58399109
55.72014075;37.42275044
55.7128852;37.42350089
55.80428224;37.47230885
55.77192829;37.49738818
55.71891854;37.45642495
55.73381027;37.73783957
55.86187248;37.56194295
55.7961222;37.46038238
55.85219474;37.40699114
55.84556745;37.53891172
55.84551149;37.53830755
55.71650216;37.42362274
55.71642729;37.42310696
55.65004622;37.56140931
55.66162353;37.5113499
55.81274804;37.41024997
55.66071081;37.32913407
55.66101858;37.3287913
55.79468617;37.49503602
55.78135589;37.5156532
55.79383115;37.49253868
55.77777275;37.51713991
55.83856958;37.35171106
55.78421667;37.51416529
55.64825913;37.74187138
55.8482156;37.34366565
55.85435102;37.35406688
55.85752755;37.35316842
55.85332636;37.34235448
55.85717382;37.34295881
55.79345225;37.51732316
55.77356021;37.57811788
55.77301108;37.57711704
55.77474573;37.58218816
55.76794676;37.57262692
55.76835538;37.57237404
55.77219178;37.5811177
55.87320802;37.53908121
55.60103449;37.71985614
55.77898057;37.60582521
55.65343977;37.72190067
55.67811503;37.74937573
55.65111274;37.55331131
55.8287404;37.41350739
55.82864424;37.4163669
55.82812426;37.41655979
55.84954574;37.35496588
55.61118412;37.71977584
55.68889422;37.54411362
55.58427848;37.59743034
55.64961584;37.34457941
55.64884997;37.34392774
55.65545249;37.35345176
55.6406924;37.34846976
55.68247921;37.55548976
55.74339382;37.61447198
55.74398684;37.61481186
55.65007587;37.56473063
55.66130367;37.48160594
55.74535649;37.61428192
55.77391083;37.54405344
55.61328489;37.53088742
55.85731063;37.35621704
55.60314331;37.48548173
55.89913792;37.58731495
55.60646994;37.53027307
55.67626351;37.50589002
55.6067972;37.53023175
55.62274196;37.76039504
55.62156199;37.42491901
55.74958291;37.63322886
55.88757404;37.66758169
55.64323325;37.46967096
55.74967414;37.62642458
55.63436624;37.54236284
55.60986718;37.54697029
55.70495375;37.51108146
55.6098563;37.54812117
56.01219487;37.19160279
55.69726061;37.49864042
55.65414418;37.47078739
55.49465044;37.32908739
55.60557453;37.53594454
56.01101349;37.19210615
55.49143014;37.32699169
55.67185967;37.51839048
55.69640807;37.49553551
55.39269039;37.23110842
55.61368189;37.49621223
55.61289417;37.49584809
55.52355114;37.37685528
55.39755073;37.23652694
55.51940014;37.37049146
55.70224818;37.52912456
55.52910724;37.38769438
55.88738015;37.672088
55.51887184;37.37014108
55.5289775;37.38798778
55.69599653;37.49646514
55.79305042;37.55799903
55.49144314;37.32660139
55.64193192;37.52811364
55.63525972;37.35937516
55.68726754;37.37284969
55.65081497;37.55317458
55.65174112;37.54875097
55.61108408;37.20840626
55.80717131;37.51242901
55.56251751;37.44035423
55.45323184;37.29236458
55.39353964;37.23238328
55.45424044;36.94028378
55.49253485;37.32560919
55.6455559;37.54371928
55.64879932;37.36994918
55.65212583;37.54835063
55.85374927;37.58436163
55.63760197;37.32347573
55.65998803;37.41192184
55.60685128;37.18638222
55.53962965;37.56980711
55.76757534;37.83586134
55.60424435;37.24708056
55.6147311;37.26478704
55.53665855;37.06942844
55.53583302;37.06893919
55.63435894;37.32938919
55.45374062;36.94014928
55.61907184;37.27447753
55.62831504;37.31631643
55.66140458;37.42626956
55.44469611;36.94939137
55.44422383;36.95015672
55.68734914;37.37326138
55.62103212;37.474232
55.61508264;37.47258349
55.61516984;37.47471388
55.61090857;37.46687136
55.61322522;37.4697618
55.77182939;37.49548732
55.70939616;37.82708967
55.85891159;37.5624217
55.74191804;37.65405689
55.89793752;37.60447711
55.81846492;37.57464072
55.66020646;37.72074799
55.7049135;37.76827339
55.81854294;37.57519757
55.76421879;37.53286403
55.86397439;37.56642616
55.70399166;37.84270819
55.87451881;37.52502774
55.7006331;37.83864989
55.86712896;37.49217071
55.6851987;37.85362883
55.89817267;37.60562276
55.6726939;37.81040574
55.87697452;37.70205079
55.77794714;37.52132621
55.84619171;37.36148682
55.74849123;37.72553654
55.79066316;37.51078198
55.84334039;37.36810177
55.85980059;37.62041888
55.76880086;37.51085009
55.78674844;37.51245529
55.29981906;37.13754876
55.68218768;37.78593636
55.7959899;37.46495202
55.6832348;37.85541769
55.70882613;37.65738655
55.85059763;37.40504418
55.70086155;37.85201172
55.75337822;37.40918034
55.86001215;37.56284999
55.6948109;37.84945397
55.84515085;37.40367419
55.80791776;37.41839955
55.83716907;37.57585651
55.79031449;37.51056967
55.79597959;37.46171962
55.88000626;37.69733598
55.6972947;37.4972556
55.64400592;37.52306438
55.54692147;37.58520269
55.59967356;37.32001979
55.59391972;37.60026437
55.50008371;37.58877493
55.54116184;37.18282428
55.51450049;37.22638689
55.60426947;37.35452691
55.54068992;37.18493466
55.88343887;37.60158973
55.57599384;37.35407969
55.60807601;37.34969329
55.60375961;37.33567759
55.62966056;37.43217044
55.60404784;37.33449688
55.60764747;37.35019885
55.6113351;37.25882852
55.67169113;37.45039198
55.66098916;37.48149841
55.72576109;37.44838713
55.72550941;37.44795237
55.72322846;37.42393807
55.66964269;37.55430511
55.6564565;37.49692926
55.64635201;37.71436555
55.64229588;37.79718509
55.69479628;37.75506224
55.76564251;37.57236241
55.76403717;37.57179941
55.61074953;37.71595236
55.61414128;37.74592766
55.62177828;37.73193825
55.68229271;37.4519761
55.62153676;37.73105229
55.61409705;37.74850979
55.61185911;37.7204365
55.60638624;37.73356482
55.57487546;37.61131033
55.57473292;37.65180452
55.5887211;37.7234457
55.61383108;37.74330064
55.77247886;37.58771487
55.59002585;37.72383299
55.58784855;37.5454939
55.6302191;37.4766622
55.63052823;37.47790924
55.84864925;37.34374598
55.69023371;37.75515065
55.59564193;37.60583022
55.6585914;37.76832944
55.64785798;37.47832061
55.77057146;37.58352806
55.74633407;37.51340919
55.67077548;37.74858414
55.69331442;37.72661733
55.79132532;37.35685689
55.6467298;37.74374702
55.84083367;37.3507931
55.67744626;37.76277504
55.70905831;37.58364942
55.83969635;37.35076552
55.70921642;37.58279568
55.85497474;37.35398216
55.85054006;37.35469039
55.79346183;37.51939867
55.65015043;37.75966101
55.59481914;37.60768844
55.7462484;37.51370085
55.85108278;37.34252127
55.7819866;37.5325474
55.85375338;37.3426375
55.83111546;37.35575181
55.59433415;37.60990004
55.87122038;37.47087508
55.79306653;37.52303106
55.84987091;37.40301887
55.83349554;37.3485708
55.8337727;37.34933121
55.87205598;37.47042618
55.83224938;37.34972792
55.83151882;37.35365966
55.7845422;37.52166744
55.65943774;37.75029259
55.7916741;37.53286251
55.84731816;37.36124064
55.78942828;37.50782492
55.5956442;37.60030074
55.81013502;37.80577883
55.45409074;37.89363639
55.59870903;37.20217771
55.75770346;37.75180686
55.61983225;37.48562145
55.75098743;37.71515173
55.59497849;37.59931228
55.75284769;37.72472136
55.74425818;37.80777278
55.74443786;37.80790098
55.59833595;37.20324114
55.60418474;37.19182821
55.60461971;37.19197418
55.6071097;37.19564648
55.60670086;37.19455182
55.6018311;37.19674865
55.60115174;37.19762089
55.59612142;37.20866023
55.59584506;37.2097055
55.60070008;37.24511179
55.59736431;37.24168862
55.59302946;37.23230476
55.59667068;37.24199327
55.60094428;37.24448333
55.61499736;37.26396284
55.65225034;37.39389648
55.61900706;37.27407944
55.61155022;37.2583553
55.65528694;37.6500954
55.60750165;37.65847894
55.6990201;37.51353347
55.67575635;37.51904561
55.66946605;37.58460903
55.63445269;37.51919339
55.63461703;37.51936696
55.59246155;37.60140806
55.62007579;37.27281881
55.64131921;37.48323929
55.71510969;37.67994759
55.71494864;37.68005539
55.67017157;37.72052434
55.67016482;37.72022214
55.70829752;37.72677565
55.64203133;37.79727426
55.60179994;37.66753351
55.65350689;37.62333087
55.59471611;37.6556371
55.62340309;37.60771608
55.63374432;37.76339018
55.61868505;37.58378958
55.65234723;37.39352505
55.66392849;37.60796587
55.6469144;37.63267194
55.50130278;37.58280318
55.87932699;37.57046713
55.57033722;37.57720704
55.84830854;37.58656394
55.65463976;37.647418
55.84897227;37.58574015
55.57338023;37.59216389
55.5103546;37.58500133
55.56265495;37.58374706
55.50119327;37.57955258
55.53381292;37.58206443
55.78879984;37.62154439
55.6352695;37.36119092
55.68697006;37.57229111
55.51204071;37.57593614
55.71621425;37.51638878
55.68398788;37.6132019
55.70526005;37.51490897
55.75121889;37.62389213
55.65845717;37.75006648
55.75095637;37.41168797
55.65330396;37.76563538
55.694178;37.53536801
55.76002999;37.58497326
55.73200862;37.60458489
55.89513344;37.61143348
55.72836883;37.6141475
55.64806795;37.76249383
55.70457157;37.6212862
55.63318639;37.62843185
55.62043562;37.66913584
55.67541857;37.59828911
55.61992281;37.66951595
55.77568701;37.68538535
55.70887839;37.73628304
55.77242866;37.67484855
55.6032559;37.66605489
55.77587226;37.68638433
55.72609935;37.76093535
55.72717897;37.74882374
55.71579621;37.74246289
55.72577105;37.76090316
55.75942679;37.64569645
55.71713847;37.79300757
55.71016576;37.77011584
55.66056435;37.52292997
55.69804611;37.8032084
55.69643282;37.8064077
55.59484241;37.60462296
55.69264209;37.81606574
55.60938307;37.71785869
55.62198836;37.71223796
55.59618518;37.72623254
55.64104048;37.81629487
55.87793796;37.57035719
55.59678228;37.72509194
55.59718847;37.74321724
55.59875187;37.16702373
55.48423714;37.49339299
55.4825626;37.4731635
55.48413466;37.4944366
55.48577074;37.49989978
55.46721144;37.47729218
55.45502094;37.51538852
55.46744405;37.49448714
55.46794224;37.47554697
55.61266855;37.46004448
55.61246474;37.45964588
55.60571864;37.35931648
55.67388615;37.47850305
55.60458114;37.36272078
55.67395341;37.47943719
55.60343544;37.36039348
55.67462634;37.47353298
55.50049494;37.57118188
55.67054244;37.46742349
55.88050336;37.69381565
55.66946374;37.47042398
55.66756994;37.47176668
55.69181604;37.50379779
55.69223904;37.49986759
55.86518675;37.66253188
55.69399304;37.49637658
55.69167204;37.50045359
55.86601404;37.70824879
55.69242504;37.50523259
55.87372625;37.71977548
55.89435111;37.5428881
55.89449149;37.54351092
55.87674245;37.72599818
55.61801704;37.71891198
55.87856264;37.72203289
55.74785164;37.70422848
55.61782864;37.71865928
55.67051538;37.45234498
55.60418304;37.59851338
55.60434404;37.59818758
55.76169944;37.76855408
55.89814752;37.5805574
55.69408104;37.50793058
55.68734717;37.47528093
55.72272164;37.90133698
55.66679604;37.65271228
55.88913819;37.53383954
55.61343955;37.4700363
55.88972488;37.53147575
55.63439856;37.33652763
55.54901005;37.44160537
55.54821053;37.44224272
55.87366194;37.53606948
55.84681067;37.58314819
55.67683815;37.85581108
55.62675954;37.70991398
55.72181194;37.83980149
55.72199094;37.83897278
55.76883414;37.69363779
55.76847075;37.69384919
55.46695154;37.29199329
55.81475175;37.65698198
55.46747294;37.29205368
55.51437674;37.36233229
55.74420494;37.42463508
55.63762754;37.33944935
55.68864974;37.48280279
55.68869264;37.48219058
55.56728995;37.57430565
55.56724186;37.57492039
55.8361706;37.66782078
55.71639727;37.89997724
55.82574442;37.69680063
55.82593781;37.69645635
55.84458929;37.58436933
55.8402493;37.58858337
55.89867872;37.57465491
55.83973132;37.58931158
55.84406965;37.5857675
55.82945279;37.60107644
55.83057072;37.60091971
55.82176801;37.6045616
55.8212949;37.62307141
55.82121654;37.63161793
55.82157432;37.6339324
55.83421355;37.59376523
55.81568833;37.48753472
55.89358258;37.58656909
55.90187385;37.5868225
55.90238286;37.5873897
55.88904435;37.58645781
55.8837597;37.58684239
55.89736765;37.58669985
55.89394435;37.58714307
55.88341255;37.58627049
55.88798016;37.58695163
55.87930721;37.58616444
55.86949519;37.58482493
55.8382594;37.48280621
55.85706573;37.58420952
55.70835751;37.65772002
55.86931879;37.58535423
55.88031478;37.58671071
55.70601389;37.66782189
55.86583172;37.58449241
55.70296696;37.66622423
55.88055857;37.58614944
55.70325476;37.66651372
55.49486395;37.33143493
55.89408201;37.61559344
55.49530177;37.33223259
55.70601994;37.66728641
55.49147359;37.32925902
55.49165819;37.33009352
55.49843784;37.33118298
55.90388805;37.58687772
55.7831395;37.52575322
55.69909295;37.68319854
55.87530004;37.50772278
55.69980651;37.68077042
55.87618904;37.50463678
55.5955707;37.59431385
55.90581077;37.58960501
55.78254129;37.52710463
55.75427964;37.43304526
55.7825711;37.52925842
55.76953423;37.55673251
55.67393402;37.52500753
55.7830797;37.55133341
55.68167244;37.62549248
55.65530675;37.64893413
55.71731247;37.81679713
55.5935669;37.67303585
55.8188356;37.39106529
55.7307568;37.46051979
55.66135759;37.62938491
55.82161434;37.62981866
55.64284038;37.76511231
55.73258097;37.53513844
55.65643238;37.35109257
55.67706246;37.56451171
55.75229304;37.44115338
55.63341034;37.32438928
55.80550491;37.45439344
55.81284376;37.63835873
55.82130261;37.61739332
55.7525379;37.4431443
55.82169934;37.6159211
55.66197745;37.48284913
55.65481509;37.64882872
55.62007592;37.67022685
55.67679834;37.66743278
55.72959896;37.62496846
55.84994226;37.43914697
55.83683659;37.41867081
55.80662786;37.58130875
55.70765068;37.90186645
55.82282734;37.64402198
55.60287073;37.54846336
55.84721663;37.35956296
55.57429763;37.66498561
55.74643451;37.41982207
55.68704809;37.47645248
55.66484996;37.48353068
55.71966335;37.45116749
55.63647175;37.38425822
55.63749276;37.38335777
55.66341836;37.61219052
55.80574253;37.45295859
55.80959047;37.46209718
55.63101164;37.40208152
55.67727078;37.56392802
55.63609004;37.31848628
55.66398638;37.48398476
55.66210739;37.48520372
55.64484695;37.3406328
55.70743817;37.90232922
55.64161799;37.3454951
55.74119699;37.53741019
55.63836631;37.34073455
55.65433598;37.39605133
55.79145676;37.67782388
55.79376452;37.82368301
55.82584597;37.58340965
55.78781664;37.75089997
55.79311069;37.7999077
55.80957504;37.61217818
55.87812917;37.71939009
55.6449205;37.39820808
55.62088526;37.48001228
55.88787516;37.6542792
55.71205304;37.42208227
55.61719201;37.38644919
55.6749559;37.43699569
55.63114521;37.33537759
55.64282589;37.33506504
55.79889982;37.3908795
55.6377759;37.33729667
55.66950076;37.43008982
55.79830809;37.39120157
55.70640833;37.555048
55.60130933;37.35577366
55.78711058;37.63462844
55.60292147;37.34824562
55.60285056;37.34971816
55.78731808;37.63519655
55.61482435;37.44907257
55.88772725;37.65580865
55.6564649;37.47145348
55.59548154;37.34809634
55.62636354;37.70933248
55.66419848;37.48293779
55.84729349;37.56732208
55.6022859;37.54975277
55.60640798;37.43415501
55.64459113;37.35265556
55.58584899;37.26418544
55.85913037;37.407068
55.54301488;37.09880904
55.64270667;37.3567492
55.86192393;37.41332088
55.54331665;37.09857887
55.46467243;36.93676945
55.52601794;37.02767632
55.43242464;36.86531074
55.52643265;37.02734483
55.46450661;36.93774606
55.65351824;37.61823013
55.51322724;36.99073621
55.51271066;36.98922534
55.69716804;37.61187939
55.70142916;37.54587856
55.69557544;37.55608417
55.74490522;37.73915431
55.815082;37.40691689
55.64166997;37.60238992
55.70139597;37.93087009
55.7306807;37.45958206
55.64478571;37.61759983
55.89379582;37.61526947
55.64017738;37.60590927
55.65458709;37.59851316
55.6152023;37.44920763
55.60787204;37.45303663
55.60659318;37.43394103
55.64816664;37.40804971
55.64356908;37.40403098
55.6624633;37.48203066
55.70571748;37.55947474
55.70655751;37.56653909
55.70717348;37.57238677
55.70728513;37.56795082
55.7062321;37.55990065
55.81167022;37.55786267
55.59604009;37.53513059
55.59537326;37.53426308
55.70947588;37.73451703
55.66810288;37.74030427
55.65132209;37.6962561
55.65088368;37.68357657
55.63515056;37.72814437
55.63545193;37.72442766
55.65094;37.69671453
55.82123898;37.7501747
55.82703666;37.72672126
55.82129894;37.74985303
55.54170867;37.50381043
55.82695123;37.72773027
55.54163947;37.50262109
55.5372218;37.19981882
55.6494355;37.74438068
55.56954102;37.47647888
55.63149349;37.39551005
55.50894466;37.25027244
55.50961336;37.24909942
55.70274408;37.92885276
55.61284879;37.74471439
55.84831504;37.52091766
55.63306731;37.38936618
55.50014956;37.57586779
55.6318069;37.39440537
55.50181362;37.57284795
55.63732627;37.36445166
55.63712341;37.36351454
55.6995234;37.85321491
55.54659754;37.30501269
55.69950114;37.85272963
55.32480844;37.26724246
55.32488615;37.26829153
55.80805865;37.56000307
55.35930481;37.35730609
55.81536556;37.55566098
55.3595473;37.35894133
55.37697303;37.39703573
55.81118114;37.58154599
55.39800315;37.43925556
55.73429977;37.59323639
55.54382781;37.50993596
55.39829311;37.44037389
55.54357543;37.50898115
55.70192079;37.85136294
55.56744038;37.48062043
55.53787944;37.19901549
55.58301566;37.59702312
55.56787224;37.47959919
55.57063544;37.47606848
55.62190823;37.42535972
55.79805579;37.48905249
55.84940542;37.52077371
55.72347762;37.52993667
55.74585646;37.63488107
55.78013634;37.73540459
55.78034704;37.73732099
55.7721555;37.63229604
55.76657674;37.63123833
55.84326445;37.49172172
55.84277686;37.49181626
55.72911193;37.62428644
55.71711106;37.7950995
55.72355658;37.79213558
55.72558421;37.53301564
55.72327617;37.52883701
55.72748885;37.75249323
55.66394542;37.78129569
55.63306514;37.32071689
55.48966726;37.50433506
55.51700825;37.34883514
55.54898516;37.54403075
55.54878368;37.54356721
55.81128806;37.79872395
55.90498081;37.58839081
55.72091952;37.52469353
55.79179005;37.67632336
55.80760208;37.56156583
55.72537339;37.53332687
55.85651928;37.51306166
55.85536084;37.51406707
55.85642813;37.51401468
55.86053444;37.51934402
55.86156584;37.52372217
55.85851185;37.51668782
55.81042734;37.79675122
55.63857872;37.63087019
55.70680805;37.92106509
55.70513107;37.92284145
55.70506111;37.92437967
55.6948082;37.93938804
55.62681969;37.740851
55.74367853;37.56668617
55.74398706;37.56649857
55.7454378;37.39521684
55.70038474;37.74760521
55.74480383;37.39536081
55.85013642;37.40572844
55.61313549;37.74432561
55.79569066;37.58463823
55.63210419;37.74351443
55.69484771;37.93959642
55.75240449;37.50491084
55.70591362;37.82127629
55.70599904;37.82089692
55.76508824;37.53786558
55.65605202;37.53829308
55.69515454;37.75646666
55.77358308;37.54415859
55.70638529;37.7647749
55.74934923;37.41208491
55.75278337;37.62753849
55.74339662;37.40020406
55.77984615;37.60235046
55.4167288;36.86182456
55.42936048;36.84181643
55.67642874;37.43576918
55.4175153;36.86067315
55.43271452;36.85332497
55.41846504;36.86977278
55.65576325;37.64787055
55.43313019;36.85212721
55.77670694;37.58488449
55.70991974;37.89690486
55.4287817;36.86281876
55.7759935;37.58447653
55.41861507;36.84569886
55.68423237;37.62293301
55.4162592;36.85280482
55.43791524;36.95545388
55.41694665;36.85208567
55.43368604;36.95886769
55.43141184;36.96069939
55.75839742;37.40716918
55.75307905;37.59965621
55.80215421;37.75179502
55.69658723;37.51281437
55.71552925;37.74555946
55.45141819;37.28315134
55.45210606;37.28226257
55.45394381;37.27328677
55.45352637;37.27376191
55.7050031;37.76761685
55.80793283;37.39532102
55.70003452;37.93432684
55.84578768;37.35962835
55.43268244;36.95937318
55.48453949;37.26953056
55.48433207;37.27105631
55.45914977;37.27127305
55.61489734;37.49043648
55.3112649;37.17210857
55.31178561;37.17094492
55.43607554;36.95658988
55.78237939;37.70655156
55.2486645;37.06816672
55.24894843;37.06970987
55.56490168;37.17971018
55.63676704;37.32951922
55.4979421;36.92376242
55.49394472;36.91954152
55.49466395;36.92057185
55.87237377;37.70910899
55.86510724;37.57203028
55.63269483;37.38950988
55.48806711;36.91511685
55.48852937;36.91588615
55.48412757;36.91260341
55.48482206;36.91188002
55.82650919;37.42603676
55.8434211;37.36857257
55.82620278;37.42548966
55.70596738;37.45747497
55.70523578;37.45620641
55.70684579;37.4563113
55.83134494;37.40308762
55.67660897;37.48444422
55.83088583;37.40267031
55.70819106;37.46749336
55.82758754;37.64440149
55.70911464;37.46246144
55.84036945;37.38627928
55.70832814;37.46665389
55.84148312;37.38428861
55.70937544;37.44935145
55.84170634;37.38468401
55.68815404;37.45197165
55.84686538;37.37388859
55.68781782;37.45242839
55.84776053;37.37301651
55.70884103;37.44840694
55.85312039;37.36201514
55.85295809;37.36140016
55.62416674;37.31065347
55.8494542;37.36859697
55.58866052;37.3696725
55.84946623;37.36950388
55.68072946;37.55713951
55.66761774;37.57408607
55.85530914;37.35753479
55.79751936;37.57110753
55.69384594;37.45463188
55.85435523;37.35851919
55.79746884;37.57208688
55.69291459;37.45294374
55.85074839;37.40142747
55.69862015;37.93890584
55.67112888;37.55598087
55.85148625;37.39802562
55.70092435;37.94073793
55.67806011;37.53480217
55.85126614;37.39796493
55.70114642;37.45147566
55.67745539;37.53400944
55.85064714;37.38671288
55.70136542;37.45177842
55.85133465;37.38878839
55.67167819;37.51810075
55.78725954;37.74620268
55.8461581;37.38040822
55.68807702;37.59595816
55.84570056;37.37895464
55.66749377;37.57287477
55.86077256;37.55318989
55.63283119;37.44409593
55.67896287;37.56182981
55.54912475;37.55509007
55.6784635;37.56105363
55.67154422;37.5164893
55.59194531;37.37162127
55.73672153;37.64982183
55.59449155;37.36716059
55.60532892;37.53550024
55.59314271;37.3630247
55.67328833;37.55762542
55.6535409;37.61989389
55.32735168;37.16381799
55.67337789;37.55834514
55.686859;37.59462694
55.49446354;37.32860838
55.66823733;37.53768884
55.67110575;37.54150115
55.75865591;37.40849443
55.66868977;37.54231336
55.70439006;37.94179108
55.78989683;37.55717511
55.31195506;37.17506962
55.31443118;37.15286165
55.44937985;37.51278722
55.74475656;37.60111101
55.73794664;37.58678118
55.31532086;37.15351644
55.75105994;37.65566258
55.75112514;37.65632898
55.75260549;37.41373805
55.7048964;37.93719743
55.74652179;37.68193833
55.74657813;37.67829498
55.50784774;37.56092341
55.64792926;37.76367584
55.73134746;37.66473944
55.73140829;37.66325548
55.73096922;37.62616692
55.72205247;37.69762258
55.76295117;37.77033936
55.76150016;37.7724367
55.65278899;37.50173962
55.73037549;37.62383896
55.70547362;37.93140632
55.67238483;37.6514888
55.65282578;37.50236011
55.83690535;37.38720034
55.72256173;37.69420274
55.77190136;37.59250418
55.83806835;37.387486
55.75483457;37.40770584
55.79062955;37.590714
55.76955527;37.59633529
55.83974895;37.38614005
55.75139996;37.40992773
55.77702562;37.52236469
55.74748718;37.65599485
55.76016674;37.62653318
55.70346678;37.83208336
55.76663106;37.63163547
55.73912754;37.58725228
55.73930404;37.58817265
55.70354911;37.83328725
55.74793016;37.60805626
55.73014274;37.61914498
55.74800023;37.60848795
55.7290236;37.61783078
55.75915938;37.62860196
55.7303194;37.61304414
55.77391161;37.6084791
55.72875593;37.70941725
55.79258321;37.49148915
55.72531559;37.62262505
55.74475501;37.6021432
55.79406582;37.49471982
55.85546253;37.56158233
55.85341114;37.56336095
55.6532938;37.75445322
55.75602288;37.55200921
55.69922885;37.93527717
55.75812317;37.51662656
55.75852048;37.61948342
55.66082424;37.58803704
55.75535181;37.51854844
55.80784919;37.46587713
55.75853142;37.5165355
55.85463966;37.56019551
55.75572007;37.51864765
55.73146175;37.42501323
55.74089475;37.41588766
55.83689165;37.54054845
55.86263129;37.56268465
55.76076377;37.56819315
55.75606111;37.40881403
55.72931216;37.41197986
55.72909593;37.41172655
55.72771574;37.41759744
55.84535967;37.56348463
55.72743344;37.56127278
55.76854718;37.56541032
55.75853807;37.55213345
55.76683401;37.5645397
55.86632935;37.54780266
55.73477516;37.42992538
55.73534049;37.43018523
55.84608088;37.56633071
55.78743348;37.3554274
55.78670401;37.35496245
55.79119374;37.3564179
55.7727582;37.49213024
55.77209443;37.41822513
55.64997645;37.4970024
55.81856393;37.40066203
55.84386721;37.45475002
55.84129705;37.4552136
55.84452141;37.45405155
55.80252671;37.47518834
55.72805871;37.41560286
55.81980488;37.82596886
55.81735558;37.4042025
55.74649424;37.58303298
55.65453366;37.39614612
55.66406506;37.47940843
55.66124719;37.42564743
55.66097479;37.42644753
55.74027893;37.57688133
55.54824275;37.15709099
55.54509004;37.16423708
55.54410121;37.16976061
55.54302686;37.17371091
55.54240038;37.17772468
55.54187645;37.17882375
55.8460158;37.63882387
55.89863277;37.57946023
55.86587555;37.6258767
55.54020985;37.19076487
55.53980172;37.1921488
55.53356592;37.21915958
55.68623356;37.61263689
55.89821765;37.57440295
55.53259815;37.22808263
55.68602723;37.6124878
55.53221196;37.2295208
55.85748424;37.63770022
55.52392036;37.23854476
55.51131385;37.24387326
55.28497369;37.12220904
55.74235774;37.5847749
55.74860459;37.60962465
55.76860325;37.64891298
55.67781825;37.50866519
55.60165493;37.55256467
55.7624597;37.79272726
55.60462052;37.25057118
55.5800218;37.47991519
55.77241329;37.60560324
55.58184464;37.47548288
55.61079031;37.60439766
55.7720956;37.60277336
55.64821441;37.62905945
55.77321084;37.60773699
55.62179909;37.60911927
55.77237555;37.63248582
55.85035372;37.4038875
55.64793476;37.62784589
55.75403777;37.63396998
55.76194706;37.56349231
55.71546754;37.81802256
55.81608424;37.48745116
55.41812167;36.84755939
55.77506315;37.63249667
55.50713513;37.25591651
55.75341394;37.63842329
55.77708064;37.58223268
55.752282;37.63997874
55.61999531;37.59364402
55.75399884;37.63442472
55.49039588;37.26070866
55.80341023;37.82929755
55.74403991;37.60787529
55.66171963;37.48177624
55.49011511;37.26069066
55.50279601;36.93036018
55.94947434;37.34488948
55.78908841;37.50038463
55.49656764;36.92214318
55.67134535;37.45035494
55.70953886;37.67494873
55.32786219;37.16462304
55.75505945;37.56786991
55.28591864;37.12351699
55.77498725;37.58787779
55.77413068;37.58869019
55.72688617;37.56119177
55.72974324;37.55742089
55.73186224;37.55960448
55.73124834;37.55789929
55.73444864;37.56492729
55.73383766;37.56303955
55.73684258;37.56860566
55.73705547;37.56828028
55.7411725;37.572506
55.74040122;37.57139574
55.74670724;37.57576888
55.74927113;37.57628794
55.75046394;37.57538447
55.74680092;37.65506504
55.75421284;37.65720788
55.77304809;37.63169271
55.7724177;37.63328536
55.77304392;37.61017327
55.82634165;37.7147372
55.73005014;37.61020098
55.77339374;37.60774188
55.74304906;37.57818412
55.54858964;37.15649979
55.54552044;37.16314988
55.53539998;37.20404147
55.53602344;37.20329549
55.53303831;37.22164861
55.5223811;37.23854588
55.76928973;37.47672161
55.51063389;37.24499129
55.50780609;37.25473181
55.73112051;37.85310038
55.50311237;37.27612293
55.5030016;37.27758929
55.50539026;37.33427858
55.50249575;37.33136502
55.699357;37.81626413
55.66772971;37.62934951
55.66747492;37.62867244
55.73870916;37.86776456
55.6540411;37.65054593
55.73947993;37.86772471
55.73989147;37.87533541
55.61022576;37.67235438
55.74179331;37.86274676
55.61002054;37.66994738
55.81407566;37.73406676
55.83714435;37.53956854
55.51321224;37.35962278
55.82282024;37.64182678
55.54230913;37.57203728
55.78553911;37.72300754
55.72451095;37.83658499
55.78311792;37.72255777
55.72516604;37.83686409
55.82430842;37.63685805
55.65469504;37.53829511
55.78269552;37.72232393
55.81936094;37.63855749
55.6551497;37.5381079
55.79032537;37.59015392
55.66832193;37.76527922
55.80158638;37.39163894
55.67211196;37.60924905
55.6473973;37.51441576
55.80131314;37.39084696
55.67193212;37.61013341
55.7690432;37.47619244
55.62733299;37.74236851
55.82653191;37.71527082
55.72852104;37.62329099
55.72800714;37.83308998
55.72779864;37.83438289
55.57546973;37.48235493
55.50531666;37.58204513
55.78814759;37.62219974
55.83733189;37.40602023
55.63914697;37.35477988
55.64000466;37.35541652
55.64065934;37.35721558
55.86928584;37.66618169
55.75098974;37.41022438
55.87734614;37.48228511
55.73952391;37.61726148
55.73839082;37.59574796
55.75699674;37.60299409
55.75934984;37.80587578
55.54038074;37.48784688
55.54067354;37.47305518
55.54063104;37.47373249
55.54097324;37.47946838
55.54045324;37.47978779
55.53872893;37.45142382
55.53836161;37.45318949
55.72550327;37.40300639
55.58582324;37.35649308
55.58516204;37.35715849
55.58295024;37.36342418
55.58235314;37.36465223
55.87008714;37.66265288
55.57833844;37.37344298
55.57141534;37.38790218
55.57489034;37.3787696
55.57396234;37.37962748
55.57214437;37.38585799
55.56872204;37.40085989
55.56855113;37.40110711
55.81086363;37.56735076
55.56260694;37.41529208
55.60720875;37.29023724
55.56118374;37.41956949
55.75594634;37.69432108
55.56064804;37.42042118
55.51367334;37.35862599
55.68252814;37.61136149
55.72063706;37.79984644
55.57919654;37.37262289
55.71905192;37.79822384
55.57065284;37.39283804
55.60518456;37.60750839
55.72290363;37.7934141
55.57003774;37.39340019
55.60350097;37.60655942
55.86522394;37.57197099
55.56325584;37.41394688
55.80874014;37.63771098
55.55501514;37.43129034
55.87760844;37.48173828
55.86410794;37.54465168
55.554777;37.43100509
55.89810587;37.58557905
55.89805211;37.58875335
55.67957764;37.85184433
55.65593177;37.57254172
55.38610034;37.22366029
55.77881888;37.60448405
55.51206437;37.57458566
55.73188584;37.65952808
55.89512714;37.53566828
55.51722134;37.57755138
55.63373134;37.31965129
55.7790867;37.62317172
55.51790214;37.57624069
55.51522324;37.57696659
55.6994998;37.91738933
55.50401074;37.57221409
55.70162402;37.92084303
55.50640794;37.57303289
55.87005754;37.66286709
55.63687284;37.31966968
55.61796084;37.26163819
55.63262864;37.33284699
55.65758134;37.42334199
55.78305097;37.57242764
55.78889678;37.58813343
55.7864561;37.58749828
55.59488263;37.10232244
55.59038932;37.11739527
55.58556257;37.12366228
55.94410434;37.34628368
55.78119776;37.58597377
55.60204564;37.16176938
55.60097504;37.16412728
55.71247086;37.49381975
55.7084398;37.49137987
55.70837934;37.49053997
55.68165972;37.62265158
55.82147787;37.64927701
55.82107544;37.65545064
55.69413569;37.80176753
55.8062609;37.7786461
55.65924404;37.70766978
55.50431799;37.28210483
55.58475196;37.44153398
55.50783226;37.28469878
55.87521606;37.51042881
55.50799872;37.28545967
55.70655669;37.74595896
55.70271476;37.74850802
55.52250744;37.31111392
55.73372104;37.41266478
55.77467604;37.45999478
55.52283546;37.31161511
55.48652503;37.2960314
55.70117917;37.9428197
55.54854762;37.31271797
55.509473;37.30158744
55.54856042;37.31377932
55.52080445;37.31859429
55.5144739;37.45080223
55.6600457;37.7809256
55.52050746;37.31875441
55.50932549;37.44312991
55.51898825;37.32490506
55.69360324;37.55755308
55.50948111;37.44343912
55.65861597;37.7097793
55.50751361;37.44328033
55.65655733;37.7096387
55.80693004;37.63122478
55.65572041;37.70741306
55.86223805;37.58122215
55.51064475;37.30303878
55.70694535;37.58555248
55.51659367;37.30293856
55.63712067;37.3172448
55.50361368;37.28110368
55.51675673;37.30357739
55.72650345;37.85894069
55.70889873;37.58146804
55.51905535;37.30664043
55.81530669;37.65863197
55.51938359;37.30726854
55.67419418;37.79743002
55.50693473;37.29350638
55.51659229;37.33563601
55.65970065;37.71139069
55.51575096;37.33736447
55.50711852;37.29389688
55.89152253;37.52419689
55.69489283;37.45757569
55.85882372;37.60445601
55.51504523;37.34652902
55.65975204;37.70730279
55.70732465;37.93159893
55.69455901;37.45611066
55.62477983;37.62278253
55.63205159;37.62108718
55.70186567;37.92863081
55.69894748;37.92928222
55.63395776;37.48729561
55.62266121;37.72760869
55.5829494;37.66167106
55.63763237;37.30665954
55.63705868;37.31468642
55.63757209;37.31250098
55.63770031;37.31006029
55.63689213;37.30536607
55.71225686;37.93943118
55.71010103;37.94671308
55.70882231;37.93400634
55.71045071;37.93592819
55.70929938;37.94012303
55.67827746;37.50374954
55.6317322;37.62526257
55.63219556;37.62137588
55.72126992;37.56321963
55.72356051;37.56536951
55.72170004;37.56389779
55.70555281;37.66337313
55.7524368;37.54213388
55.62900286;37.6224685
55.58349027;37.69339761
55.58294;37.69628758
55.58636225;37.69619912
55.60510034;37.65812096
55.61919031;37.71177308
55.61895778;37.71170858
55.62008548;37.71869943
55.62416764;37.75325204
55.73030502;37.56364073
55.72988769;37.56332174
55.62381345;37.75907084
55.72004163;37.4777299
55.58458438;37.6582559
55.73404023;37.57097934
55.58686446;37.65186642
55.70352288;37.92435454
55.73383317;37.57016377
55.74829365;37.87756544
55.70313969;37.92519418
55.74838252;37.87921614
55.73131638;37.56519954
55.77570994;37.48603553
55.6129389;37.73116831
55.73142275;37.56600842
55.65542642;37.47613924
55.61256668;37.73032555
55.8652091;37.6508292
55.73518482;37.57283559
55.79606421;37.81927265
55.66646982;37.65407451
55.59267508;37.65357228
55.6711604;37.54245105
55.6076055;37.62507423
55.79446359;37.81905929
55.70752579;37.66804762
55.61505988;37.627507
55.79886804;37.71742878
55.61298486;37.72944073
55.61463731;37.627308
55.75046639;37.43323786
55.61993092;37.6248726
55.63744482;37.63590542
55.64786104;37.57185979
55.73396334;37.73275712
55.63640265;37.63568827
55.73389967;37.41556992
55.3074734;37.14577843
55.75247736;37.71681872
55.3076818;37.14565316
55.63660887;37.74979141
55.76204006;37.56391452
55.84773941;37.57311601
55.75853901;37.55805349
55.60385501;37.6582017
55.84794284;37.57332713
55.60470504;37.65784066
55.71249604;37.62149079
55.62010044;37.62525061
55.85772704;37.56120478
55.87454935;37.51174362
55.8151442;37.6202527
55.82138304;37.65832679
55.82142609;37.6550822
55.85635303;37.40884967
55.72574318;37.68491969
55.62940304;37.31481578
55.62919004;37.31524579
55.75138004;37.50121578
55.79943404;37.80435678
55.58019714;37.16291565
55.59741804;37.11353779
55.3267674;37.3435577
55.3273875;37.34387209
55.79731039;37.59869913
55.34331102;37.17356409
55.34377052;37.1742683
55.55822563;37.43507621
55.35605854;37.34971756
55.35592051;37.34843802
55.58793604;37.12000179
55.58808312;37.11945728
55.49339187;37.49184728
55.493667;37.49159109
55.58771366;37.1589726
55.58856041;37.15778821
55.58512825;37.44465814
55.58653194;37.44717206
55.57840905;37.13001192
55.57902673;37.12936245
55.57764691;37.1364398
55.57764781;37.13749805
55.660463;37.74063407
55.60976893;37.66494008
55.60952713;37.66514919
55.48863275;37.29976672
55.59101256;37.45086208
55.59584111;37.64536326
55.88011004;37.50830079
55.66029646;37.74000388
55.88014704;37.51456678
55.60072281;37.54070243
55.87977304;37.50744278
55.71173662;37.73049981
55.87559804;37.50465779
55.86181899;37.41426122
55.59702804;37.10948859
55.59693721;37.10791514
55.87449204;37.50705179
55.82614962;37.64617758
55.58957527;37.44970775
55.69124014;37.42702118
55.65540617;37.64998741
55.58724402;37.4488971
55.84060564;37.49067059
55.63933665;37.3550753
55.88107475;37.65636058
55.64980724;37.56075049
55.82976501;37.5873787
55.81921686;37.59156004
55.69870599;37.72643872
55.69872753;37.72689039
55.85041275;37.4110139
55.5371194;37.503202
55.85059114;37.40983569
55.58053104;37.16342158
55.89875218;37.56684096
55.78586307;37.63992253
55.7863442;37.63654081
55.8216927;37.62258947
55.81902315;37.64016575
55.58200917;37.68196839
55.64950872;37.59370506
55.67021108;37.44829007
55.58151889;37.66183771
55.67146919;37.4500291
55.86531093;37.4751712
55.72630461;37.44627301
55.60436972;37.2511983
55.65648622;37.42893311
55.63462004;37.33349979
55.63464004;37.33369979
55.58099722;37.57856907
55.81330739;37.64358608
55.71736321;37.79347938
55.82718694;37.64866336
55.82289717;37.64408375
55.81579415;37.63895537
55.81542335;37.63801813
55.82279226;37.64269307
55.8006117;37.74287788
55.79599182;37.7163251
55.80206241;37.74964193
55.79642091;37.71644657
55.85322642;37.67921474
55.79570127;37.71285109
55.60004954;37.48307269
55.76449824;37.7832429
55.75769843;37.75752597
55.48129134;36.91734009
55.48127684;36.91787029
55.81282891;37.63753422
55.79334157;37.63495516
55.82105698;37.64069121
55.74386768;37.5667914
55.78953876;37.58336454
55.75684195;37.74352319
55.7563541;37.74295013
55.75831572;37.756786
55.7585443;37.78863025
55.89897563;37.5507787
55.76411097;37.78291996
55.75848741;37.7872431
55.8977477;37.55291388
55.76545486;37.73201106
55.62771452;37.68083518
55.59602464;37.65548888
55.76604541;37.73216834
55.62684416;37.64716382
55.62741776;37.64758225
55.49052327;37.30228997
55.87997776;37.69696974
55.49068572;37.30107366
55.73432144;37.66804618
55.7340052;37.66791954
55.65823855;37.51745409
55.83661618;37.65853636
55.65878782;37.51684425
55.81043925;37.79799331
55.74230797;37.65661988
55.65972091;37.52125793
55.74338697;37.66045211
55.74679484;37.67869202
55.81842195;37.59261757
55.74281225;37.65515719
55.77981459;37.6327281
55.7875202;37.73636861
55.52152373;37.39418122
55.74706982;37.65712055
55.74669164;37.66496329
55.71907193;37.82137323
55.74649958;37.67143852
55.71929319;37.82262038
55.7469794;37.66204263
55.60153694;37.40946542
55.58746315;37.43215232
55.77837102;37.58730598
55.67216329;37.58747647
55.67057077;37.58646499
55.56902492;37.56421101
55.56990322;37.5632305
55.73167784;37.85488578
55.77007757;37.47520634
55.76996597;37.51210281
55.73864071;37.87192321
55.80997754;37.79982718
55.80299791;37.82944001
55.76973632;37.47407338
55.73092885;37.85718646
55.73074356;37.8558674
55.73059174;37.86007302
55.58472134;37.43943629
55.60091536;37.40661353
55.59921581;37.41264097
55.60818325;37.39374057
55.60879079;37.39456226
55.59016541;37.42343209
55.59101574;37.42464773
55.56708353;37.45462635
55.56713117;37.4554723
55.74367364;37.5678482
55.5700344;37.45931813
55.57165508;37.46062525
55.5724665;37.46281795
55.56016456;37.4705624
55.56535421;37.48192202
55.56582888;37.48304026
55.61836775;37.41925383
55.61727812;37.4155761
55.69623931;37.62598117
55.6165386;37.41367254
55.69662806;37.62644185
55.61472075;37.41165289
55.58578615;37.43322903
55.6139215;37.41073774
55.60128393;37.40915782
55.60770639;37.40585568
55.60858416;37.40700751
55.59551802;37.10806756
55.41439948;37.19388854
55.86936283;37.51843615
55.41630236;37.19219638
55.64905005;37.70461055
55.87359922;37.60185545
55.69734026;37.36037826
55.70034697;37.579067
55.69769689;37.35926003
55.69363541;37.62644201
55.69332036;37.34859094
55.69397957;37.62676392
55.69264764;37.34814868
55.69688484;37.35016689
55.57873494;37.11126409
55.69668482;37.34902132
55.27956495;37.14916756
55.68996221;37.34849282
55.27987316;37.1505483
55.69018974;37.34898818
55.68676904;37.35273382
55.68369134;37.35143008
55.99095464;37.26821332
55.68651569;37.35226057
55.99027415;37.26808171
55.68389916;37.35096778
55.69761166;37.79446923
55.83271137;37.42408914
55.68354879;37.36689345
55.68321351;37.36682978
55.50834399;36.9351592
55.65636061;37.83122887
55.69928693;37.94097939
55.73142141;37.66823282
55.71612494;37.69601818
55.94051099;37.35694104
55.74609151;37.87423787
55.87865679;37.51219695
55.50941561;37.36074917
55.31147637;37.23074581
55.3172218;37.22011592
55.31678287;37.22034624
55.32119877;37.21252922
55.3214046;37.21141122
55.34191942;37.23686627
55.32932929;37.22003555
55.3300546;37.21938804
55.32786172;37.20453071
55.32802528;37.20556147
55.32199298;37.18133375
55.3227774;37.1829411
55.3171242;37.17605846
55.3179042;37.17700056
55.31306081;37.17482551
55.31420823;37.174877
55.50923762;37.36160912
55.49114494;37.54853856
55.49582704;37.54706978
55.4956666;37.54737803
55.49833305;37.54681379
55.50069992;37.55729574
55.50074757;37.55793729
55.50336252;37.55967981
55.50259386;37.55924349
55.49904377;37.38556968
55.61060664;37.46583036
55.59124718;37.37245093
55.5937172;37.36798033
55.58803105;37.371334
55.59099837;37.36610233
55.56996253;37.4585214
55.48339048;37.35430311
55.74375827;37.56641747
55.48304105;37.35391835
55.745096;37.5688548
55.48488591;37.38008898
55.79097437;37.80134787
55.48467697;37.38146053
55.79080889;37.8102246
55.48777178;37.40018061
55.79054426;37.80588853
55.4826672;37.37152053
55.48418881;37.3347058
55.48309166;37.37387813
55.48394109;37.33348565
55.83011549;37.59433472
55.65959904;37.36339078
55.59623732;37.16047576
55.59869622;37.15957046
55.78864288;37.62349553
55.86650487;37.7094007
55.61083485;37.61733318
55.61344303;37.61860371
55.77353814;37.74117064
55.73135092;37.63704455
55.73120534;37.63827838
55.61523449;37.61663289
55.49634013;37.55725347
55.49152225;37.55594823
55.87681005;37.65210911
55.49247831;37.55651203
55.49696851;37.55771739
55.73514367;37.71504594
55.5753388;37.46536666
55.57594605;37.46686144
55.51065721;37.5264565
55.51450004;37.52946279
55.51391267;37.53434908
55.51116904;37.53601479
55.64125921;37.80143228
55.79586294;37.58459989
55.72774858;37.85999065
55.50207553;37.32544527
55.49866823;37.38586238
55.92069104;37.53080178
55.91948404;37.53098978
55.78897476;37.80890334
55.79384773;37.58839077
55.79382987;37.58819356
55.79380523;37.58801631
55.79379563;37.58777782
55.74391503;37.56844168
55.51751954;37.53579687
55.5168942;37.53614326
55.7868442;37.54371114
55.78038802;37.54482742
55.78716926;37.53838139
55.78165762;37.53716531
55.48547652;37.2611515
55.78684939;37.53744278
55.78203004;37.53812958
55.77798659;37.5517443
55.80979046;37.46211678
55.71377096;37.40858273
55.82767959;37.44197885
55.82705297;37.44506942
55.91282097;37.54727076
55.49960004;37.55029579
55.49707081;37.55258234
55.50698704;37.34279079
55.82497507;37.65706867
55.50926804;37.33462179
55.79111604;37.53143179
55.50722302;37.33165454
55.50180283;37.33006575
55.92453304;37.52846678
55.83009101;37.6768596
55.72025311;37.47828164
55.83027372;37.68140149
55.251604;37.07588797
55.83035563;37.68016849
55.25192617;37.07752108
55.89732111;37.56793657
55.84586445;37.54099751
55.89411575;37.56784738
55.83019625;37.67625202
55.89137957;37.5726789
55.59240158;37.36313024
55.5410285;37.15429889
55.81997714;37.64099175
55.59589103;37.64601796
55.78228639;37.66320566
55.60590286;37.42913037
55.60562438;37.42563062
55.64049275;37.62198405
55.71214971;37.89781482
55.70929005;37.89585944
55.70853649;37.88950219
55.70208454;37.68874766
55.70181463;37.68797392
55.65816504;37.36008179
55.54155775;37.15477161
55.51323133;37.23413864
55.51301066;37.23501728
55.72351939;37.42413964
55.71708309;37.39735849
55.65785956;37.35686716
55.65632404;37.34714778
55.3832795;37.22029096
55.38391339;37.22162642
55.82838829;37.81008401
55.68302754;37.54302861
55.65612004;37.34755478
55.70660289;37.37395937
55.70600948;37.37335119
55.65794036;37.33777106
55.48735449;37.40224413
55.48747197;37.40658537
55.92458839;37.52871595
55.92740704;37.52694431
55.92836405;37.52684478
55.73228989;37.73010652
55.49265472;37.42563576
55.4930083;37.42586364
55.93119904;37.52508479
55.93133304;37.52541478
55.93364404;37.52696079
55.93373004;37.52738578
55.94059698;37.52030418
55.94062204;37.52077978
55.94267504;37.52515778
55.94247604;37.52539878
55.94228404;37.53095678
55.94081804;37.53092479
55.93737804;37.52858178
55.93806004;37.53028079
55.66444151;37.49707797
55.77367067;37.65450214
55.68835172;37.51966579
55.55714787;37.49103461
55.69344612;37.51267436
55.55608826;37.49125434
55.69307347;37.51280888
55.60692837;37.44601757
55.68886183;37.51915919
55.68003088;37.85037139
55.74909714;37.72324372
55.69868891;37.36441027
55.66334847;37.45428754
55.53480657;37.53773258
55.60108808;37.62187131
55.70946686;37.8858129
55.89326691;37.52398649
55.70097096;37.94518841
55.78081129;37.60987479
55.70059048;37.94625716
55.70266529;37.9512672
55.65747956;37.3388784
55.70186936;37.95013359
55.6212192;37.42193377
55.49479912;37.52264165
55.62170287;37.42199308
55.49396707;37.52196737
55.48820328;37.51581816
55.49040718;37.41581249
55.49108537;37.41679727
55.96549685;37.14962253
55.80622791;37.54915017
55.69163556;37.67877941
55.69213397;37.67983512
55.70106262;37.63392269
55.80702928;37.75782638
55.80853755;37.76341306
55.61517129;37.58764057
55.61515736;37.58677495
55.91403704;37.55654479
55.63212873;37.59329892
55.63242755;37.59452543
55.64837228;37.61913851
55.49880984;37.52373949
55.49799122;37.52308484
55.5032227;37.52716709
55.50221206;37.52496723
55.50593224;37.53398779
55.5058723;37.53227713
55.69865221;37.36562639
55.96556882;37.14904888
55.50706615;37.54199028
55.50708013;37.54030327
55.50812977;37.55099435
55.75236271;37.72082716
55.96960223;37.14940469
55.96868197;37.14986771
55.58185952;37.38681985
55.58220989;37.38835507
55.59685595;37.41261975
55.59087457;37.4054104
55.59133191;37.40672468
55.57131768;37.36001318
55.58579021;37.39475102
55.58600751;37.39776394
55.57767424;37.37759191
55.57711715;37.37751468
55.57077106;37.35737983
55.56384402;37.345186
55.55874627;37.33481209
55.72270847;37.58311669
55.62593887;37.42046002
55.86556504;37.47507478
55.51306704;37.35306178
55.51236093;37.35373837
55.63829795;37.79346137
55.72562284;37.71346434
55.72541734;37.71339084
55.56382242;37.34402557
55.6456487;37.3233095
55.64565254;37.31528367
55.64161849;37.32672698
55.64546919;37.31683511
55.6425103;37.32620886
55.64585025;37.32192809
55.83033767;37.68434137
55.87991264;37.51197363
55.72790877;37.44691892
55.71798474;37.38652691
55.70431188;37.483545
55.96581903;37.15730755
55.96496461;37.15652147
55.96376556;37.15130588
55.9634095;37.15195512
55.96908689;37.15325028
55.96836912;37.15334046
55.78586961;37.72127488
55.64306032;37.77554876
55.70455791;37.48335078
55.75108504;37.68556879
55.71263197;37.49486577
55.58438666;37.45973727
55.58657973;37.45611788
55.61453439;37.69462977
55.64309716;37.70065298
55.64301012;37.69986736
55.32773871;37.2748418
55.94383573;37.38252551
55.94848971;37.41155368
55.53012365;37.44567435
55.60129607;37.62977574
55.77065765;37.68710278
55.67942535;37.66477936
55.80099;37.48332834
55.74720967;37.65443199
55.87920663;37.47950206
55.60709116;37.2608785
55.67537437;37.68466248
55.60987227;37.26636847
55.98141941;37.25492538
55.98371225;37.25843823
55.98398641;37.25822322
55.44757999;37.30732155
55.94827634;37.34456658
55.94483354;37.34528938
55.93982154;37.35860269
55.71968165;37.72687316
55.75277495;37.48419928
55.25178812;37.16599455
55.25145172;37.16669883
55.247036;37.18052976
55.24645106;37.18188449
55.80301827;37.78512502
55.48699404;37.29652979
55.65524587;37.76379645
55.72076755;37.73348807
55.66080212;37.41715758
55.67610673;37.68612322
55.54451003;37.48852595
55.77787001;37.55027396
55.54632004;37.48772679
55.72298624;37.72563306
55.72300683;37.72499667
55.67510858;37.85782671
55.65189509;37.83410086
55.39135285;37.30177868
55.67752113;37.74865709
55.69028335;37.72098617
55.56486788;37.48821441
55.56464105;37.48946567
55.56181961;37.49681433
55.56255993;37.49678181
55.56447597;37.49401951
55.56416197;37.49487676
55.85672704;37.40829046
55.76991575;37.67043116
55.70504567;37.92074569
55.70327863;37.91742687
55.69901944;37.91347596
55.48667771;37.26125746
55.48689904;37.26147378
55.501565;37.51943058
55.50073847;37.51750347
55.91154912;37.3901468
55.3978442;37.23883409
55.38612854;37.3623306
55.38542069;37.36415404
55.65636057;37.83137053
55.76353597;37.49120892
55.76346119;37.48756845
55.76338426;37.4844193
55.76331655;37.48050949
55.7632193;37.48534073
55.76336187;37.49251437
55.79520653;37.55239618
55.79576753;37.55171433
55.79819996;37.54738342
55.79385301;37.61598006
55.7632703;37.4956994
55.98095163;37.17504921
55.98101209;37.17472051
55.84104557;37.62613023
55.71368786;37.88584261
55.62003759;37.71681214
55.71138217;37.88566889
55.86951376;37.50603004
55.69358282;37.75534451
55.66251222;37.72938511
55.66240768;37.730263
55.98066535;37.17533604
55.98074917;37.17549176
55.66129502;37.7341576
55.82221568;37.60288428
55.63740332;37.68621525
55.66674204;37.70301778
55.66632104;37.70344279
55.85447554;37.65089139
55.60752877;37.29085963
55.65251684;37.61165338
55.60339495;37.435201
55.6003217;37.45613045
55.60098556;37.45470734
55.60293406;37.43432037
55.60445697;37.44274922
55.60119672;37.44489575
55.60125463;37.45059
55.60337084;37.45069008
55.60401391;37.44634794
55.60505652;37.44080352
55.61904322;37.2614333
55.5836475;37.21028204
55.5838615;37.20974517
55.57715836;37.25051815
55.58103145;37.26382063
55.58163739;37.26868809
55.57770429;37.25271738
55.58217113;37.27746634
55.58192651;37.27989431
55.58152359;37.27018623
55.58108767;37.28552721
55.5815591;37.28439814
55.57033113;37.29570867
55.5791457;37.29010949
55.57215359;37.29542396
55.57987218;37.28937839
55.57608524;37.29378368
55.57369087;37.29544685
55.57729707;37.29302367
55.57664994;37.23815932
55.84272846;37.57556595
55.84188224;37.57594702
55.57763745;37.23602438
55.68246728;37.45107452
55.5839993;37.13352222
55.58372968;37.12925018
55.58384719;37.12770287
55.48307369;37.53601112
55.48349984;37.5385174
55.48137056;37.52823741
55.48135057;37.52976676
55.4876204;37.55194878
55.48559576;37.54387284
55.485475;37.54533743
55.47714291;37.51638947
55.4772899;37.51795331
55.47493047;37.51096319
55.47462935;37.46286875
55.47546512;37.51312315
55.48047479;37.45228747
55.48002719;37.52276718
55.48008217;37.45213243
55.48044372;37.52560144
55.47788023;37.45552189
55.47122455;37.50462957
55.47672733;37.45617114
55.47178383;37.5069793
55.47239991;37.47574232
55.47050329;37.4976153
55.47185051;37.47671017
55.47025796;37.49981805
55.47365464;37.46929697
55.47331602;37.46909854
55.48703219;37.40914914
55.47103209;37.48299931
55.487453;37.41431601
55.47048755;37.48399293
55.48709644;37.41670191
55.48393206;37.42783331
55.46989928;37.48928828
55.48335823;37.42832689
55.46953146;37.4918884
55.48202203;37.43440804
55.47491898;37.46325723
55.48117416;37.43637949
55.69711782;37.4642638
55.89822689;37.54102449
55.48101503;37.44199603
55.48077523;37.44337021
55.48651131;37.42232887
55.48525123;37.4239473
55.87801305;37.54417479
55.61109944;37.25871918
55.61220384;37.25929378
55.48684092;37.55468265
55.92005743;37.54231566
55.62503082;37.3111785
55.78514864;37.60259878
55.69902558;37.46952575
55.69887353;37.46977146
55.62649721;37.31185525
55.60465653;37.19113976
55.62165404;37.26512808
55.5838044;37.13414284
55.6376232;37.30187019
55.63718349;37.30108938
55.71559804;37.50306179
55.71564052;37.50354918
55.65244174;37.6130487
55.65298366;37.61437373
55.99335392;37.24538811
55.62284423;37.30903053
55.62274944;37.3074272
55.70163129;37.47241025
55.63506163;37.60424534
55.73800509;37.49039318
55.73899738;37.49389203
55.74045403;37.49896428
55.66683882;37.75176834
55.53254125;37.22022234
55.91901932;37.54319544
55.62513571;37.29862489
55.62511665;37.29897188
55.68465065;37.73469844
55.61288154;37.59035401
55.77262087;37.6939144
55.63441128;37.60447783
55.63703143;37.69522379
55.59890504;37.15904713
55.68673113;37.66115234
55.84668826;37.63802043
55.58789293;37.37228193
55.50231781;37.58209776
55.51682804;37.35658328
55.52085828;37.35029529
55.51738297;37.35671532
55.84015105;37.34702529
55.83981805;37.34755852
55.82345232;37.64086085
55.69898669;37.62971989
55.70112929;37.92798284
55.52901213;37.56226579
55.70191059;37.46648579
55.70215534;37.46607415
55.69880679;37.92790315
55.70591456;37.53594985
55.52069822;37.35198243
55.65484853;37.38521412
55.30705865;37.22330489
55.78357466;37.55718701
55.70159993;37.93107633
55.50822668;37.55317514
55.59635094;37.34399042
55.59874148;37.35225471
55.417913;37.00953673
55.42743354;36.96235937
55.47796383;36.92498572
55.47818658;36.92430012
55.59610215;37.34417772
55.30462001;37.19242521
55.30441379;37.19335368
55.66864624;37.61235134
55.66901739;37.61159926
55.6685005;37.61473624
55.68687694;37.66084409
55.71559833;37.74321303
55.52236072;37.51039315
55.72012104;37.94415278
55.6809556;37.62976838
55.30728394;37.22419369
55.80328088;37.57436165
55.68670846;37.42557505
55.98025301;37.17245984
55.62546924;37.31117168
55.8807939;37.45373132
55.7012278;37.63096331
55.70097041;37.63075826
55.6959697;37.8085974
55.68144061;37.54649448
55.72519819;37.46011374
55.70789003;37.87830021
55.6764997;37.59893932
55.67720507;37.60043035
55.63126226;37.52674815
55.79952678;37.8111639
55.71561613;37.77001106
55.71695377;37.77529665
55.71358713;37.76152697
55.71346436;37.76157395
55.71526503;37.76789212
55.7167853;37.77383512
55.79107318;37.5556379
55.60536496;37.35515084
55.58484765;37.1241456
55.48341124;37.47865176
55.48337221;37.48003866
55.47742886;37.46921184
55.47749644;37.4696308
55.53770704;37.46171985
55.53807449;37.45992833
55.30073148;37.20613431
55.80232678;37.74527352
55.65257545;37.83542729
55.83439514;37.63161447
55.83873994;37.6259381
55.83853649;37.62576305
55.83462014;37.63093544
55.73894441;37.69246278
55.61556587;37.47688586
55.8375098;37.61767255
55.70255032;37.928609
55.83737861;37.61235227
55.84061562;37.62402467
55.84015614;37.61723474
55.7301892;37.44709855
55.60248824;37.16210359
55.66751439;37.66130277
55.83168971;37.6145677
55.83063706;37.61734993
55.88527192;37.39862765
55.88591188;37.39157512
55.88461134;37.40584322
55.88694658;37.38030774
55.8867417;37.38107517
55.881583;37.45408328
55.97120841;37.31996709
55.99788221;37.25009238
55.97006685;37.320884
55.99829046;37.24723982
55.89796748;37.38975928
55.88645561;37.38545915
55.88629678;37.38580043
55.74430319;37.54532347
55.84223952;37.66624646
55.83041313;37.63545298
55.83027304;37.63568133
55.70257209;37.62625345
55.77521497;37.656997
55.70282891;37.62657878
55.83437386;37.61437069
55.74743741;37.68921718
55.8304058;37.61802923
55.71785335;37.66490973
55.83474475;37.61389661
55.77557867;37.67127735
55.84082442;37.66680068
55.69132314;37.51524265
55.69155752;37.51454563
55.53524908;37.5675763
55.53482972;37.56724247
55.64845568;37.40899858
55.72900217;37.52306803
55.7289434;37.52249194
55.84640866;37.63825138
55.69252546;37.53718279
55.68938002;37.63222698
55.68944238;37.63241828
55.68683108;37.63767088
55.6865781;37.63792622
55.85534304;37.57993578
55.8837272;37.60492674
55.85481104;37.56797878
55.85560104;37.57848078
55.64108343;37.39040948
55.6410742;37.38884923
55.69611388;37.46508993
55.18378936;37.01432207
55.18379493;37.01527346
55.58610634;37.63556999
55.47307899;37.55457878
55.59623529;37.16191687
55.44431918;37.27419872
55.66442032;37.5326348
55.59877288;37.17056219
55.599249;37.16954402
55.49995893;37.54139875
55.44704834;37.27348982
55.44540504;37.27429678
55.93297909;37.38126575
55.93252235;37.38066551
55.59920217;37.16665912
55.86258626;37.43565112
55.75677018;37.50957997
55.75603529;37.51078707
55.89135314;37.39923079
55.41000456;37.01315763
55.41834029;37.00931352
55.42103556;37.00426787
55.4211672;37.00338462
55.42225381;36.97224653
55.42789502;36.96224413
55.44899851;36.94413242
55.48596615;37.55401457
55.50762661;37.56230641
55.71896803;37.91854131
55.71978739;37.9195671
55.60685392;37.25996231
55.7152472;37.91658731
55.71602704;37.91759379
55.83511579;37.34841847
55.70497231;37.51655373
55.56488809;37.47763113
55.56450003;37.47602403
55.56370072;37.47376385
55.71163372;37.71914471
55.86295287;37.43553036
55.86275902;37.43593579
55.86304602;37.43584807
55.71583689;37.92890389
55.71408014;37.92694601
55.20520225;37.06591627
55.39607531;37.00885009
55.7418206;37.74389015
55.74202305;37.7438675
55.83515561;37.34789082
55.66582414;37.45557519
55.89406113;37.65284245
55.74755375;37.62820825
55.71485968;37.8769673
55.86150284;37.53886339
55.18781723;37.05187892
55.69422807;37.63013702
55.7915182;37.55694201
55.50750604;37.56064504
55.97001864;37.17407149
55.43167104;37.32360078
55.89185504;37.39936577
55.46019474;36.93968076
55.45941676;36.93936579
55.5963576;37.1152585
55.43159693;37.32498737
55.60729526;37.6510316
55.57940024;37.15633066
55.57927971;37.15709831
55.23978209;37.04502708
55.23986659;37.04597513
55.50366594;37.5342546
55.50391625;37.53402787
55.50257719;37.53746798
55.50233179;37.53784658
55.58434178;37.36174876
55.58421729;37.36230796
55.51152335;37.35519526
55.51104524;37.35333238
55.53813212;37.39513181
55.73060304;37.45014278
55.69506657;37.72767716
55.69521803;37.72802656
55.44978845;37.52917721
55.44965618;37.52822742
55.65292621;37.59693403
55.65269644;37.59740642
55.74593112;37.45511821
55.76894058;37.68400835
55.67339615;37.41350923
55.682797;37.33950582
55.6346421;37.33092835
55.70890018;37.73579868
55.76897967;37.49071987
55.74034059;37.79443477
55.46515608;36.94083491
55.49991561;37.54156218
55.46629866;36.92978021
55.46553317;36.93030948
55.63245578;37.41933408
55.63332595;37.41897713
55.58768424;37.1679512
55.49952896;37.54653747
55.74033654;37.79356498
55.74446471;37.79850962
55.74274135;37.79844863
55.74337594;37.79879271
55.86704093;37.60818679
55.65453181;37.49772134
55.65505192;37.49707473
55.7502159;37.7553794
55.75099647;37.75518874
55.60161321;37.16409823
55.68689328;37.426921
55.68456019;37.55103274
55.68612033;37.54832844
55.82716014;37.76399893
55.69082159;37.54015093
55.65099556;37.53122421
55.68791751;37.65321587
55.69079682;37.6578658
55.68900913;37.65527878
55.69159456;37.65946741
55.8008729;37.69555706
55.55179582;37.48958468
55.69832635;37.79196454
55.7289981;37.54521702
55.55839554;37.42135041
55.55219972;37.49736131
55.55352951;37.49806238
55.55300433;37.50602184
55.55293026;37.51236683
55.75902023;37.50368995
55.75830258;37.50501088
55.7738466;37.65409151
55.5521369;37.50838912
55.55233404;37.51265446
55.55405889;37.49676957
55.55403454;37.49597791
55.68630353;37.65307508
55.68608819;37.65271153
55.86723013;37.54616625
55.51492552;37.34315081
55.61816245;37.45833324
55.61739778;37.46074444
55.69667841;37.46688548
55.87940431;37.58839186
55.55819835;37.42229153
55.72244986;37.83655488
55.83846773;37.34212734
55.83835095;37.34193598
55.65912163;37.41777327
55.65927126;37.4168312
55.64890054;37.5073013
55.65636154;37.83101253
55.31374342;37.18532983
55.31312487;37.18523148
55.31973877;37.18046653
55.3195037;37.18080943
55.64225692;37.76882612
55.64184964;37.76883202
55.82367758;37.65819597
55.61923048;37.48112231
55.45123657;37.27606086
55.4485297;37.27370308
55.45134881;37.27562395
55.70758632;37.53238832
55.64764518;37.50717937
55.73059741;37.55064232
55.62135839;37.48291979
55.619526;37.485446
55.61801981;37.48728471
55.61457132;37.49133813
55.70341928;37.53837561
55.70388289;37.53863837
55.74813311;37.64255588
55.69994333;37.65594175
55.88125517;37.57069758
55.69903408;37.65912936
55.88122211;37.57018224
55.69818988;37.66060473
55.50769146;37.5626329
55.64908349;37.39034663
55.4850135;37.29975817
55.48505969;37.29987135
55.42144992;36.86710728
55.81626909;37.64641766
55.87726371;37.488863
55.57412847;37.46467481
55.51742541;37.33972417
55.5202008;37.34488935
55.91249341;37.54690202
55.69730763;37.75340081
55.38811049;37.2000435
55.38987698;37.18292217
55.64021112;37.35572809
55.80166963;37.78185391
55.93276662;37.54142526
55.7125215;37.93863981
55.61325369;37.53404046
55.89706659;37.38875295
55.68209769;37.33538188
55.68130764;37.33443424
55.86324656;37.54294449
55.85857566;37.41983609
55.89470789;37.39829585
55.46415068;37.28410534
55.46405516;37.2845539
55.5255914;37.3986168
55.79588078;37.6002231
55.801982;37.59603833
55.66517792;37.64333007
55.7701975;37.46585854
55.76992887;37.46589141
55.65972794;37.52700067
55.89828858;37.56781171
55.89884554;37.58678013
55.65627057;37.38376456
55.41849384;36.86874083
55.70719746;37.71326863
55.9067694;37.38689507
55.45672125;37.27937375
55.45582186;37.278593
55.46372914;37.28041424
55.46348615;37.28104608
55.75840897;37.40849208
55.7572095;37.40734168
55.69815829;37.86589928
55.9607982;37.18599887
55.96149487;37.18645245
55.5988636;37.48084183
55.54151342;37.31704877
55.54390809;37.31064647
55.5446399;37.30950057
55.44077285;37.16018981
55.44078131;37.15969989
55.57916213;37.68547735
55.57895444;37.68369309
55.70261285;37.93064434
55.75077548;37.71787632
55.73862053;37.72050491
55.5259748;37.39867096
55.66578941;37.70096065
55.73851065;37.72089567
55.72409207;37.39991263
55.72426259;37.39993393
55.74241146;37.50103339
55.67293856;37.52358695
55.88039948;37.56018625
55.65810945;37.83903564
55.76664987;37.55985002
55.61835659;37.5034137
56.00367034;37.15490527
55.83917952;37.6254259
56.01773682;37.15694259
56.01094498;37.14904453
56.01088427;37.14840133
56.01219785;37.15617808
56.01169156;37.15409366
56.01072498;37.15585616
56.00787191;37.15589246
56.0076;37.15559712
56.00390229;37.15538482
55.59882004;37.35026979
55.86462602;37.60595775
55.73694984;37.51550377
55.75020427;37.51592085
55.74999821;37.51570763
55.74585826;37.5227651
55.74565224;37.52239747
55.7628583;37.47931415
55.67281433;37.81357513
55.67295592;37.81421521
55.67269881;37.81972232
55.74165444;37.51891925
55.6723842;37.82158652
55.96598332;37.17536536
55.80316904;37.40492255
55.80466127;37.39771756
55.80463196;37.39786193
55.74227705;37.51862952
55.82174535;37.82519041
55.67030674;37.52162843
55.64262459;37.64201302
55.64105875;37.64200631
55.50187686;37.56173193
55.85271425;37.66306052
55.59831263;37.47955803
55.6906705;37.62725914
55.69049587;37.62767988
55.68627709;37.62958132
55.69114304;37.69448379
55.60582821;37.46485528
55.60764678;37.46265407
55.77473788;37.65289941
55.55338085;37.51895661
55.55422984;37.52004765
55.69024983;37.69518824
55.69004455;37.6946834
55.55453126;37.53065104
55.55483851;37.53083415
55.55321579;37.53666181
55.55355926;37.53668377
55.68513666;37.63035925
55.6043034;37.4787201
55.60105236;37.48015758
55.77444817;37.65357184
55.77448468;37.65375161
55.55069647;37.54610488
55.57001475;37.57695744
55.6402461;37.64143294
55.61774151;37.64124163
55.63693687;37.6410567
55.63609118;37.64041173
55.70201753;37.49126338
55.62263673;37.60951892
55.89063292;37.62241015
55.89571971;37.61216758
55.78248807;37.72075552
55.75633316;37.55566738
55.63350894;37.32564518
55.63563515;37.51496505
55.78102836;37.60994287
55.84685004;37.57230265
55.69637795;37.46474606
55.75643494;37.55476378
55.543927;37.410774
55.566212;37.406062
55.565745;37.407256
55.639372;37.689518
55.84123695;37.5698908
55.69572604;37.47597079
55.69661141;37.47605171
55.69789487;37.47794451
55.69771588;37.47848762
55.70217108;37.49101156
55.6936812;37.47753732
55.69000704;37.47567078
55.69326308;37.47729556
55.68956179;37.4741165
55.85565069;37.65337449
55.79266081;37.49162334
55.75744747;37.46995644
55.75778127;37.47053049
55.87200796;37.6957229
55.7281977;37.4735173
55.91892833;37.38704406
55.92097431;37.37898183
55.92969477;37.3572229
55.93068191;37.35592923
55.93284765;37.35266111
55.93387076;37.3513296
55.93654603;37.33883983
55.93635642;37.33973453
55.92467339;37.3691644
55.93533992;37.35035922
55.71441085;37.39436659
55.68017918;37.38970469
55.71545116;37.40037907
55.86117747;37.43392499
55.93624944;37.34795799
55.98169813;37.41322643
55.72862215;37.47357352
55.71660058;37.4033899
55.91291156;37.39107241
55.9130155;37.39074112
55.91428373;37.39476746
55.91421817;37.39386485
55.91870894;37.38845536
55.71479608;37.39178262
55.91995408;37.3825327
55.712098;37.37451643
55.92424479;37.36988836
55.7119323;37.37780003
55.84989781;37.44052401
55.9621178;37.40747916
55.98104177;37.40879136
55.836792;37.66515
55.76052504;37.47146678
55.76072907;37.47205446
55.86939582;37.7005108
55.8674135;37.70458554
55.75303809;37.8174431
55.78401721;37.32685257
55.82734457;37.43699329
55.94974632;37.53995465
55.78408252;37.32705908
55.78526465;37.33030181
55.78519346;37.33206107
55.78595172;37.33581524
55.78580218;37.33590731
55.78826341;37.34000729
55.78876437;37.34037753
55.79208665;37.33769264
55.79196095;37.33818741
55.89001413;37.49106836
55.61901636;37.78083113
55.28692737;37.38059974
55.29008818;37.36755091
55.30846772;37.37755145
55.978344;37.17442
55.6206812;37.66980939
55.88871362;37.66193101
55.88630892;37.6621049
55.91343058;37.59112786
55.90709708;37.36727731
55.71756046;37.82037832
55.8547781;37.47690029
55.58482888;37.67917079
55.75125431;37.81670992
55.81000833;37.80105785
55.6116734;37.71933664
55.9794806;37.17287242
55.88234372;37.45469808
55.8894805;37.49119455
55.73257702;37.84027498
55.73268326;37.84110412
55.73968261;37.84117188
55.73945561;37.84189789
56.0113542;37.20338679
55.828997;37.37262198
55.77475422;37.83442142
55.89994571;37.67048526
55.89934595;37.67054148
55.90961512;37.67034586
55.90847178;37.66876715
55.662009;37.47942427
55.83265127;37.39181234
55.70910036;37.87943161
55.70842677;37.89405169
55.70860611;37.88084575
55.67672951;37.76348529
55.7006628;37.85371504
55.9809651;37.17388074
55.98091091;37.17379587
55.60992737;37.16477978
55.60949444;37.16436737
55.61702592;37.51013951
55.82131335;37.64383932
55.70121039;37.85269468
55.83681853;37.38275161
55.88676808;37.66150047
55.67449053;37.8591906
55.56871862;37.57596677
55.96199877;37.40680416
55.67496663;37.85812933
55.6563596;37.831481
55.77480688;37.83232206
55.58218418;37.57784182
55.90008589;37.54638887
55.75162604;37.81829878
55.62239175;37.42598469
55.82899926;37.37068398
55.61018921;37.71716965
55.60963323;37.71743604
55.59891225;37.47811693
55.62117291;37.42408512
55.8975661;37.58785341
55.80308347;37.40531479
55.79987498;37.39245578
55.79925266;37.39523207
55.79904876;37.40219911
55.79932352;37.40174175
55.88684915;37.66173174
55.61160562;37.71649759
55.70842506;37.86566534
55.6958398;37.64343228
55.69587615;37.64276127
55.89727907;37.58784403
55.89749657;37.58604225
55.89967689;37.58789282
55.70748573;37.88731466
55.70717012;37.88745048
55.47114962;36.92884798
55.78832438;37.74615938
55.7880556;37.7457726
55.70162722;37.8519251
55.56112671;37.47557261
55.56219622;37.47691684
55.58229363;37.5774024
55.95642879;37.18716975
55.95638941;37.18747132
55.68682142;37.92665509
56.01109844;37.20414634
55.82762239;37.43577027
55.82542934;37.43650993
55.82682009;37.43703433
55.88689173;37.66213739
55.86109035;37.43435758
56.00184549;37.23994033
56.00182521;37.23834196
56.01016896;37.21877114
56.00929458;37.21979561
55.82746328;37.43647007
56.01495861;37.20634552
55.82638897;37.43675479
55.68670295;37.92278834
55.68430022;37.92917849
55.68323143;37.92302421
55.6830156;37.91694911
55.71610916;37.82041385
55.58432825;37.59667107
55.61059922;37.71936715
55.70671204;37.94221293
55.70712803;37.94090056
55.7054466;37.94004353
55.70251015;37.94235254
55.70504763;37.93381569
55.75315594;37.81822285
55.88344052;37.46590877
55.88282653;37.46611478
55.89016073;37.4834485
55.86279625;37.43557582
55.90706921;37.53942825
56.01549314;37.20716117
56.01425227;37.20643096
55.82678847;37.44001492
55.82146854;37.64385641
55.90025995;37.58796913
55.75173388;37.81413405
55.67628395;37.76496759
55.70583382;37.76539278
55.68461616;37.91505732
55.73661171;37.51492251
55.61053392;37.71894652
55.61025734;37.71712704
55.61066436;37.71979344
55.61457849;37.16162604
55.61563799;37.16015167
55.5823637;37.57716432
55.66622354;37.32914316
55.58225794;37.57758642
55.28199461;37.39327168
55.2895372;37.36862888
55.30486862;37.35461281
55.30539837;37.35473926
55.31667607;37.34865181
55.3231144;37.34306423
55.1806335;37.0381386
55.74422083;37.56744346
55.43021972;37.39867405
55.43114624;37.39903864
55.27131187;37.38075528
55.25759665;37.34808791
55.28912787;37.30109136
55.69553193;37.63039087
55.70007797;37.63003245
55.70583461;37.93455067
55.4982755;37.57203099
55.36170002;37.41495208
55.67044184;37.86810138
55.67060464;37.86877918
55.88286444;37.45256538
55.70414738;37.63519686
55.72173784;37.6740839
55.72633975;37.67043542
55.72792443;37.66942707
55.73131901;37.66855503
55.73340647;37.66366511
55.73670194;37.65943278
55.83331854;37.39220383
55.69037281;37.75567008
55.78845;37.61607
55.64248788;37.40109257
55.76491658;37.4077281
55.910011;37.56196134
55.90288281;37.60944286
55.88576166;37.67276514
55.90153139;37.60803038
55.76538092;37.40765759
55.78113896;37.43846619
55.80976904;37.40463158
55.81133084;37.39792373
55.80792661;37.39558645
55.80504687;37.39358308
55.80172555;37.39138176
55.75946462;37.5773717
55.84768478;37.57566301
55.89367154;37.53598199
55.84975709;37.40482375
55.8921211;37.53025071
55.76135043;37.52378766
55.76871931;37.511133
55.75053116;37.45097298
55.81000988;37.70393402
55.75068985;37.45056497
55.81258472;37.69763443
55.81701221;37.68872806
55.82214444;37.6339465
55.78911035;37.47808463
55.8218625;37.62890637
55.7927587;37.78212551
55.82192054;37.62187219
55.78667955;37.74723758
55.80270834;37.72705301
55.78309315;37.73908137
55.79922875;37.68615588
55.78269035;37.73005338
55.80849671;37.68830626
55.78238945;37.72186995
55.81065824;37.68540604
55.81657268;37.70056572
55.78924832;37.71638709
55.81876844;37.70494203
55.79274107;37.78345538
55.7970052;37.71486676
55.81800234;37.72105631
55.80443371;37.70748084
55.80682671;37.70662416
55.79339478;37.81327101
55.81698697;37.72597918
55.81686572;37.72699156
55.81835183;37.72173105
55.81836239;37.71625979
55.81977294;37.70979649
55.81903485;37.70534718
55.81702234;37.7008883
55.81055324;37.6852145
55.8087641;37.68764082
55.79949205;37.68612005
55.79142768;37.68664524
55.79516086;37.70936603
55.72367835;37.66417052
55.68681487;37.68304223
55.60246308;37.58945246
55.61949019;37.59394526
55.61971205;37.5937583
55.60254477;37.5892918
55.80277245;37.81940145
55.82480968;37.75877062
55.81762039;37.74323141
55.82301887;37.75532705
55.82058032;37.7507949
55.82072335;37.75089068
55.82273816;37.75508015
55.81750915;37.74323705
55.82451206;37.75851971
55.76985337;37.72829742
55.82717052;37.76365738
55.82880752;37.76740908
55.79027197;37.68156037
55.75737659;37.73988521
55.81848072;37.71553261
55.75675722;37.7423284
55.64697729;37.64669561
55.75855793;37.75253621
55.75945168;37.75660188
55.76277179;37.77364276
55.75935534;37.75667589
55.75865873;37.75218526
55.75681791;37.74327506
55.75726262;37.73982687
55.77063947;37.72774494
55.77856544;37.66459734
55.7806512;37.66896911
55.79464714;37.71434124
55.76358271;37.73419408
55.7991566;37.72864385
55.80266228;37.72674784
55.81065466;37.73086886
55.79367591;37.81877179
55.81883226;37.72134975
55.79333547;37.79869684
55.79287267;37.78237946
55.81898033;37.72064678
55.81420579;37.734257
55.79456422;37.69947064
55.78995068;37.63244387
55.78001484;37.66689278
55.77634369;37.64971228
55.65580691;37.54314756
55.68972473;37.62231566
55.79180317;37.67425448
55.80464213;37.66358308
55.8063827;37.66760708
55.80721592;37.67410004
55.80471937;37.66335259
55.82176481;37.62131379
55.81229936;37.69781074
55.82175285;37.62821348
55.80998018;37.70357601
55.82199764;37.63369298
55.80717974;37.70608636
55.81479706;37.69410236
55.80466788;37.70709936
55.78215255;37.72008527
55.78258775;37.73112375
55.78286096;37.73864919
55.77911213;37.71977823
55.78701612;37.74766406
55.7866487;37.76169693
55.79207947;37.77820362
55.792988;37.78902938
55.76979025;37.66346326
55.79311915;37.79476118
55.79348732;37.82240578
55.7935984;37.81852669
55.79349712;37.8121004
55.79321952;37.79330963
55.79308626;37.78740798
55.76335584;37.6765909
55.74160241;37.41463303
55.7787129;37.7191936
55.79196763;37.71557242
55.70522872;37.70243734
55.68040609;37.7443378
55.74863737;37.70119769
55.72198839;37.66913948
55.73133132;37.6634618
55.72188493;37.66849532
55.72044752;37.6746132
55.74522631;37.67909484
55.74870511;37.7020464
55.71787208;37.67652303
55.77376111;37.71077567
55.72083739;37.67388165
55.77019494;37.70325925
55.76727686;37.69812548
55.76108099;37.71217592
55.75929733;37.71636598
55.71045013;37.49004774
55.73723793;37.72492115
55.73715493;37.75899967
55.7530332;37.49172528
55.75157954;37.49313385
55.75100136;37.49271941
55.65696004;37.72816722
55.66284786;37.61319437
55.62456713;37.59605983
55.60913901;37.59083221
55.60600164;37.59010077
55.61565746;37.50973549
55.66420414;37.61497616
55.66076812;37.60999093
55.61810552;37.50706046
55.79037167;37.7711743
55.61764561;37.50726541
55.79007904;37.77092625
55.5745244;37.64889122
55.79019455;37.7708356
55.78678655;37.76108428
55.7201681;37.67526585
55.72239437;37.68042782
55.72427846;37.68665336
55.64304648;37.52365282
55.72051811;37.67457874
55.71521257;37.67853812
55.5891048;37.54711104
55.75718475;37.56599082
55.75694989;37.55993761
55.70539948;37.51604108
55.82656235;37.43744719
55.70540697;37.51651693
55.6921531;37.56220712
55.58651727;37.63065181
55.61709764;37.50884252
55.59837878;37.51015211
55.61748241;37.50878496
55.80704923;37.68179616
55.70722685;37.61816994
55.6295888;37.67463421
55.63782787;37.65185119
55.60747562;37.65001377
55.78718064;37.69089749
55.58236804;37.66183743
55.62858471;37.79857565
55.62916896;37.79852917
55.65745638;37.7990586
55.65770553;37.79825114
55.74705054;37.62497709
55.64859799;37.78898023
55.64887573;37.7892981
55.65255185;37.79144049
55.66121905;37.73907403
55.67436;37.52194129
55.68866426;37.59622737
55.72081662;37.62721857
55.59872098;37.58852605
55.60611312;37.5903004
55.67011802;37.32879645
55.66063116;37.61039681
56.0126917;37.86969149
56.01250953;37.87032331
56.00957157;37.87316106
56.00988158;37.84855022
56.00911594;37.87293544
56.00916799;37.85383298
56.00721507;37.87372153
56.27001214;38.12115166
56.00914381;37.85440594
56.0067821;37.87345593
56.26989704;38.12051198
56.0120796;37.86382535
56.00397016;37.87373043
56.27857168;38.12289033
56.00621745;37.82961203
56.01192651;37.86415578
56.00371228;37.87331572
56.27939563;38.12371385
56.0056888;37.82927572
55.9599669;37.82554552
56.00029546;37.8724182
56.00734914;37.82560971
56.28659823;38.12530986
56.0805158;37.91665061
55.99985325;37.87147901
56.01046891;37.83134011
56.28676967;38.12594062
56.08041789;37.91728424
55.9938649;37.86770252
55.97032284;37.79195041
56.14015148;38.00659725
56.2966114;38.12809728
55.99342136;37.86719574
55.86292066;37.31301769
56.18583739;38.03416099
56.29713745;38.1287847
55.97016723;37.84541805
55.89379111;37.26972909
56.30175876;38.12949893
56.18621501;38.03541887
55.97028158;37.84682544
55.89362437;37.26943433
56.30189277;38.13083861
56.19039852;38.04055
55.96562975;37.83921551
55.88755491;37.26533542
56.19069771;38.04169587
55.9548487;37.82825643
56.30238202;38.13651077
55.88768795;37.26567543
56.19834974;38.05178382
55.94489164;37.81358327
56.30337955;38.13642602
55.88645859;37.26355279
55.94486114;37.81449655
56.19858722;38.05284827
55.96778119;37.7863439
55.88654359;37.26381291
56.0122885;37.84098439
56.20566889;38.0659389
55.96717484;37.78787623
55.88213574;37.2640301
56.01219473;37.84128024
56.20585536;38.0670433
55.96762831;37.79385621
55.86729715;37.31248321
56.01339154;37.83832409
56.22445514;38.09439493
55.96708518;37.79482641
55.816083;37.34243274
56.01314873;37.83853316
56.22541423;38.09585582
55.97050759;37.79124613
55.82315669;37.37452528
56.01068874;37.84599323
56.23121725;38.10490104
55.9722725;37.79055616
55.8652635;37.12643745
56.23153073;38.10588196
55.9719399;37.79065413
55.86532339;37.12575564
56.24351803;38.11787983
55.98173353;37.79664607
56.2435663;38.11836623
55.98170917;37.79740956
56.24884992;38.12183093
55.98348678;37.80078956
56.24934246;38.12246626
55.98328342;37.80101909
55.9780918;37.81798907
55.97854087;37.8186157
55.45980743;37.27133401
55.79912161;37.30657018
55.80369508;37.32075347
55.96085195;37.66164782
55.81015718;37.33825844
55.81044603;37.33943023
55.96332153;37.6675564
55.81224802;37.34320205
55.96360449;37.667643
55.5015651;36.92852649
55.81234605;37.34386947
55.967942;37.6759311
55.81520508;37.35064667
55.96837125;37.67712587
55.96919427;37.68537916
55.91739357;37.66709242
55.96914208;37.68637338
55.91703323;37.66693789
55.9700715;37.69730213
55.92183977;37.66399635
55.78874654;37.29065883
55.97015446;37.69650143
55.9213273;37.66385374
55.78878525;37.29023118
55.97013089;37.71404046
55.92510488;37.6614942
55.79878926;37.30392403
55.97277252;37.71673231
55.92544266;37.66166617
55.93272831;37.65833707
55.97260216;37.71749988
55.93249384;37.65776912
55.97421156;37.72399637
55.9373071;37.65600965
55.97336118;37.72150753
55.93895212;37.65598614
55.9736056;37.72803396
55.94521049;37.65410642
55.97359405;37.72895062
55.94632229;37.65475836
55.971858;37.7405332
55.95315683;37.64929826
55.97177175;37.73998768
55.95336356;37.64838031
55.97388522;37.74239933
55.95686673;37.65254854
55.95648663;37.65242152
55.97630352;37.74304992
55.96042458;37.66008711
55.91948254;37.68371506
55.92012948;37.6843301
55.92065622;37.68989563
55.92049865;37.69160038
55.92134828;37.69760915
55.92113532;37.6986615
55.92327418;37.71327075
55.92348127;37.71323177
55.92318929;37.71910459
55.92373844;37.71837776
55.90749197;37.70990462
55.921108;37.72441518
56.07584293;37.12784704
55.90751502;37.71042374
55.92103671;37.72411881
56.09266514;37.10986824
55.90987728;37.71265563
56.02313537;37.18458092
55.91953185;37.72795749
56.09073109;37.09789644
55.91002252;37.71337104
55.91907688;37.72875489
55.91822738;37.74477827
55.91382825;37.71883113
56.08813732;37.07859246
55.9181381;37.73144291
55.9140937;37.7200313
55.91869762;37.74343693
56.08081275;37.06566915
55.91761451;37.73201411
55.91780148;37.72344055
55.92130148;37.7484947
55.91504289;37.73196867
56.07872702;37.05932606
55.91808398;37.72376319
55.9134801;37.72867929
55.92326018;37.75213926
56.07701373;37.06070297
55.91943198;37.72054309
55.91329132;37.72870577
56.07514135;37.05539833
55.92353386;37.75328985
55.92172479;37.71579304
55.91199214;37.72600749
56.06789134;37.06276173
55.92384871;37.75767146
55.91212622;37.72661762
55.92311265;37.61071271
56.06475945;37.07392453
55.92276619;37.75943512
55.90984998;37.7221386
55.92299708;37.61080519
56.06809058;37.06274941
55.92212588;37.75986226
55.90891233;37.7211704
55.92317953;37.61904294
55.92038236;37.76511765
56.07510708;37.05566188
55.9048946;37.71618847
55.92299488;37.61920541
56.07705245;37.06089772
55.92109766;37.76780125
55.90522287;37.71691736
55.91931562;37.61978727
56.0784484;37.05939095
55.92143415;37.76849583
55.9047735;37.71130393
56.08099794;37.06667072
55.92280306;37.76980458
55.90433835;37.71210384
56.0195008;37.19482839
56.08798051;37.0796887
55.92339792;37.77085217
56.02353091;37.18450099
55.90242308;37.7040962
56.09043175;37.09765897
55.92790229;37.77324168
56.0279549;37.17326269
56.09201194;37.10995671
55.92884005;37.77334361
55.90278505;37.70494044
56.03689932;37.16327536
56.07533614;37.1279237
55.93143392;37.77603628
56.05287308;37.15215325
56.07175447;37.13160419
55.93086923;37.77537496
56.05978792;37.14515368
56.06867721;37.13492172
56.06912141;37.13511265
55.93582038;37.77944976
56.05920306;37.14501935
55.9355055;37.77918655
56.07244583;37.13155605
55.93765199;37.77913674
56.05235834;37.15190747
55.93916081;37.77955913
56.03640955;37.16288341
55.94017244;37.7793757
56.02722917;37.17416543
55.94316366;37.77946247
55.834675;37.32822274
55.94407503;37.78001615
55.83695667;37.32426834
55.94614939;37.78194859
55.83406037;37.31239928
55.94661931;37.78215781
55.94770349;37.78594056
55.82993231;37.30781493
55.8094831;37.32510041
55.80939844;37.32498574
55.91242187;37.58553842
55.8146723;37.3684347
55.80950232;37.46209483
55.81154156;37.36725973
55.80374062;37.37364393
55.81174492;37.36776928
55.80292622;37.3735444
55.81076799;37.3630856
55.80912701;37.38384523
55.82187111;37.33862894
55.81061344;37.36341628
55.74560405;37.23553171
55.80758225;37.28639766
55.81496193;37.36928792
55.75570423;37.236572
55.81264259;37.10985935
55.81744982;37.37258154
55.75628714;37.23517942
55.82321332;37.375635
55.81250925;37.11045097
55.86151609;37.39262303
55.82445738;37.37468529
55.81040198;37.13044043
55.86145223;37.38431889
56.33709763;37.51253574
55.83491951;37.327402
55.81020378;37.13010217
55.86404045;37.39002644
55.83672347;37.32427061
56.72272378;37.52715583
55.79912564;37.12745681
55.8644666;37.39094188
55.83347187;37.31214305
56.63992952;37.55946261
55.79950402;37.12776325
55.86576008;37.39818653
55.83186198;37.3093481
56.63942295;37.55863379
55.87031014;37.39934192
56.33673604;37.51178318
55.83224974;37.30872561
56.72630347;37.53177319
55.87047541;37.39995267
56.29013355;37.48412062
55.83493357;37.30655018
56.72623579;37.53211125
55.87284694;37.40004442
56.28708347;37.48663369
55.83488919;37.30699086
56.7269986;37.13848811
55.87161344;37.39660061
56.28758481;37.48642588
55.83914586;37.30639661
56.76328571;37.14382014
55.75943266;37.23240915
55.83907609;37.3059189
56.28472334;37.48830559
56.7630356;37.14401224
55.75912848;37.23242122
55.82296245;37.33742353
56.2845065;37.48871582
56.65812751;37.2595608
55.77301801;37.20029275
56.2798282;37.48932984
56.63141444;37.29463316
56.52669197;37.40650299
56.27982822;37.48962856
56.42968122;37.46108934
56.23891964;37.52300298
56.43026135;37.46084475
56.240001;37.52420741
56.52752554;37.40635314
56.17262526;37.50773474
56.63202235;37.29436922
56.17207602;37.50769423
56.65854976;37.25945073
56.15064717;37.48801046
56.7447224;37.18892643
56.15143865;37.48803545
55.93494125;37.5125313
56.14236424;37.49251954
55.93551585;37.51263186
56.14260652;37.4931804
55.93776939;37.5112776
55.93707082;37.51138781
55.91967788;37.50042246
55.91968632;37.50169655
55.93839783;37.50711741
55.93832198;37.50018177
55.93817549;37.5021942
55.93808245;37.49477684
56.19232204;36.97040572
56.19169829;36.97076792
55.77444095;37.63207697
56.19981293;36.95835789
56.1995127;36.95797812
56.2195994;36.92634157
56.21913727;36.92629792
55.73833743;37.71699597
56.23529763;36.90097171
55.74488237;37.57927049
55.72911094;37.55785939
55.91906317;37.71037217
55.91568658;37.70912006
55.9154707;37.70852454
55.91290383;37.70648962
55.73840139;37.71772745
55.9120822;37.70596869
55.90924333;37.7023104
55.90908793;37.70260043
55.92197578;37.70908494
55.90689613;37.70494206
55.92167647;37.70785431
55.9066235;37.70627197
55.91598684;37.73476803
55.90642772;37.70627845
55.91559485;37.73574621
55.91497858;37.72832199
55.9137381;37.74252827
55.91448187;37.72959299
55.91553783;37.74546362
55.91313448;37.73161623
55.91611736;37.75002904
55.9122972;37.73348191
55.91596809;37.74932589
55.91115766;37.73504476
55.91540393;37.75993401
55.90962481;37.73457914
55.90922513;37.73442378
55.91910749;37.70998116
55.90728268;37.73084171
55.90518489;37.7266699
55.90396436;37.72560732
55.90155193;37.72243713
55.90148798;37.72275262
55.90009019;37.72077677
55.90022301;37.72132152
55.95265268;37.6457911
55.95257926;37.64594145
55.96650801;37.63614283
55.96609834;37.63599324
55.97345475;37.6085101
55.97258937;37.60923852
56.10601299;37.52140132
55.97739546;37.60677794
56.10615117;37.52040593
55.97744397;37.60606472
56.132752;37.50393678
55.96432413;37.53416659
56.13298998;37.50465556
55.96340341;37.53284003
56.14356146;37.37671567
55.98359476;37.52891298
56.14335316;37.37684247
55.98377161;37.52825645
56.19368458;37.34160897
55.99114819;37.53303943
56.04951165;37.57297932
55.99868477;37.53650399
56.04923782;37.57401056
55.99919711;37.53749971
56.05259857;37.58009478
56.00657968;37.5420491
56.04246733;37.61362246
56.00694127;37.5430776
55.91129567;37.73757152
56.01092341;37.54503791
55.92464958;37.78884703
56.01167518;37.54584577
55.92451918;37.78919724
56.02361883;37.54370474
55.92380904;37.78327226
55.7167514;37.18284401
56.02435388;37.54400484
55.92307328;37.78352775
55.71656425;37.18236149
56.0464845;37.54062047
55.91936387;37.78217643
55.83687645;37.26125842
56.0459692;37.54013428
55.91879447;37.78112394
55.83935462;37.24010375
56.05437941;37.53207668
55.91693921;37.77569847
55.84108703;37.21960752
56.05389209;37.53222475
55.91632212;37.77453547
55.84047853;37.2233113
56.0684799;37.51745542
55.91645824;37.76116448
55.84182225;37.2122983
55.91554128;37.76054641
55.84438032;37.20298242
55.85069224;37.19131743
55.86127086;37.43509226
55.85055312;37.19087789
55.90577591;37.36468047
55.86117765;37.43460221
55.84395069;37.20354141
55.90298715;37.35827228
55.91076453;37.40123766
55.90851105;37.35845899
55.9110958;37.39815257
55.90803476;37.35824009
55.91333008;37.39716873
55.90905685;37.35309873
55.91360559;37.39822123
55.90885118;37.35305689
55.91117543;37.40257938
55.91020317;37.34274112
55.86626347;37.39822954
55.91007209;37.34266642
55.90580653;37.33546053
55.88090063;37.41873689
55.88088134;37.41938839
55.90847214;37.37046179
55.86129398;37.43436379
55.90513059;37.38998046
55.90724732;37.36825071
55.90576133;37.36422923
55.91993807;37.38347078
55.92137142;37.37707082
55.93775193;37.32068643
55.93768635;37.32013971
55.93899272;37.31218414
55.93887394;37.31187356
55.53720391;36.98852033
55.93987658;37.30633302
55.53102419;36.97999585
55.94493791;37.30609696
55.53052555;36.97998752
55.95003271;37.3056448
55.51597446;36.94283589
55.95049669;37.30031653
55.51602598;36.94254844
55.95005584;37.29963782
55.65539599;37.84860021
55.85237116;37.43885148
55.62549751;37.95367417
55.42812695;37.88298294
56.23412043;36.90217348
55.42693589;37.88550761
56.24568209;36.8842067
56.24471727;36.88503157
55.41982697;37.8939668
55.41870421;37.89446078
56.27396185;36.83842262
55.41520054;37.89772393
56.27262241;36.83972146
55.97490642;37.72342146
56.28670937;36.81753037
55.85099449;37.43867478
55.97974947;37.72592617
56.28625406;36.81771067
55.97969835;37.72615195
56.32102938;36.761841
55.56625576;36.99611029
55.9855898;37.72678427
56.32036696;36.76222886
55.5598152;36.99185612
55.98505395;37.72715295
56.32500145;36.75534659
55.55974076;36.99216777
55.99586983;37.72735712
56.32432827;36.75581594
55.55650258;36.97182076
55.99583538;37.72770873
55.55040895;36.9845997
56.32710708;36.75046922
55.99767761;37.71185675
55.5500375;36.984694
56.32681038;36.75077921
55.99756911;37.71271062
55.53547905;36.985103
56.33121325;36.73016901
56.00019731;37.68272148
56.33016262;36.73152863
56.00009069;37.6824395
56.33367309;36.71282408
55.9961313;37.6719868
56.33375305;36.71166635
55.99601275;37.67216721
55.99190751;37.66273121
55.88823851;36.94448837
56.00082871;37.67660704
55.88750411;36.94403776
56.00065853;37.67742057
55.87964841;36.9435086
56.00073387;37.65041283
55.88008416;36.94394335
56.00073909;37.65075467
55.87341168;36.94220496
55.99560262;37.63765208
55.87401117;36.94271743
55.99529775;37.63823402
55.86459329;36.94058816
55.99439994;37.62708859
55.86418519;36.94004302
55.99432361;37.62736476
55.85614079;36.93276687
55.99318408;37.61759619
55.85632428;36.93346532
55.99306273;37.61783705
55.72686069;37.33059713
55.9932499;37.61038457
55.72240554;37.34345534
55.7217526;37.3438865
55.72007991;37.34949335
55.71995716;37.34977249
55.71926096;37.3517314
55.72619236;37.33164337
55.70725971;37.05846334
55.69808259;37.06486135
55.69850556;37.06498633
55.68601705;37.07347192
55.68632763;37.07367797
55.68063871;37.07728955
55.68102802;37.07745485
55.6674968;37.08942242
55.66692947;37.08992674
55.65574464;37.10119587
55.65619178;37.09868756
55.65597481;37.09921385
55.73940374;37.58622308
55.642619;37.10000271
55.7965894;37.96761898
55.79604348;37.95698183
55.73962872;37.716293
55.79536843;37.95671392
55.73786482;37.57599056
55.79739116;37.97010882
55.79705829;37.97023482
55.79995009;37.93454405
55.80016842;37.93493656
55.80330512;37.9352916
55.80362828;37.93630546
55.80794879;37.94587722
55.80799136;37.94656796
55.80996519;37.95064223
55.81361413;37.95416616
55.81510187;37.9540434
55.82063552;37.94906437
55.82012488;37.9515902
55.81969596;37.95332639
55.82080637;37.95316918
55.74067101;37.5911836
55.74010187;37.59009547
55.71184231;37.70091974
55.73048332;37.63646275
55.70552767;37.16023138
55.70541293;37.16050177
55.69150499;37.13605925
55.69171761;37.13698984
55.6614077;37.22594677
55.66085396;37.22647882
55.66156649;37.23410298
55.66153525;37.23528916
55.65884074;37.23587288
55.65844436;37.23624926
55.65753782;37.23257323
55.65780566;37.22755391
55.78902765;37.28157542
55.78870828;37.2809773
55.78251286;37.26285746
55.7825043;37.26353232
55.92705554;37.72468301
55.78396849;37.2349434
55.78956397;37.21901225
55.92741045;37.72622533
55.78936914;37.21880868
55.92385351;37.70995307
55.7613145;37.24266903
55.82351108;37.37413419
55.7609123;37.24161258
55.82116998;37.3684328
55.74834172;37.20338557
55.81934558;37.36407114
55.74832074;37.20403498
55.81649136;37.36336069
55.74552822;37.18991121
55.81512423;37.36762275
55.74535317;37.19030959
55.81526246;37.36781239
55.74788346;37.16483216
55.81660009;37.36361045
55.74781374;37.16508746
55.81895999;37.36435767
55.75108898;37.16377581
55.82140847;37.37020573
55.76062208;37.16667874
55.76052485;37.16717914
55.70866513;37.36219445
55.87698605;37.31337941
55.70842374;37.36296362
55.87434583;37.31094454
55.63133848;37.21119641
55.70506861;37.35537271
55.87286979;37.31091915
55.63156203;37.21042796
55.70442065;37.35530526
55.87335393;37.32999551
55.71031111;37.36813569
55.6816758;37.32398973
55.91373268;37.57264258
55.68084189;37.32390372
55.92451967;37.60081615
55.67289559;37.31441899
55.92491659;37.60281387
55.67305473;37.31534536
55.92543268;37.60374837
55.63344263;37.21477615
55.92548823;37.60467414
55.6336321;37.21630848
55.62327945;37.95625717
55.61571304;37.96825422
55.60714015;37.97799506
55.59987593;37.98428508
55.59903973;37.9848917
55.59431242;37.99488212
55.59356038;37.99555915
55.59095033;38.00285821
55.59015049;38.00419099
55.5865263;38.01002336
55.58465205;38.01093405
55.58141771;38.00833594
55.58125874;38.00863226
55.57694824;38.00330578
55.56743909;37.99617477
55.57689031;38.00369288
55.56735857;37.99658139
55.57214406;38.00017175
55.55501718;38.00286642
55.57227194;38.00059102
55.55474202;38.00264425
55.55124944;38.00595635
55.65523016;37.8484387
55.65993675;37.84760351
55.65992348;37.84731438
55.66095906;37.85262051
55.66021664;37.85316028
55.65754721;37.85865366
55.6586884;37.86141955
55.66180436;37.86695463
55.66170813;37.86805002
55.54980589;37.06788112
55.54958492;37.06752579
55.65909001;37.85630521
55.65904458;37.85674312
55.66132165;37.85778933
55.66141063;37.8581888
55.66530642;37.86010817
55.6654152;37.86050634
55.66972373;37.86188322
55.669601;37.86208588
55.65575921;37.84566633
55.68895969;37.91356753
55.75295164;37.87993973
55.68824174;37.91429795
55.75387759;37.88472384
55.75270085;37.86371216
55.75338517;37.86799138
55.69350252;37.90816143
55.67891556;37.90730876
55.69303818;37.90887474
55.6788104;37.90759182
55.65018322;37.84791478
55.67827514;37.90334382
55.64154113;37.83980952
55.67815478;37.90310828
55.6381059;37.84133359
55.68089089;37.89590734
55.63832972;37.84188333
55.67790334;37.8920286
55.63542379;37.84350137
55.67794118;37.8925275
55.6348544;37.84363581
55.67456498;37.8903652
55.63133646;37.84849467
55.67401993;37.88991613
55.63138348;37.84780795
55.668987;37.8860782
55.63063602;37.85111746
55.66909313;37.88726048
55.63038387;37.85063721
55.66670606;37.88223819
55.63008375;37.85702771
55.66535488;37.88103394
55.82663761;37.90798898
55.82127697;37.94306754
55.60009126;37.9775018
55.82642708;37.9086173
55.82101512;37.94381509
55.60005003;37.97723762
55.82584156;37.89116689
55.59818735;37.98101598
55.82568665;37.89204605
55.82290133;37.92822495
55.8231283;37.87601837
55.59804682;37.98093466
55.82256934;37.9297224
55.80611421;37.84342427
55.59743767;37.98468831
55.82558306;37.91836637
55.8058427;37.84381201
55.75288561;37.88124771
55.82488257;37.9189293
55.80656672;37.8447887
55.82646646;37.91369194
55.75348899;37.85869964
55.82626493;37.91330949
55.7564177;37.85704814
55.75684544;37.85719191
55.76127152;37.85594344
55.76150692;37.85636524
55.76408979;37.85350101
55.75312393;37.86023967
55.82578157;37.97257206
55.82561692;37.97290533
55.81435408;37.96506969
55.81429293;37.96185728
55.81408372;37.96206491
55.81378486;37.95609832
55.7908337;37.89635471
55.79601072;37.96904963
55.79342372;37.97081852
55.79173718;37.97135815
55.78982568;37.97179501
55.78975608;37.97231413
55.79001352;37.9623882
55.78989228;37.96316669
55.79058147;37.95815528
55.79172322;37.95714874
55.79484994;37.94563505
55.79435488;37.9454394
55.8106764;37.80243961
55.81030839;37.80211122
55.82324552;37.95368193
55.82371117;37.95420776
55.82621772;37.95432703
55.82705474;37.95497733
55.82956984;37.95277466
55.83097027;37.95073145
55.83400257;37.94571132
55.83330308;37.94596358
55.83414627;37.94336053
55.83320432;37.94053698
55.83211097;37.93271697
55.83158859;37.93066919
55.8308661;37.92458545
55.83067341;37.92164058
55.82953201;37.91435159
55.8290909;37.91317584
55.69332075;37.97433916
55.82744026;37.9029796
55.69172202;37.9747387
55.83145436;37.95007392
55.68611806;37.97503482
55.82232734;37.94544368
55.68633149;37.97520195
55.82255463;37.94490587
55.82578806;37.94654409
55.78223264;37.44829335
55.82543551;37.94588952
55.78142553;37.44812752
55.82561268;37.94049716
55.82527037;37.94012299
55.836204;37.96721576
55.83603299;37.96774429
55.83675988;37.95721141
55.83657771;37.95771983
55.83706421;37.94644304
55.83666121;37.94571764
55.82332719;37.45956015
55.81059247;37.80014733
55.79631832;37.96705069
55.8206829;37.64174473
55.69808783;37.81745006
55.81019697;37.79780421
55.72753287;37.52592511
55.72700816;37.70930581
55.72730473;37.52580604
55.69289657;37.97110735
55.72757761;37.70888374
55.79100363;37.39060437
55.69298682;37.97112325
55.96738276;37.43895602
55.97063484;37.44827759
55.69490914;37.97442822
55.69373968;37.97454372
55.49831169;37.51011679
55.78931715;37.68092463
55.81079517;37.79796481
54.47428597;38.72673793
54.47640304;38.71508109
54.48411937;38.70987068
54.54832569;38.68159751
54.56492172;38.66189093
54.57504075;38.64834153
54.58478758;38.6355198
54.63523562;38.58697712
54.63478821;38.58706461
54.58440225;38.63565696
54.57464256;38.64853732
54.56464745;38.66183035
54.54801204;38.68155045
54.48380361;38.70978971
54.47550694;38.71523994
54.43308857;38.70269181
54.43269576;38.70221516
54.46160024;38.70980223
54.46185734;38.7097382
55.81930408;37.67074453
54.46596658;38.71244196
54.46572336;38.71197977
54.46957977;38.71480713
54.46920746;38.71424838
54.47413425;38.72758658
55.41785619;37.26164031
55.7217599;37.83586216
55.61874565;37.50598402
55.61850889;37.50616172
55.63024503;37.85967806
55.62960753;37.86379489
55.62975013;37.86510072
55.62920011;37.86817262
55.62931455;37.86945829
55.62798691;37.87068055
55.62811448;37.87130981
55.6253726;37.86700165
55.62549396;37.86786905
55.62499239;37.86032696
55.62463387;37.86154835
55.62518404;37.85643554
55.62479228;37.85553585
55.62410453;37.85177596
55.62354313;37.85108393
55.62325406;37.84172225
55.69108488;37.9219926
55.69160271;37.92123373
55.69241682;37.91670186
55.69225591;37.91597703
55.69124832;37.90900961
55.69080489;37.90936403
55.69262105;37.90873968
55.69428485;37.91156488
55.69524293;37.91314098
55.69322363;37.90711516
55.69592465;37.91145243
55.69430655;37.90332611
55.69512256;37.90187821
55.69611538;37.90148938
55.69649557;37.90065538
55.6978047;37.90001038
55.70450459;37.88907402
55.68701397;37.39872488
55.68638795;37.39921752
55.69617653;37.39718867
55.69605589;37.39693088
55.69777522;37.39649244
55.69780454;37.3961856
55.7791544;37.85115711
55.77905396;37.85266816
55.7832105;37.87040828
55.78551902;37.87823848
55.78573519;37.88120996
55.78976457;37.89507782
55.79255801;37.90401579
55.7933313;37.90868372
55.79382498;37.90930889
55.79330523;37.91645334
55.79388353;37.92198949
55.82754172;37.97168392
55.7934567;37.92812482
55.82992607;37.97134243
55.79427658;37.93049384
55.83060616;37.97175603
55.79448796;37.93446622
55.83362415;37.97145221
55.79558643;37.93409345
55.83368675;37.96611251
55.79649155;37.93463354
55.83362748;37.96688759
55.79731076;37.93873802
55.83151797;37.96158222
55.79706354;37.94013036
55.83174206;37.96191519
55.79727242;37.94703833
55.8278295;37.96490148
55.79708213;37.94746619
55.82773772;37.96533575
55.79800796;37.95614773
55.82604883;37.96650158
55.7985505;37.95871938
55.68273656;37.97461989
55.80286371;37.9596878
55.68303199;37.89780644
55.70709473;37.95515397
55.803272;37.95972762
55.81401449;37.9667128
55.82130812;37.95033704
55.81510665;37.96691597
55.8064848;38.08325098
55.81824046;37.96652824
55.80719716;38.08922371
55.82001905;37.96770529
55.80706272;38.08965183
55.82037489;37.96820489
55.80770238;38.09661403
55.82354511;37.97008438
55.80770155;38.09678409
55.81094593;38.08932537
55.82423252;37.97079321
55.80909269;38.09686539
55.81063466;38.08903053
55.82688974;37.97128568
55.80905823;38.09699991
55.80893952;38.07158807
55.81308875;38.1080121
55.80874799;38.07219049
55.81299622;38.10963147
55.80710725;38.05589578
55.80668798;38.05392415
55.80613247;38.04713408
55.805924;38.04777137
55.80490444;38.03623372
55.80471557;38.03691132
55.80287859;38.01862173
55.80269168;38.01952446
55.80084074;38.00057134
55.80050815;38.00062209
55.79946911;37.988622
55.79892307;37.98637987
55.79815953;37.9770743
55.79789209;37.97776111
55.82839497;37.84380516
55.82852441;37.84385635
55.83212564;37.83520466
55.83216757;37.83532263
55.8111494;37.79831578
55.79189381;37.88731677
55.79094373;37.88307766
55.78871505;37.88325576
55.79193036;37.97704319
55.79210501;37.97776529
55.79531471;37.98176474
55.79587992;37.98273176
55.79820548;37.9851758
55.75179658;37.78867616
55.78665845;37.95960513
55.7872104;37.95964663
55.77997866;37.9598814
55.7794784;37.95957561
55.7719184;37.96096083
55.77137437;37.96105935
55.76218948;37.96306926
55.7625242;37.96319813
55.75853646;37.96443969
55.75833195;37.96414253
55.75414278;37.95977718
55.75377792;37.95941825
55.75095329;37.97187634
55.74342104;38.04074512
55.74348829;38.03178756
55.74332348;38.03081656
55.74347521;38.0296002
55.74347157;38.02387751
55.74327594;38.02483364
55.7434627;38.02066152
55.74325308;38.01827182
55.74343595;38.01363021
55.74324116;38.01305839
55.74502431;38.00829775
55.79760767;37.72478577
55.74660598;38.00863793
55.75119618;37.95500838
55.75110326;37.95423813
55.75036943;37.93676405
55.75153608;37.92047476
55.75136057;37.9207276
55.75277687;37.90921998
55.75173553;37.89076901
55.75160995;37.8912822
55.75065161;37.88702732
55.75132379;38.00799725
55.80971825;37.94706343
55.78374;37.2363542
55.8155721;37.94848629
55.74328357;37.8815997
55.67648568;37.26977534
55.81583014;37.94878943
55.81574856;38.13090823
55.70177114;37.62238028
55.40955934;37.56381589
55.81601387;38.13627563
55.40893524;37.56326429
55.79771108;37.72473853
55.40496634;37.55248958
55.85993774;37.60073666
55.41322994;37.54983578
55.42014774;37.54702818
55.42834574;37.54966719
55.47603394;37.61487339
55.47616064;37.61624079
55.42384044;37.50651498
55.42324114;37.50685908
55.42493504;37.49347589
55.48915763;37.29995318
55.67464564;37.27192998
55.68717004;37.31094589
55.68699774;37.31076809
55.28176724;37.15486198
55.28221904;37.15661038
55.94414594;37.30548089
55.94992114;37.30779367
55.89281024;37.42735829
55.89960504;37.41790418
55.96225569;37.30915183
55.97342224;37.31297547
55.90260574;37.41508248
55.89936724;37.41161409
55.89664645;37.40937118
55.88815774;37.41451288
55.88659754;37.42370749
55.89967914;37.45353997
55.75314884;37.86133398
55.75387453;37.85885259
55.78322585;37.85357549
55.77939608;37.86261833
55.72034331;37.72595117
55.61820518;37.48126783
55.53947244;37.49964949
55.53860882;37.49922549
55.89129656;37.3477372
55.5373183;37.49958028
55.55128449;37.48902233
55.74709863;37.67372764
55.74701593;37.67409047
55.66672212;37.45767651
55.6266912;37.48636359
55.66191712;37.43754022
55.79937262;37.38931965
55.66174055;37.44406153
55.79899925;37.38881766
55.66200321;37.45321451
55.95375472;37.3298132
55.65979236;37.87833123
55.56949324;37.61534329
55.5693425;37.62887722
55.56947562;37.62885527
55.56588554;37.64093786
55.56573558;37.64090377
55.56419949;37.64465988
55.66041441;37.873429
55.82612953;37.96676276
55.65799299;37.86934011
55.7171268;37.82178582
55.54536476;37.58846147
55.54473737;37.59123983
55.54499926;37.59134477
55.54404173;37.60099483
55.54441517;37.59576531
55.54398573;37.61314203
55.54440423;37.61686462
55.54392271;37.61753821
55.54390433;37.62121839
55.53707081;37.63896035
55.53726186;37.6392444
55.5344508;37.64528237
55.5347081;37.64606743
55.53239909;37.65114729
55.53302937;37.6505835
55.52927715;37.66060366
55.52907054;37.66026758
55.53443886;37.65869501
55.53501846;37.65814601
55.53699671;37.66081394
55.53752834;37.66138983
55.53982173;37.66215928
55.54093611;37.66300964
55.54115151;37.66700281
55.54156689;37.66914324
55.54454412;37.67336664
55.54440978;37.6727475
55.54331245;37.68065689
55.5494231;37.68302527
55.55365653;37.69428203
55.5539075;37.69588592
55.55347197;37.69870513
55.55298604;37.70130039
55.55251325;37.70230798
55.54993303;37.71265127
55.54554015;37.72015095
55.5443534;37.71982387
55.54307296;37.71990614
55.5429076;37.72021821
55.54009534;37.7261563
55.53980438;37.72583421
55.53812343;37.72311234
55.53819661;37.72236764
55.53993895;37.71683352
55.53809191;37.71713631
55.53763829;37.71797579
55.55373674;37.69164366
55.5493008;37.68286445
55.56684376;37.68833893
55.56675261;37.68853983
55.61227283;37.78449152
55.6109324;37.7843126
55.59584171;37.76305579
55.60890445;37.78663188
55.59570413;37.76284592
55.60876975;37.78641193
55.59267238;37.75383701
55.6043394;37.79210186
55.60433485;37.79164903
55.59009491;37.75855316
55.60168731;37.79502766
55.59033047;37.75905708
55.60162903;37.794664
55.58843843;37.75727395
55.59971003;37.79022663
55.58675457;37.75561169
55.59976438;37.79106287
55.58669133;37.75621807
55.59583206;37.77765664
55.68888308;37.87194513
55.59573273;37.77798426
55.59638875;37.77056645
55.68786609;37.87290286
55.59631018;37.77170515
55.47366366;37.06996441
55.77201601;37.67884812
55.77263602;37.67843822
55.80941114;37.94897839
55.75339044;37.86123628
55.68202734;37.88693898
55.68101104;37.89555498
55.67818854;37.89486239
55.61359284;37.97157589
55.61933215;37.96292029
55.67216524;37.90485498
55.63729564;37.92495659
55.66893894;37.90678608
55.63711718;37.92643569
55.66580684;37.90909078
55.68948464;37.90362668
55.64471761;37.91557937
55.66196684;37.91266418
55.64335222;37.91615524
55.65494614;37.92269289
55.64844987;37.90895031
55.65156606;37.90622533
55.65178144;37.92779118
55.65625944;37.89795707
55.64876854;37.93257728
55.65627475;37.89922309
55.64017394;37.93701509
55.89946565;37.98245279
55.63367964;37.94166469
55.94887624;38.04729368
55.62973904;37.94710649
55.94827264;38.04590949
55.67712424;37.89855239
55.61889464;37.96299609
56.00623715;38.14041338
55.67226594;37.90522228
55.61339464;37.97133898
55.61174234;37.97005748
55.66905274;37.90718159
56.00647264;38.14064907
55.61120484;37.96696549
55.66560864;37.90972939
55.54828984;37.68423918
55.60789764;37.96807869
55.55496184;37.70209699
55.66226084;37.91287709
55.60470686;37.96931601
55.55024294;37.71097829
55.64868794;37.93335358
55.60802014;37.96836718
55.54576594;37.70809508
55.63378114;37.94207448
55.43241094;37.73599808
55.61115774;37.96729658
55.62867039;37.94870804
55.41886555;37.60959309
55.61072805;37.97546818
55.83304774;37.97161628
55.41875814;37.61058188
55.60576834;37.97830718
55.81792424;37.96666988
55.59249624;37.75309678
55.61160374;37.97513098
55.79603565;37.96932429
55.59267844;37.75298608
55.89955044;37.98292938
55.56062345;37.68436019
55.56060385;37.68453859
55.55101864;37.70855059
55.81906694;37.33138978
55.81884454;37.33265247
55.83234014;37.30257478
55.83199704;37.30263468
55.75019468;37.70916248
55.74993524;37.70844553
55.79273918;37.63413048
55.76934285;37.49880173
55.83534735;37.38462879
55.84138387;37.18383666
55.84104163;37.18479212
55.82263558;37.1164308
55.82273379;37.11724479
55.82451814;37.12145042
55.82447898;37.12227886
55.8264475;37.13726163
55.82658496;37.13811898
55.83041309;37.14857969
55.83005226;37.14937625
55.8395047;37.16330833
55.84019886;37.1650507
55.84212085;37.168143
55.84061817;37.171343
55.84050429;37.17557864
55.84047725;37.17185868
55.39987761;37.20087836
55.39949951;37.1997732
55.42499395;37.12224188
55.55783234;37.49971188
55.55709875;37.49859945
55.55633325;37.49715375
55.71189787;37.93566795
55.72733938;37.96079978
55.7311808;37.96549757
55.73093583;37.96472588
55.80531153;37.63592914
55.73454594;37.96799388
55.73424577;37.96840965
55.73781832;37.96821278
55.73806433;37.96870503
55.74242678;37.96967611
55.68479834;37.88121036
55.74340943;37.97052682
55.68368319;37.88291466
55.74802759;37.97239028
55.71063899;37.95678134
55.74944554;37.97284691
55.70990957;37.95900803
55.71081133;37.97023687
55.7507223;37.97339178
55.71065773;37.97036265
55.75106646;37.97763131
55.71361394;37.97307268
55.75083199;37.97852745
55.71419119;37.97385806
55.75165789;37.98627922
55.727544;37.96050158
55.75140138;37.9870352
55.75178213;37.99327324
55.75148368;37.9932395
55.7515545;38.00080223
55.75171071;38.00679824
55.75139832;38.00865172
55.72555075;37.96302479
55.72504762;37.9642267
55.72539905;37.96885777
55.72525892;37.97014384
55.82130156;37.87296414
55.82061549;37.87823876
55.82257328;37.88276105
55.7994371;37.96938646
55.7996425;37.96870882
55.80023352;37.97617714
55.80067168;37.97795281
55.80315785;37.98399972
55.80422809;37.98404299
55.80466083;37.98430845
55.80371705;37.97786508
55.80401864;37.97708858
55.80672823;37.97569124
55.8078264;37.97579466
55.81222059;37.97581825
55.81257966;37.97620282
55.83397317;37.97265028
55.83635285;37.97789482
55.83620195;37.97903422
55.83634187;37.98359091
55.83619534;37.9836041
55.75805638;37.86181764
55.75908872;37.86230676
55.76278538;37.86294056
55.76280977;37.86326553
55.76774924;37.86370119
55.76755416;37.8639442
55.76739609;37.85733224
55.76743972;37.8578273
55.76469334;37.85392006
55.76471882;37.85289606
55.76811292;37.84653097
55.76774057;37.84671754
55.74669732;37.86279745
55.7627048;37.84794557
55.76231045;37.84794206
55.76504515;37.85107411
55.76490295;37.85155248
55.79374709;37.93530184
55.79306227;37.93777416
55.79015963;37.9365517
55.7914561;37.93475631
55.79294901;37.93476294
55.74195598;37.8910271
56.01274658;37.48354661
55.9377018;37.52010971
56.01301877;37.4825655
55.92283627;37.52416231
55.92233764;37.52395939
55.92103784;37.51154517
55.92098517;37.51233302
55.91101008;37.49463662
55.9106613;37.49399434
55.9077736;37.49396382
55.90753603;37.49331718
55.94999203;37.54245628
55.94964306;37.54179899
55.76955363;37.65090969
55.83931774;37.25152508
55.83903894;37.25264529
55.84869214;37.18790949
55.84798424;37.18888978
55.87780204;37.10610899
55.87743494;37.10671388
55.91408984;36.86183259
55.88839834;37.42929228
55.88823754;37.42949788
55.83283934;37.27272508
55.83448144;37.28257229
55.83433994;37.28288108
55.95166604;37.17876057
55.95167114;37.17949909
55.81490094;37.34934548
55.81574214;37.35438299
55.82706684;37.33435699
55.83100354;37.33146748
55.83519584;37.31488498
55.82221924;37.25748909
55.82965074;37.24897418
55.83952004;37.23810308
55.84633124;37.19456969
55.74526814;37.17128978
55.83727566;37.15835321
55.74471701;37.17508136
55.81408814;37.08873868
55.75226644;37.16419658
55.81398694;37.08932558
55.75256574;37.16673368
55.83629744;37.15758518
55.80660664;37.32993999
55.84582484;37.19588498
55.80664034;37.33058349
55.83543364;37.31609999
55.80465034;37.32533758
55.83156594;37.33094769
55.80448124;37.32559098
55.82777024;37.33360158
55.80007064;37.31261648
55.79651654;37.19905618
55.80003704;37.31373348
55.77539789;37.14948851
55.80596184;37.28599789
55.77196434;37.25287188
55.78637804;37.29971608
55.77210214;37.25364688
55.78622614;37.29984178
55.76738844;37.22182219
55.79608414;37.29323628
55.76746144;37.22119088
55.79605104;37.29366149
55.75288384;37.21622889
55.86819054;37.31193728
55.79029764;37.20656398
55.7520849;37.21482612
55.79009554;37.20657548
55.74519494;37.18208158
55.75739135;37.23519658
55.74510784;37.18290818
55.75752404;37.23597259
55.77745794;37.32031118
56.01258087;37.4859932
55.77778904;37.31938988
56.01012204;37.50684128
55.89754434;37.29723728
55.93983888;37.51688958
55.89073604;37.29913738
55.89101844;37.29828219
55.99930524;37.36879558
55.86792684;37.31398077
55.95632334;37.53543067
55.95637184;37.53476229
55.89692664;37.75143338
55.66644659;37.54199353
55.66155814;37.53227513
55.6633134;37.53716373
55.69740421;37.9161709
55.76857616;37.49754403
55.89797616;37.56764031
55.49976004;37.55215929
55.51433873;37.53297447
55.51467609;37.52803252
55.51060681;37.52615864
55.75653603;37.40746438
55.74948822;37.44161103
55.81028844;37.80149241
55.9667198;37.44662797
55.88445441;37.45327351
55.6647907;37.54775393
55.78515112;37.60507099
55.70017469;38.0033957
55.7849683;37.60655513
55.6950924;37.98249303
55.90906607;37.3959276
55.69493724;37.98255097
55.77888185;37.90655875
55.69800706;37.97329658
55.77838976;37.90373474
55.58073886;37.68194621
55.69693864;37.97350811
55.77654151;37.90213634
55.7769604;37.46078426
55.70358373;37.97130372
55.77579099;37.90078923
55.77295506;37.89799162
55.70282031;37.97131449
55.77265917;37.89715906
55.70734744;37.97268108
55.48495314;37.26200583
55.7697389;37.89428114
55.70715413;37.97313772
55.76951558;37.89364928
55.70956999;37.96900091
55.76550302;37.89582722
55.70911189;37.97019781
55.76518845;37.89554425
55.68344459;37.88160446
55.76009516;37.89567254
55.68013355;37.88289337
55.75991528;37.89637194
55.67846179;37.88241841
55.75195237;37.87476252
55.67854966;37.8831471
55.75184246;37.87570045
55.67584077;37.87554354
55.75022172;37.86577598
55.75007086;37.86646101
55.67585397;37.87675003
55.70134341;38.01644102
55.674973;37.87189632
55.70059007;38.0105889
55.67482538;37.87227377
55.70001586;38.00366301
55.67379629;37.8679074
55.6735882;37.86590162
55.67090368;37.87060169
55.67067917;37.87032044
55.66881713;37.87498784
55.6686832;37.87456791
55.66674113;37.87955305
55.68088923;37.88936952
55.75349374;37.88865129
55.75044298;37.88600388
55.89471346;37.45000796
55.8945445;37.44933935
55.89365767;37.4425749
55.8932818;37.44242418
55.89203803;37.43865794
55.89158146;37.43815741
55.89526568;37.48037587
55.89489647;37.47911281
55.8949473;37.47983465
55.89295353;37.48320421
55.89250565;37.48312419
55.89086775;37.48350835
55.89397352;37.47654423
55.89375357;37.47528617
55.89259785;37.4714021
55.89251622;37.47166282
55.89024836;37.47014573
55.89015264;37.47036133
55.88813494;37.46797503
55.88808742;37.46821775
55.96090206;37.25193688
55.96066939;37.2521308
55.94190146;37.2622383
55.9417902;37.26297176
55.94147165;37.27027128
55.94112311;37.27066481
55.94092281;37.27553883
55.94093014;37.27601608
55.94421461;37.28238171
55.94409134;37.28275381
55.94205572;37.29142806
55.94184201;37.29164001
55.94101932;37.29828946
55.9406947;37.29959603
55.90592511;37.40995089
55.76913697;37.67929408
55.74890648;37.68258862
55.74260179;37.66318196
55.87831448;37.65454321
55.88082162;37.46421077
55.84500189;37.52242738
55.84504294;37.52557238
55.84532163;37.53237283
55.84525318;37.52913007
55.84518046;37.52486607
55.90706204;37.76655148
55.90745314;37.76628649
55.91142055;37.78147758
55.91150954;37.78020968
55.91380624;37.80891617
55.91388264;37.82895178
55.93305154;37.86257228
55.93305554;37.86215788
55.93839094;37.85773278
55.94488824;37.84508949
55.94858454;37.83215088
55.94103444;37.83063569
55.93747064;37.83557349
55.93766934;37.85644149
55.92161604;37.84435578
55.92039224;37.82430179
55.91422234;37.80578408
55.88950044;37.72025809
55.88964014;37.72035498
55.89833184;37.73574248
55.89820654;37.73509928
55.90508574;37.74660259
55.90526564;37.74479069
55.90781894;37.73138748
55.90248935;37.71777089
55.91986924;37.72057928
55.92958734;37.72209688
55.92688344;37.75299788
55.92096384;37.74732208
55.91320935;37.74114158
55.90836474;37.73995888
55.72910124;37.52507758
55.68768591;37.90905859
55.88742711;37.73790626
55.76642192;37.63714233
55.65370345;37.70192119
55.98376194;37.41207078
55.76641342;37.63736417
55.6504567;37.70700474
55.65030746;37.70675446
55.6878218;37.90877164
56.16156913;37.49834545
55.6502054;37.69930625
56.16150287;37.49709032
55.81869507;37.57830062
55.8189608;37.57937092
55.75131263;37.81899065
55.81230812;37.20193466
55.81572537;37.20176019
55.81508671;37.20143828
55.81748452;37.20948992
55.81793193;37.20883298
55.7191305;37.35269364
55.77331979;37.23177565
55.77244658;37.22962284
55.7750023;37.23608198
55.77442131;37.23515445
55.77566851;37.23900689
55.7658465;37.24253864
55.76639085;37.24064422
55.77447073;37.15668112
55.77484803;37.15474522
55.71523198;37.37225164
55.71526246;37.37206466
55.67535937;37.85548831
55.67551697;37.85655779
55.84687758;37.57593069
55.83118558;38.19249743
55.83355532;38.21176735
55.68922629;37.2068871
55.55940026;37.81398952
55.55929445;37.81315322
55.55878261;37.82084307
55.55603201;37.81948545
55.55600076;37.81291401
55.5566542;37.80869522
55.55822441;37.80341741
55.76502447;37.63899275
55.76494255;37.63766307
55.44315829;37.74860395
55.75685537;37.88494085
55.82387276;37.31821517
55.75673085;37.88553131
55.8937322;37.44969134
55.75558163;37.87955536
55.89104348;37.44611595
55.61687734;37.14591984
55.88731257;37.44278315
55.88680509;37.42150342
55.5742094;37.65126092
55.88729684;37.41544798
55.88493692;37.41218802
55.88486954;37.41250891
55.90584691;37.41086367
55.90308374;37.41496143
55.89914228;37.41793803
55.89377184;37.3726295
55.89251735;37.42708501
55.89334516;37.37352586
55.89070399;37.42818112
55.8923755;37.36492737
55.89014076;37.42838265
55.89221782;37.36498306
55.88475785;37.42732207
55.8894429;37.36208559
55.88453288;37.42794393
55.88975978;37.35835533
55.88182756;37.43075023
55.88947294;37.35876739
55.87892216;37.42847045
55.89049759;37.35338038
55.88217203;37.42727679
55.89024992;37.35356176
55.88061935;37.42164723
55.89145336;37.34716128
55.82770181;37.32873636
55.89473074;37.40990131
55.8272518;37.32922875
55.89063629;37.41145462
55.82424301;37.31716263
55.94954621;37.33392197
55.94676941;37.33641605
55.94643131;37.33634721
55.9433315;37.34397188
55.94326697;37.34416789
55.94101103;37.34664624
55.94105919;37.34686688
55.94016836;37.34854668
55.93997112;37.34848722
55.90298755;37.35717273
55.94860712;37.34496218
55.96845144;37.44566646
55.96770218;37.44563737
55.96397933;37.44768147
55.96366931;37.44725001
55.95805241;37.44652456
55.95734983;37.44678053
55.95516317;37.44824564
55.9547518;37.44795498
55.95073712;37.47122874
55.95050057;37.47145983
55.95225857;37.47301485
55.95232061;37.47337627
55.95563963;37.47790273
55.95563956;37.477481
55.95712098;37.47648347
55.88874757;37.4142966
55.89107249;37.41183539
55.89494172;37.410423
55.89736926;37.40971554
55.89857796;37.40636378
55.8982846;37.40581302
55.89845067;37.40204255
55.89819209;37.40275509
55.89922232;37.45223106
55.90194454;37.45549674
55.901618;37.45605866
55.90311152;37.45786201
55.90416063;37.45358382
55.90473591;37.45534813
55.90254419;37.45462865
55.90734925;37.45370036
55.9077435;37.45340904
55.91103964;37.45484943
55.91111268;37.45432777
55.88255345;37.42553293
55.79254518;37.69479826
55.61923093;37.77173843
55.68506268;37.74914999
55.50934084;37.54376319
55.50937744;37.54424809
55.63465124;37.33687259
55.63390334;37.33625999
55.65750098;37.42296781
55.86711488;37.54201507
55.85979689;38.02496214
55.85964182;38.02565364
56.29293522;38.11207825
56.28827358;38.08555365
56.20971363;38.04321755
56.28668248;38.07644323
55.86403073;37.43481747
56.26956772;38.01137272
56.26957702;37.98779047
55.95728262;37.67751833
56.25718021;37.9929392
55.9571314;37.67860655
56.24371748;37.99220229
55.87223472;37.47774975
56.2258543;37.99376561
55.77083271;37.64429499
55.77089124;37.6445977
55.77312892;37.64742136
55.77313969;37.64764119
55.77464032;37.6529382
55.77458851;37.65317522
55.75448583;37.68914407
55.74901966;37.68276542
55.61722255;37.6301395
55.76765486;37.52848087
55.85460669;37.56375915
55.65888341;37.41914407
55.41475149;37.89820573
55.416967;37.90233857
55.76291258;37.47883436
55.76296545;37.47319062
55.53100539;37.63901536
55.76237179;37.47343254
55.82194676;37.82509839
55.77172521;37.50092993
55.821867;37.82464232
55.89121338;37.34751727
55.5185727;36.95517413
55.51846629;36.95552154
55.8952106;37.48100189
55.87820112;37.48025898
55.88665993;37.4532403
55.88815707;37.44974008
55.89118523;37.44670363
55.89363157;37.44998866
55.88486402;37.45270622
55.90157105;37.40540084
55.90165512;37.40482906
55.89948306;37.40810319
55.89987103;37.40710959
55.90469136;37.4045308
55.90607816;37.40576093
55.96304641;37.30905695
55.95839339;37.30560521
55.95797706;37.30595878
55.95530417;37.30430526
55.95485365;37.30440795
55.92108276;37.37808399
55.91989647;37.37209841
55.91976417;37.37218413
55.92117762;37.36896401
55.92109538;37.36844259
55.91333611;37.39759028
55.92187508;37.44645398
55.92155942;37.44604308
55.91119572;37.45465647
55.91217422;37.39247051
55.90892602;37.39856239
55.96891243;37.30971804
55.96917659;37.30931495
55.97368312;37.31282905
55.95765992;37.31933333
55.95726219;37.32087159
55.96140361;37.31381228
55.95364089;37.32955375
55.94270055;37.33257814
55.95007792;37.29973012
55.89606476;37.48128791
55.89674076;37.48111713
55.90029988;37.47413642
55.8994436;37.47420718
55.95225398;37.45211233
55.95219217;37.45252408
55.94981269;37.44725596
55.94972838;37.4476878
55.9390766;37.44434469
55.93818139;37.44424217
55.93344805;37.44232191
55.93352422;37.44257092
55.93094194;37.43829008
55.93069977;37.43845103
55.92483201;37.4322094
55.92579583;37.43310073
55.9232865;37.42879078
55.92365272;37.42996109
55.91826214;37.42468465
55.91794603;37.42527941
56.18659887;36.96998181
56.18610259;36.97051396
56.18471015;36.97291707
56.18456615;36.97349482
56.1834172;36.97887424
56.18324996;36.97862398
56.18411201;36.98201136
56.18392266;36.98320586
56.17937272;36.99111473
56.17860583;36.99161471
56.15428905;37.02996793
56.17678654;36.99512304
56.14472691;37.04592738
56.17631924;36.99518977
56.14412464;37.04606566
56.17179371;37.00305493
56.1323699;37.06546151
56.17077753;37.00391626
56.13190217;37.06541635
56.16763981;37.00958072
56.12837203;37.07082224
56.16700492;37.01000277
56.16521005;37.01340788
56.16488337;37.01342211
56.15964482;37.02221028
56.15925061;37.02224545
56.15511505;37.02941279
55.69988653;37.82081568
55.83315779;37.42345333
55.79106783;37.38143287
55.59096194;37.1173818
55.59539503;37.10351755
55.48085344;36.91684538
55.48579034;37.49949798
55.46684784;37.49546229
55.45568374;37.51379979
55.66597996;37.46844511
55.6676848;37.47238081
55.87575424;37.72704848
55.68037575;37.3512746
55.78052909;37.61688306
55.78122511;37.61373523
55.55074107;37.53895063
55.55263773;37.55085074
55.77411438;37.65341281
55.91195469;37.39703291
55.71896651;37.40765171
55.74016543;37.41040712
55.73996182;37.41043803
55.95572234;37.19750276
55.95575877;37.19735598
55.82629202;37.64880049
55.68101865;37.6757383
55.78259463;37.71879049
55.64380799;37.59070411
55.79186012;37.71531926
55.77534646;37.7234992
55.77530992;37.72335535
55.78927165;37.7167225
55.76105748;37.78650979
55.76101114;37.78639414
55.68259994;37.68169894
55.82489771;37.89073494
55.82375472;37.88216502
55.39819802;37.76573743
55.39469603;37.76384304
55.40049635;37.75916495
55.40069199;37.75918348
55.80850453;38.05832737
55.80811126;38.05550746
55.76671058;37.8503045
55.7667795;37.85022679
55.7691865;37.85442635
55.76920539;37.8542568
55.48098038;37.60014685
55.77241392;37.84928277
55.39850241;37.76538381
55.77239603;37.84953723
55.77125023;37.84739652
55.52549578;37.61779891
55.84671801;37.59261674
55.86776252;37.49210491
55.91893375;37.42148765
55.77911054;37.72616242
55.77880001;37.72692242
55.69576805;37.33262336
55.69401554;37.33204553
56.12809387;37.07183399
56.12335118;37.07691924
56.12294486;37.07671191
56.11416852;37.08684075
56.11299311;37.08742805
56.10662945;37.09486527
55.99086499;37.32476612
56.10615623;37.09486016
55.9907532;37.32538977
56.10220969;37.09907463
55.99324541;37.33518863
56.1017905;37.10009702
55.99418936;37.33757688
56.09928678;37.10281407
55.99574693;37.34857725
56.09772427;37.10392873
55.9958435;37.34923025
55.99779794;37.35360553
55.99773649;37.35403802
56.18629047;36.97130436
56.18903042;36.974449
56.19021445;36.97072505
56.19027376;36.97142133
56.18507586;36.96137104
56.18575552;36.96221006
56.18124499;36.95746527
56.18130948;36.95804009
56.17770571;36.95328344
56.17846978;36.95409066
56.1738001;36.94909753
56.17443081;36.95031046
56.17021752;36.93913195
56.17035129;36.94005899
56.16909584;36.935281
56.16953477;36.93764747
56.15918273;36.92223257
56.15885887;36.92164184
56.1476283;36.91737015
56.14752843;36.91769459
56.13663703;36.91966511
56.13620342;36.91970192
56.13209987;36.92400054
56.131711;36.92396601
56.12924419;36.92652462
56.12866981;36.9265735
56.12381848;36.93002432
56.12371341;36.93044947
56.11609997;36.92743605
56.11631809;36.92831008
56.11355753;36.91742122
56.11169634;36.91339624
56.111274;36.9134329
56.10598652;36.91273709
56.10478533;36.91247311
56.09254995;36.91257879
56.09250879;36.91221663
56.08253568;36.90946696
56.08226317;36.90902784
56.07949531;36.9086471
56.07887783;36.90793125
56.07104991;36.8911005
56.07089522;36.8917173
56.0656763;36.87213208
56.06557951;36.87303998
56.06341205;36.85689301
56.05504786;36.8962455
56.05466668;36.89663401
56.06232105;36.89631308
56.06142726;36.89670969
56.0216988;37.00259526
56.02133994;37.00301229
56.02053194;37.00662362
56.02013954;37.00711143
56.01865546;37.01501583
56.01809585;37.01740657
55.99902765;37.03632479
55.99608397;37.03770831
55.98295245;37.07191663
55.98251667;37.07215257
55.97859748;37.08418765
55.97806845;37.08517798
55.97424733;37.11553658
55.97240354;37.09608325
55.9808086;37.12064506
55.97398327;37.10331275
55.9809326;37.12158334
55.97436857;37.10400201
55.98116114;37.13194587
55.97505422;37.11414717
55.9749689;37.11388681
55.75156684;37.68670535
55.67539415;37.85902039
55.72297206;37.8965548
55.77076081;37.74450544
55.76190454;37.76920278
55.58178194;37.57851508
55.77925154;37.58994928
55.69573134;37.62120628
55.70523654;37.68713279
55.80305496;37.74546635
55.69288782;37.52297915
55.70479277;37.32726362
55.69834414;37.75412062
55.69503507;37.75620592
55.76628159;37.47561059
55.76573187;37.47481459
55.61748357;37.64495907
55.96417632;37.1066959
55.96453062;37.1077883
55.98809904;37.05237522
55.98760093;37.05353189
56.02400036;36.9938134
56.0254633;36.99117877
56.03734462;36.95741041
56.0374585;36.95641437
56.03874712;36.90948353
56.03854933;36.90899088
56.0402095;36.90195447
56.03988286;36.90229183
56.00561199;37.02719092
56.00408929;37.02879199
56.03626574;36.92043978
56.03561809;36.92195284
56.07143757;36.89751838
56.07122792;36.89722921
56.09465265;37.16873307
56.09490401;37.16839035
56.10761949;37.1887499
56.10732035;37.18781813
56.09924136;37.27037244
55.79193124;37.67950094
55.81964628;37.58165468
55.98125691;37.13383404
55.98249458;37.13899234
56.04859463;37.23271566
55.98229445;37.13894398
56.04845604;37.23270487
55.98311018;37.14242328
56.05098914;37.22540436
55.98305407;37.1434739
56.03725335;37.23241502
56.1861604;36.96970627
56.03700559;37.23246705
55.98261522;37.10572525
56.03596021;37.2362175
55.98278048;37.10631644
56.03915273;37.24076445
55.98392688;37.10018496
56.03931983;37.23985764
56.01305225;37.22355916
55.97083589;37.09798688
56.01654641;37.2267224
55.97044123;37.09789053
56.015771;37.22257425
55.95933783;37.11025763
56.01576287;37.21651987
55.95900073;37.1105422
55.95473936;37.1206063
56.01226096;37.21990433
55.95415766;37.12196756
56.02736862;37.20961653
56.08348458;37.14840801
56.02701252;37.20910614
56.08356053;37.14936443
56.09174151;37.15180433
56.0287579;37.21839402
56.10238399;37.18139324
56.02875311;37.2187663
56.10227837;37.18193841
56.04218979;37.22925597
56.11484476;37.2134854
56.04187916;37.22889584
56.12891527;37.21278569
56.11475413;37.21306063
56.03290061;37.21119599
56.03317205;37.21163668
56.03803773;37.21336142
56.04231903;37.21452983
56.04138886;37.21424484
55.90432585;36.85766835
55.90760787;36.85936925
55.90745739;36.85968264
55.91337655;36.85933432
55.91528917;36.85987456
55.91980222;36.86105426
55.91935157;36.86323871
55.91988869;36.86908889
55.91967489;36.86914253
55.92206063;36.87409024
55.92353706;36.8763942
55.92449605;36.88111473
55.92425206;36.88076743
55.92788949;36.89858104
55.92835063;36.89956733
55.93122573;36.91282987
55.93160698;36.91362695
55.93119367;36.93121525
55.9312145;36.93206796
55.93001683;36.94802515
55.92979548;36.94820477
55.93799721;36.959591
55.93805078;36.96024268
55.94835701;36.97031797
55.9495508;36.97238188
55.96879199;36.99175828
55.96958092;36.99318442
55.97555333;36.99890338
55.97594622;36.99993313
55.91053492;36.86562414
55.91157006;36.87083306
55.91183943;36.87062809
55.90768228;36.88184809
55.90740801;36.88220348
55.90564149;36.88947239
55.90525916;36.89076208
55.90443428;36.89599987
55.90417994;36.89583333
55.90579652;36.9073715
55.90590924;36.90855319
55.90697262;36.9309823
55.90682678;36.93356192
55.75892135;37.74843478
55.75891686;37.74822061
55.83004045;37.69809399
55.7402287;37.53412126
55.73974092;37.53456492
55.75906421;37.68635973
55.49536307;37.32215017
55.64766073;37.74099744
55.78390208;37.44829538
55.78887996;37.44838373
55.75865394;37.58612969
55.75673584;37.60400518
55.75477297;37.61133723
55.76196624;37.62025128
55.82894054;37.64898979
55.51042774;37.56061849
55.67330667;37.52308358
55.62074879;37.42446367
55.76970371;37.63212109
55.74548132;37.66833193
55.67352315;37.7971805
55.67909483;37.85169818
55.82827233;37.82455422
55.71433792;37.63341427
55.6810098;37.6244507
55.5007586;37.57321213
55.90487782;36.94226508
55.90456436;36.94271083
55.89615226;36.97186773
55.89579426;36.97246415
55.88885113;37.02295123
55.8889076;37.02444418
55.8875206;37.03446518
55.88700648;37.03706753
55.88701749;37.04000442
55.88213263;37.05364293
55.8807098;37.0574477
55.8801897;37.08108591
55.87962369;37.08196392
55.87344812;37.12351482
55.87351284;37.12441604
55.87007345;37.13091183
55.86984029;37.13206629
55.86762506;37.13734716
55.86766184;37.13835872
55.85807548;37.16912816
55.85773577;37.17059342
55.90378235;36.85789215
55.81491855;37.38405811
55.81531582;37.38718861
55.93940812;37.51957819
55.94042286;37.51623852
55.94113806;37.49153244
55.94174595;37.51427831
55.94185918;37.49184346
55.9416276;37.5146296
55.93961142;37.49203464
55.94167886;37.50885781
55.93502433;37.49196533
55.9412901;37.50948007
55.93634823;37.49238658
55.94414641;37.50767382
55.93203302;37.49325048
55.94530129;37.50745319
55.93022463;37.49265874
55.94795471;37.50668065
55.92745857;37.49254888
55.94825344;37.50231346
55.92605586;37.49311105
55.94759986;37.50529515
55.92327292;37.49330217
55.94860834;37.49703258
55.92162791;37.49298141
55.94836048;37.49803657
55.91954357;37.49430603
55.9483123;37.49122709
55.91740283;37.494196
55.94717155;37.49175198
55.90479493;37.4930045
55.9459885;37.49143098
55.9038097;37.49150499
55.94410131;37.49179279
55.9335048;37.51968963
55.93369065;37.51998075
55.93019767;37.52120323
55.92904826;37.52220607
55.9255665;37.52359877
55.89196986;37.711013
55.92572417;37.52388985
55.89067154;37.71576774
55.92402269;37.52471154
55.89058751;37.7154966
55.92227158;37.51962374
55.89235703;37.72462937
55.92197281;37.52082752
55.89299686;37.72593637
55.89225867;37.71014237
55.89642675;37.72949558
55.89638097;37.72987631
55.90076878;37.7391375
55.90079049;37.73955878
55.90161247;37.7427025
55.90223042;37.7435888
55.9079306;37.7412175
55.91660526;37.76171556
55.99748457;37.52859087
55.99691548;37.52903275
56.00091662;37.52237042
56.00065172;37.52307399
56.01045025;37.50675931
56.02006314;37.48642568
56.01943274;37.49307432
56.0191625;37.49708752
56.01557401;37.5027097
55.91656144;37.76212744
55.35030687;37.36870623
55.57399023;37.48547086
55.71865817;37.56870726
55.23772909;37.20899078
55.23697674;37.2105818
55.23524128;37.2165252
55.41889855;36.84215645
55.41867211;36.84123205
55.70779234;37.90690406
55.74453867;37.29313121
55.74158848;37.27791828
55.73892304;37.26695538
55.73703622;37.24771162
55.73741517;37.23616062
55.73446436;37.22380128
55.7288918;37.20720583
55.72418201;37.15989712
55.71991204;37.13410579
55.71692804;37.11682578
55.71545929;37.1007204
55.71357215;37.07014568
55.70667549;37.02747217
55.70699419;37.01795808
55.71325223;36.98814503
55.71886031;36.96019994
55.71879476;36.96004628
55.71474104;36.97600978
55.71324519;36.98712875
55.70673798;37.02007877
55.70651995;37.02847241
55.71338303;37.06995756
55.71533549;37.10030956
55.71678838;37.11680951
55.72000738;37.13519642
55.72416751;37.15874443
55.72503404;37.20062678
55.7298981;37.21281594
55.73462098;37.22487315
55.73737804;37.23661179
55.73659183;37.24896097
55.73882104;37.26780011
55.7408639;37.27716165
55.74447204;37.29515852
55.72580304;37.35256879
55.72741639;37.35241754
55.73496289;37.34626379
55.72915967;37.33248997
55.72749272;37.33883721
55.61509037;37.29798551
55.86060122;37.64776541
55.29126824;37.18695989
55.29159794;37.18635839
55.72424032;37.66395416
55.79938178;37.38790222
55.46622474;37.56099735
55.46605322;37.56049034
55.46092298;37.5593565
55.48383187;37.56641053
55.48357048;37.56588547
55.47912781;37.56454176
55.47944807;37.56504087
55.47430397;37.56349169
55.47282883;37.56258271
55.72647653;37.61175601
55.92711835;37.75354418
55.93132919;37.75228214
55.93090291;37.752741
55.93315089;37.75264523
55.9342445;37.75230108
55.93890645;37.7522009
55.94005776;37.75256471
55.94436589;37.75192518
55.94285525;37.75234201
55.95813875;37.74828896
55.96004949;37.74779905
55.96491405;37.74354637
55.96444511;37.74423143
55.97057968;37.74152766
55.97103473;37.74217342
55.90859505;37.72770284
55.90874834;37.72705684
55.91122385;37.72881654
55.91603612;37.76079976
55.91584147;37.76093388
55.87895055;37.47985491
55.96651556;37.59892726
55.96676798;37.60028389
55.96337623;37.59361624
55.96375308;37.59440056
55.96170052;37.58949451
55.96132359;37.58877055
55.958829;37.57896347
55.95891831;37.58024908
55.95918921;37.57947636
55.96553717;37.57658663
55.96561875;37.57674247
55.97513429;37.57576669
55.97520738;37.57600796
55.97776901;37.5739985
55.97752668;37.57414873
55.98062469;37.57481281
55.98072308;37.57513956
55.98609633;37.57688101
55.95566682;37.56777324
55.95571709;37.56857665
55.95130282;37.55221297
55.9511335;37.5529457
56.06804044;37.51621664
56.07207395;37.51612769
56.07799974;37.51967598
56.0766751;37.52419809
56.07611715;37.5253964
56.07367485;37.5528114
56.07340982;37.55342544
56.07359262;37.56016399
56.0738065;37.56054709
56.07926802;37.56062616
55.91407216;37.78811166
55.92625375;37.61041641
55.91499987;37.78889093
55.92763019;37.61456449
55.92096076;37.79575745
55.92631064;37.60980449
55.87797251;37.7196928
55.85757313;37.68558245
55.9291953;37.72110478
55.92487734;37.71303323
55.88753274;37.73798283
55.91500239;37.77040865
55.88515846;37.74217813
55.91476609;37.77026658
55.88505938;37.7424281
55.91426471;37.76244902
55.88552498;37.74766827
55.90963001;37.77332
55.88548762;37.7491388
55.9095119;37.77575638
55.88549873;37.7522789
55.9026342;37.75847465
55.88558584;37.75237969
55.90164851;37.75838788
55.88511974;37.75439638
55.89207434;37.74313611
55.884938;37.75510686
55.89213853;37.74486084
55.88236615;37.75526508
55.88954679;37.73928092
55.91389894;37.79179658
55.88860477;37.73930508
55.91422923;37.79503903
55.91397804;37.80106566
55.91548138;37.8127035
55.72569085;37.7099335
55.7301954;37.69503028
55.62099904;37.21525218
55.62204461;37.42527576
55.91469528;37.21584045
55.91461599;37.21634235
55.89959304;37.26959101
55.89934323;37.27224131
55.89864138;37.27553848
55.89879431;37.27558056
55.48595455;37.30543186
55.69338504;37.81601599
55.46124906;37.55856362
55.72889008;37.33181001
55.73514905;37.34615378
55.72739134;37.3522912
55.7256311;37.35246233
55.57698241;37.46645567
55.70764118;37.37481201
55.69871758;37.3463434
55.59992394;37.41172193
55.77541427;37.14991148
55.74928348;37.47546956
55.74431634;37.57268894
55.74633561;37.54472327
55.76069251;37.5113618
55.68671281;37.70771556
55.68953178;37.67649561
55.68646323;37.67209896
55.70283378;37.62675502
55.44932838;37.51220013
55.45014296;37.51953364
55.44972291;37.53775591
55.44954124;37.53733231
55.44973557;37.54146362
55.44955855;37.54181265
55.44974791;37.55012361
55.44996669;37.55257267
55.45990476;37.55859271
55.74191937;37.88956895
55.78847945;37.38066304
55.42513626;37.52591219
55.42544829;37.52806162
55.42193971;37.51563658
55.42284694;37.51973237
55.41982679;37.50870313
55.41982672;37.50968004
55.41554444;37.49479368
55.41665789;37.49971926
55.62210824;37.78582688
55.44929992;37.55194034
55.44606273;37.55174723
55.44647652;37.55228366
55.43760591;37.55440203
55.4375661;37.55496671
55.4309093;37.54486205
55.43026752;37.54360073
55.42843605;37.53659811
55.42837517;37.53760662
55.40931535;37.4769887
55.72795066;37.47401503
55.41337974;37.48784039
55.41306403;37.487782
55.40933972;37.47593726
55.91876375;37.81348233
55.79141997;37.59968555
55.91855547;37.80670904
55.78862343;37.61725742
55.92143439;37.8155606
55.92492014;37.81611067
55.78827695;37.61406512
55.92459245;37.81647924
55.78888604;37.61010557
55.9203622;37.82278532
55.78816195;37.61100177
55.92102451;37.83633492
55.92055166;37.8362004
55.92122471;37.83933643
55.69205425;37.90536999
55.92110057;37.84347885
55.69147714;37.90687789
55.68958354;37.90139398
55.92150349;37.84844865
55.68887361;37.90304921
55.92230697;37.85315131
55.92191084;37.85376975
55.92427813;37.85919937
55.67852212;37.62532275
55.92405283;37.85918725
55.92280541;37.86574742
55.92252287;37.86603573
55.92014346;37.86861172
55.91858499;37.86793481
55.91590318;37.86800973
55.91444065;37.86727364
55.91146747;37.86682426
55.91110028;37.86716183
55.90909142;37.8663806
55.90911804;37.86690239
55.90724456;37.86606231
55.91310786;37.86458286
55.91276822;37.86513135
55.9134248;37.85832667
55.9130494;37.85955697
55.91272554;37.85662506
55.9112844;37.85626077
55.90402364;37.85004688
55.9035252;37.85099006
55.91366507;37.85315802
55.91348447;37.85130069
55.91385137;37.84102242
55.91363058;37.84141168
55.9130128;37.83455534
55.91285893;37.83520601
55.91424086;37.8282966
55.91331825;37.82139773
55.91366288;37.81666606
55.91365105;37.8146899
55.92653543;37.85883394
55.93804546;37.86625737
55.9375885;37.86647386
55.93838714;37.86311896
55.93824562;37.86334848
55.93768954;37.85505273
55.93709133;37.84349989
55.93699102;37.84361442
55.9375995;37.83541459
55.93538622;37.82888689
55.93565783;37.82949137
55.93607699;37.82864183
55.9356232;37.82874837
55.93293782;37.82594072
55.93254965;37.82573675
55.93106543;37.8170137
55.93094531;37.81880903
55.92176857;37.79728345
55.93443727;37.80918796
55.93583042;37.80964567
55.93246091;37.80539381
55.94116661;37.83084808
55.94450096;37.83110739
55.94427498;37.83134639
55.94843576;37.8322353
55.94512763;37.83890293
55.94493946;37.83972447
55.94473914;37.84491277
55.94288236;37.85404118
55.94258338;37.85417899
55.93826451;37.85737154
55.9424682;37.86848241
55.94299181;37.86858777
55.94548272;37.86829018
55.94498064;37.86852635
55.72704107;37.61162365
55.94930083;37.86876818
55.94850556;37.86908189
55.95278188;37.86514637
55.46426189;37.5526651
55.95256683;37.86547571
55.46397616;37.55352436
55.95740868;37.86266937
55.46486744;37.54807779
55.46468631;37.54815484
55.99526936;37.34319111
55.99548256;37.34212853
55.9990594;37.37015496
55.93344123;37.18808283
55.93347428;37.18839273
55.7896254;37.53971574
55.69445181;37.38531683
55.69414409;37.38431941
55.70713647;37.73108991
55.75406834;37.72564519
55.75040306;37.70962666
55.67537173;37.79620973
55.44938586;37.50993107
55.94641978;37.18523067
55.94672046;37.18550682
55.94419102;37.18606564
55.9436577;37.1865217
55.94175361;37.18709042
55.94014251;37.18740454
55.93562108;37.1863683
55.91786607;37.208361
55.91826213;37.20789907
55.91082719;37.22311283
55.9101107;37.22390778
55.90928292;37.23074759
55.90900491;37.23114068
55.90651059;37.24029676
55.90651225;37.24108653
55.90540447;37.2488711
55.90558754;37.24955436
55.89521132;37.2833912
55.89517016;37.28401554
55.89389063;37.28683484
55.89348182;37.28743109
55.88826197;37.30420251
55.88745323;37.30577783
55.88251389;37.31673224
55.88153318;37.31642115
55.82916545;37.30752338
55.83476864;37.29906694
55.75402505;37.88670578
55.83650431;37.2942678
55.83406565;37.29940553
55.83322538;37.27486567
55.829609;37.30614457
55.82373389;37.24754935
55.83645179;37.2927911
55.83705422;37.26003188
55.82614478;37.31231721
55.83404731;37.2515135
55.81953341;37.32156502
55.8332587;37.27345551
55.81853823;37.33934065
55.83407562;37.26881751
55.83609652;37.26716633
55.81895063;37.33806815
55.83118733;37.27988113
55.82045686;37.32124559
55.82589703;37.27045331
55.82678361;37.31192882
55.82404169;37.26498003
55.7246407;37.2788423
55.72607936;37.27842863
55.73832972;37.26916987
55.73815053;37.26899869
55.72564813;37.27828881
55.73624245;37.03767632
55.73604384;37.03771074
55.73066899;37.06146593
55.71982657;37.07217983
55.71607454;37.07748535
55.71580538;37.07826171
55.72018082;37.07198632
55.73077095;37.06161953
55.7790424;37.31422172
55.77893393;37.31420225
55.78510035;37.30623975
55.78511734;37.30540986
55.81754104;37.85908967
56.01072464;37.80014772
55.60675291;37.45778048
55.82276827;37.38478188
55.64925538;37.5929969
55.58739788;37.72347626
55.18112266;37.02187528
55.66973082;37.44158869
55.89675136;37.40069739
55.95734888;37.88516808
55.9711355;37.96140386
55.97082948;37.96188744
55.97140858;37.95766507
55.97224565;37.94987927
55.97167189;37.93869663
55.97154432;37.93892625
55.97131211;37.93049024
55.97123322;37.93210672
55.96862531;37.9139263
55.97155971;37.92324997
55.96952255;37.91095244
55.97146636;37.92336449
55.96982371;37.91102093
55.9686078;37.91326817
55.97303404;37.9095631
55.97324142;37.90988176
55.97557228;37.90861036
55.97637097;37.90558459
55.97817993;37.90022811
55.97809272;37.90106114
55.98030247;37.89451259
55.97970715;37.89569721
55.98322011;37.88577474
55.98272718;37.8866742
55.98568035;37.87718687
56.11946713;38.14570454
55.9855641;37.87835648
56.11680886;38.14771711
55.98718249;37.86947821
56.1157007;38.14740607
55.98420865;37.86548049
56.11318597;38.14674881
55.97844278;37.85972413
56.11038007;38.14359647
55.98051755;37.86491816
56.11073027;38.14449962
55.96542455;37.84059479
56.10593791;38.13983274
55.93124017;37.8051713
56.10582947;38.14010314
56.12357279;38.13615175
56.10293594;38.1342389
56.12366383;38.14250713
56.10295799;38.13542872
56.12379782;38.14274134
56.09974988;38.12379481
56.11993471;38.14570229
56.09938735;38.12307332
56.09567126;38.11931462
56.09575881;38.11983003
56.09105951;38.10870009
56.09135693;38.11007526
56.0858;38.0955491
56.08588041;38.0963967
56.0851483;38.08575581
56.08489532;38.08683005
56.07978595;38.05386076
56.0797264;38.05457515
56.07566535;38.04173429
56.07363807;38.03639772
56.07380805;38.03746775
56.06665218;38.02203072
56.0668333;38.02316108
56.06082025;38.01021144
56.06110267;38.01139326
56.05754264;38.00446958
56.05774711;38.00543881
56.05167087;37.99374246
56.05029933;37.99157074
56.04447404;37.97874464
56.04509182;37.98068476
56.03734891;37.96963002
56.03771204;37.97042941
56.03080286;37.96215557
56.03103628;37.9630035
56.0270933;37.95531054
56.02734298;37.9563497
56.02403772;37.94745339
56.02528211;37.95109935
56.02241331;37.93018849
56.02259151;37.93158867
56.0162125;37.90729436
56.01647169;37.9089817
56.01401128;37.89909001
56.01416996;37.90053479
56.01202202;37.8895965
56.01201637;37.89049144
55.8167224;37.68907251
55.59812144;37.7239865
55.67076266;37.55361249
55.7066524;37.51597661
55.56283194;37.44655869
55.56017494;37.44304913
55.7430876;37.67702151
55.7463867;37.62552067
55.72807443;37.62477717
55.77634643;37.58343516
55.80034187;37.39175158
55.93303752;37.55685724
55.79957319;37.39527612
55.42935735;36.84123615
55.75004762;37.64193499
55.76885166;37.47818075
55.87542104;37.66763158
55.87891059;37.66960649
55.38458173;36.75176691
55.5170734;36.96939358
55.71300437;37.6873522
55.71149333;37.62309578
55.69213248;37.65625382
55.61536504;37.38504878
55.61382587;37.38808982
55.83580291;37.45289313
55.61901771;37.50576211
55.65839377;37.81181788
55.81748092;37.46134487
55.6997666;37.51324188
55.85293864;37.40778319
55.67573588;37.62630689
55.8645021;37.66173148
55.68954077;37.62232668
55.86318222;37.4354471
55.69986986;37.61436889
55.61338945;37.16480475
55.79749448;37.37681395
55.79897028;37.3712206
55.80123456;37.37257755
55.81887443;37.42627376
55.87746046;37.72962097
55.80039647;37.69430899
55.7988403;37.69632213
55.61517492;37.47805334
55.62069518;37.47397861
55.58804082;37.73395993
55.58550631;37.74078612
55.58507932;37.74033678
55.55632524;37.78026889
55.55758383;37.7776657
55.54507309;37.79739
55.54548382;37.79738206
55.53273054;37.81259998
55.53277063;37.8117567
55.51379922;37.82904056
55.5137947;37.82851842
56.00530355;37.39538864
55.64858436;37.59217411
55.91321713;37.55709432
55.75365936;37.75430587
55.60475803;37.48771639
55.65616081;37.84597903
55.87083335;37.34639674
55.71654213;37.89866743
55.61883676;37.50609591
55.70086538;37.42153194
55.38580161;37.20546061
55.38503056;37.20669628
55.87415418;37.33077299
55.83668039;37.65646358
55.87297012;37.33155194
55.87683229;37.32614579
55.87612214;37.32672062
55.88128257;37.31552784
55.74106335;37.56915282
55.87766854;37.31218659
55.81668285;37.40650736
55.78310376;37.83676246
55.69265143;37.81780436
55.57830203;37.68743048
55.80276912;37.51401058
55.82398187;37.63883226
55.52607049;37.38273413
55.7807391;37.63235141
55.8815546;37.67105663
55.92564119;37.19669423
55.92674721;37.19543046
55.90287952;37.26183168
55.90310447;37.26191637
55.78482452;37.6006964
55.78370364;37.59664108
55.78384494;37.59629689
55.78107394;37.59229699
55.78086451;37.59247197
55.77938614;37.58970088
55.77726964;37.58648288
55.77714634;37.58669239
55.8259228;37.43689317
55.7773499;37.51544375
55.65681708;37.54053176
55.61736784;37.67355144
55.78076534;37.67007618
55.71421404;37.67850074
55.62774653;37.68013213
55.69461815;37.85019877
55.75120332;37.49382041
55.70223634;37.88525867
55.70221092;37.88469101
55.69970001;37.89313952
55.70023428;37.89297139
55.69617415;37.89302857
55.69619604;37.89373857
55.69768698;37.89884013
55.697527801;37.897651501
55.70450443;37.89370196
55.703277599;37.894535354
55.699803066;37.898081203
55.69871944;37.89867744
55.7456042;37.67029172
55.65556658;37.54287392
55.79539183;37.38270694
55.75357672;37.71510556
55.76001357;37.70245367
55.63874704;37.41630946
55.53543158;37.58533191
55.53329675;37.58841468
55.77997341;37.6391092
55.77978343;37.63967709
55.77937305;37.61283405
55.82968132;37.64941735
55.75139494;37.66501994
55.88479352;37.64179594
55.75083038;37.86069091
55.48358648;37.30467492
55.45565465;37.29452787
55.75153944;37.71290515
55.74677458;37.68172587
55.71579112;37.45475759
55.70594835;37.68670905
55.70606544;37.68793056
55.71546676;37.6787572
55.75561588;37.66015268
55.75303592;37.66381365
55.7156145;37.62359432
55.90220573;37.58795605
55.83340322;37.59157754
55.54904395;37.54285147
55.93434075;37.37315021
55.94906178;37.35235089
55.65654058;37.60722483
55.98324374;37.44514187
55.98004354;37.39818898
55.97739244;37.38611249
55.73034153;37.85912214
55.78058807;37.43641267
55.81827534;37.50023771
55.78991314;37.63307454
55.73079273;37.85981914
55.73031681;37.46027503
55.78884085;37.47734226
55.71867854;37.3856911
55.77949692;37.45352216
55.8807411;37.71086517
55.73668658;37.75936122
55.87608735;37.61914232
55.8498205;37.40330266
55.84064777;37.48702348
55.59590523;37.58723891
55.82094564;37.66286219
55.68731487;37.6829158
55.72970541;37.74960896
55.89842742;37.5411994
55.76415824;37.57824568
55.80922726;37.46328863
55.77521461;37.67800527
55.69651074;37.86065233
55.69585585;37.87367211
55.49063209;37.30550252
55.88254038;37.60228211
55.78365525;37.74594301
55.76968948;37.51249392
55.77047652;37.5122279
55.89994947;37.54802462
56.00322545;37.1493267
56.00258356;37.15023704
55.99834797;37.15820523
55.99785598;37.15836588
55.59657227;37.35492586
55.63347164;37.76432598
55.63360811;37.76292425
55.82086866;37.49905028
55.71433856;37.69160507
55.79467081;37.71483784
55.81522012;37.7329065
55.81425897;37.73418276
55.81322458;37.73716935
55.72975115;37.66152474
55.72684475;37.66331442
55.72674768;37.66354269
55.73006156;37.66156425
55.7624907;37.38014398
55.82220906;37.60256845
55.58233659;37.66250631
55.86969699;37.51123563
55.50563941;37.61793538
55.50600296;37.6171315
55.88246513;37.41633326
55.88322903;37.41581912
55.88399804;37.41367034
55.8837576;37.41306668
55.739442;37.64705634
55.67787819;37.66537238
55.75304891;37.53358406
55.72648715;37.40472575
55.73882674;37.69240135
55.57055994;37.59301989
55.81003609;37.46293639
55.72705729;37.61314841
55.87753171;37.44337111
55.87809141;37.44409938
55.42806477;36.86379508
55.50821773;36.98342737
55.22739617;37.05917828
55.79762528;37.71451347
55.81427015;37.46951471
55.64747374;37.74005931
55.80709551;37.7266819
55.80693203;37.72701464
55.82858203;37.82540711
55.66915551;37.56505791
55.76524478;37.57465471
55.71169436;37.63110098
55.66769318;37.72008502
55.79043701;37.57655314
55.80640786;37.54944629
55.79618184;37.56040689
55.88032284;37.7214533
55.81623615;37.34108252
55.81821842;37.35507738
55.82036536;37.3588572
55.81949579;37.35804478
55.82416237;37.35523911
55.82317622;37.35566787
55.52711069;37.51758041
55.86834731;37.66368467
55.98994676;37.14516249
55.26779004;37.11822759
55.35052008;37.33441594
55.82704724;37.5556241
55.82718094;37.55530264
55.85189005;37.43879981
55.66671225;37.42805733
55.66586908;37.42701805
55.85501004;37.40947247
55.85815669;37.42103636
55.80863897;37.57596789
55.80880077;37.57729584
55.80971454;37.57430829
55.52675614;37.51856709
55.52643835;37.51654512
55.58642571;37.69091359
55.65939896;37.52199049
55.80881335;37.57625327
55.79822974;37.55851399
55.82702627;37.64645487
55.82728059;37.64595709
55.82395384;37.63855518
55.88503841;37.44025704
55.89433134;37.42951919
55.89392608;37.42934971
55.89981562;37.42273232
55.89943327;37.42255695
55.9794132;37.17328306
55.9760229;37.18026523
55.98119099;37.17464682
56.01422769;37.18965025
55.64569973;37.46930507
55.80578153;37.50857732
55.80797177;37.49902646
55.80787893;37.4989788
55.80679241;37.50542906
55.80679541;37.50463194
55.54962751;37.35299291
55.6162711;37.6619419
55.7736119;37.61853978
55.69551359;37.44974911
55.78665204;37.75092424
55.78654187;37.75022768
55.78286032;37.70009375
55.78257836;37.70017526
55.78252482;37.72163127
55.92610289;37.38535436
55.9346687;37.37337703
55.94954496;37.3523798
55.97766189;37.38770723
55.9796991;37.39818218
55.98333587;37.42272182
55.98429234;37.43388836
55.9675788;37.43845125
55.98254973;37.44896415
55.96472736;37.42639051
55.93564744;37.40282838
55.94800295;37.41156774
55.96116935;37.41418418
55.92578244;37.38511478
55.9357929;37.40369118
55.94818477;37.41240087
55.96453574;37.42677638
55.98460294;37.43370898
56.01633786;37.19420904
55.76277017;37.53068119
55.96692758;37.25876898
55.9667373;37.2589365
55.40696915;37.42161205
55.57255224;37.49000908
55.46877984;37.54564453
55.46849232;37.54537893
55.47251309;37.54359251
55.57349944;37.48727628
55.57221314;37.49439749
55.85965222;37.34872824
55.66857956;37.74145226
55.83385567;37.64835797
55.79676996;37.63317065
55.8085577;37.57370237
55.68659959;37.5471893
55.71794165;37.67646713
55.75967291;37.37801338
55.87918634;37.42202017
55.87905419;37.42154892
55.78701533;37.35612604
55.74697023;37.62435171
56.00801578;37.12565136
56.00799178;37.12535148
56.00318089;37.12486954
56.00294693;37.1244947
55.99724143;37.1298068
55.99765542;37.12911067
55.82622964;37.43716311
56.00790351;37.14270215
56.00893724;37.13891342
56.00856414;37.13331431
56.00841251;37.13296002
55.99179312;37.13869604
55.99142107;37.13924225
55.80912486;37.49104574
55.80906422;37.49092523
55.66644312;37.42130324
55.66625406;37.42117217
55.59524684;37.3493447
55.66885291;37.41835637
55.66877142;37.41815836
55.67122998;37.4155106
55.67093215;37.41555969
55.67384131;37.41191407
55.69406436;37.88899528
55.6802053;37.41548053
55.69457778;37.88917167
55.88124828;37.6386572
55.64625528;37.46823652
55.65090463;37.46978731
55.8992585;37.37752587
55.76266602;37.37985978
55.83605176;37.45340215
55.82743804;37.35211168
55.6562099;37.38382332
55.68509278;37.69008757
55.63532854;37.73030189
55.76537644;37.73237164
55.95187646;37.2169574
55.78926192;37.68108697
55.86436302;37.43455952
55.67610588;37.71645731
55.87184217;37.63783552
55.87035569;37.65951787
55.75268972;37.70272323
55.81558395;37.4295479
55.81609308;37.43386128
55.8172208;37.4344871
55.81956952;37.43722126
55.82042891;37.43808604
55.82137741;37.4381958
55.81642654;37.42719916
55.90115472;37.64010786
55.90109725;37.63949848
55.51733987;37.05361677
55.68163941;37.89630396
55.74441268;37.61331902
55.74397925;37.61396214
55.69971256;38.02910404
55.64697334;37.85354418
55.65101538;37.85591074
55.65111482;37.85556351
55.72715482;37.63744234
55.67723461;37.43707139
55.63528314;37.36036692
55.68854738;37.39546987
55.65618715;37.38319753
55.79448147;37.82268714
55.67745438;37.56451539
55.69215235;37.53585096
55.62789365;37.67972688
55.79921136;37.72888154
55.72394026;37.37351511
55.72348352;37.37349324
55.72339717;37.79327942
55.79406918;37.82315506
55.69666929;37.78960051
55.76451257;37.7825166
55.86981931;37.62974308
55.89610704;37.55377545
55.89939212;37.54454638
55.89332736;37.51525436
55.78100713;37.69673393
55.78392612;37.53701634
55.78562149;37.54306303
55.7881515;37.5454281
55.65299244;37.6207424
55.56411936;37.50098008
55.65167973;37.70642822
55.7498196;37.86606486
55.61046081;37.6033587
55.71245611;37.60681415
55.68045052;37.63284531
55.67725425;37.66197161
55.71147345;37.60823877
55.70450243;37.87123543
55.6362351;37.33791381
55.78791637;37.60050042
55.7875859;37.60090453
55.60639366;37.53362487
55.7751935;37.67773965
55.77660998;37.66984771
55.83253567;37.66585242
55.75147797;37.71547704
55.71670818;37.56903988
55.65648206;37.84649055
55.56376462;37.64531059
55.85127865;37.67912856
55.84680091;37.68779471
55.60675757;37.43888808
55.80899596;37.49353232
55.80909901;37.49360758
55.754711;37.7159012
55.51249359;37.79812578
55.63706778;37.66058136
55.7823281;37.70037125
55.98012265;37.17297981
55.76355521;37.70565351
55.76505004;37.70188637
55.69409757;37.87394504
55.69193117;37.88054745
55.68978585;37.88451422
55.68785536;37.88812408
55.68620186;37.89192516
55.68277237;37.8993935
55.68242056;37.90684015
55.68272089;37.91086736
55.68295472;37.91116738
55.68256528;37.90620184
55.68303626;37.89915531
55.68806616;37.88811774
55.69003938;37.88433785
55.69204328;37.88069147
55.68816853;37.89015405
55.69078255;37.88948671
55.69193424;37.88958916
55.70369118;37.88889362
55.70273012;37.89037652
55.75084119;37.86035388
55.74760965;37.86224653
55.74492255;37.86501463
55.74831356;37.86229994
55.70398678;37.8903509
55.70545758;37.89389312
55.70555256;37.89498611
55.83859742;37.52203218
55.80383169;37.83070976
55.76541912;37.73250897
55.71464501;37.693156
55.59709683;37.6489639
55.7964534;37.71766268
55.74108407;37.65630191
55.61772504;37.50810767
55.81771796;37.50168147
55.6186601;37.50625195
55.74687906;37.68165749
55.86318286;37.43478646
55.80482867;37.49500363
55.76342582;37.77767661
55.76355907;37.77770386
55.78312065;37.55066587
55.73725543;37.75036341
55.68995814;37.67422126
55.75062642;37.55061298
55.77700497;37.51627117
55.83672321;37.34815235
55.71690368;37.82173182
55.78165116;37.71850165
55.31013374;37.19002868
55.55178362;37.49044162
55.68185693;37.90443082
55.70042318;37.47036434
55.75115001;37.85623028
55.75092093;37.85569966
55.75108019;37.85449616
55.63162222;37.21717244
55.75195347;37.85525165
56.0709833;37.26734833
55.66127259;37.72649081
55.66140778;37.72702318
55.66152038;37.73434341
55.6964715;37.87368029
55.75288473;37.82809611
55.81693958;37.72515499
55.59998582;37.55461045
55.88468777;37.59982141
55.71537983;37.67823797
55.60704274;37.44532352
55.77887804;37.66688661
55.76808641;37.5552361
55.76279897;37.68146317
55.56855771;37.59233659
55.7057994;37.58616958
55.70572183;37.58657567
55.6630552;37.61272286
55.80551417;37.45330094
55.80569873;37.4537933
55.75342677;37.66370543
55.69436756;37.66596525
55.59051568;37.60391884
55.68383529;37.41332114
55.68431249;37.62358155
55.90904707;37.39835012
55.60455507;37.49280535
55.91113064;37.39373042
55.8520082;37.43899303
55.45865393;37.89734193
55.46046257;37.89872893
55.46243237;37.89890437
55.46335665;37.89638729
55.46162484;37.89371158
55.45946956;37.89072662
55.45680811;37.89134622
55.7476357;37.6930262
55.74765675;37.69341695
55.74786714;37.69482339
55.60583214;37.49083509
55.75501002;37.716066
55.48525195;37.55249871
55.77943766;37.64511275
55.78579101;37.60160559
55.78448009;37.60112545
55.77951421;37.64543248
55.86584535;37.34257011
55.86531688;37.343076
55.74046353;37.62985177
55.74042022;37.62963285
55.75073646;37.64193922
55.54425175;37.57961723
55.79302234;37.69171974
55.85654937;37.62537228
55.85668426;37.66196591
55.85709678;37.66133749
55.77094686;37.3880288
55.73673336;37.68719305
55.91018421;37.37501589
55.55994594;37.58663658
55.8459839;37.66963112
55.66410956;37.61489546
55.70910816;37.90134977
55.67998028;37.63638188
55.48655343;37.55303796
55.83806694;37.50056042
55.83786821;37.50081111
55.66863532;37.61487121
55.49529303;37.51275138
55.49818956;37.5167178
55.49782574;37.51233939
55.92295174;37.74224154
55.92323956;37.74309098
55.46123004;37.27111419
55.47651117;37.30997004
55.84080404;37.66915066
55.76874591;37.68029941
55.84107935;37.6678591
55.71912104;37.65382779
55.70634404;37.64225978
55.72501404;37.65637578
55.73050404;37.65302179
55.81846263;37.57850402
55.93918007;37.51938687
55.93869787;37.52022805
55.73638736;37.68968102
55.47489213;37.0681551
55.40957379;37.17733404
55.41286283;37.15445578
55.81854101;37.34715951
55.49654155;37.84322141
55.49640322;37.84270632
55.45444987;37.85677897
55.78797898;37.38045217
55.45428914;37.85629698
55.60254169;37.49641762
55.47211864;37.85353828
55.60291225;37.49751588
55.47186684;37.85301378
55.48757939;37.84976194
55.48796207;37.84883615
55.58837501;37.73450945
55.80192076;37.40817186
55.78881674;37.39814605
55.9991774;37.39972333
55.99668749;37.37987123
55.65209359;37.64288125
55.76037197;37.73699846
55.82087948;37.51071983
55.89352809;37.55756779
55.83519691;37.54320731
55.83360233;37.54991463
55.83362497;37.55002582
55.83571746;37.54191519
55.83113889;37.52868045
55.80702966;37.48307023
55.76352597;37.48009532
55.76248359;37.4979626
55.75742551;37.50214557
55.74682232;37.51444394
55.73114005;37.55274889
55.73773518;37.56550486
55.88566589;37.64287528
55.87737411;37.63621215
55.8737581;37.6373336
55.87172511;37.63795971
55.87167891;37.64742026
55.8715098;37.65163187
55.87035027;37.65935623
55.76191743;37.50302676
55.75103338;37.49352776
55.75138776;37.49289068
55.71002784;37.4456879
55.89408352;37.52349429
55.9075605;37.57464043
55.90516117;37.59045105
55.88618005;37.67443884
55.88392254;37.60478498
55.85736058;37.58472863
55.57412978;37.59674426
55.57452037;37.59774798
55.74040022;37.48359101
55.72769535;37.47353042
55.76726564;37.83933968
55.71776098;37.82132489
55.76346644;37.77788699
55.76278204;37.77426329
55.76171647;37.76869093
55.7690726;37.82105801
55.74373536;37.81205437
55.76762125;37.83834507
55.74350971;37.82061696
55.70727045;37.65892297
55.67962598;37.63945812
55.76682881;37.66379647
55.74738145;37.66850777
55.75344912;37.79868348
55.75909358;37.78773302
55.76396914;37.78475763
55.7727669;37.7258268
55.79337532;37.80490753
55.79327873;37.80625892
55.77217249;37.72620637
55.76394;37.78462687
55.75282419;37.80753529
55.75204273;37.81296254
55.75133023;37.81815909
55.74753346;37.66858237
55.76292813;37.68256222
55.76521016;37.68025952
55.7679783;37.67975659
55.77707564;37.67372519
55.77653641;37.67044956
55.77959408;37.64217475
55.7804434;37.6345373
55.77836559;37.62956519
55.78302671;37.61039943
55.78114054;37.6091626
55.78262541;37.61100272
55.77847152;37.6166926
55.78711533;37.6089579
55.78033636;37.63426668
55.7791991;37.66570764
55.77717624;37.6733427
55.76919035;37.67928018
55.76561047;37.67997633
55.76110625;37.68814406
55.81923428;37.78159379
55.82697292;37.82493562
55.65527178;37.54253272
55.79319443;37.690769
55.7915125;37.68653569
55.71625341;37.61751302
55.6613251;37.48248561
55.65164643;37.68855382
55.65209353;37.68987312
55.76107626;37.71272087
55.76281266;37.70839266
55.76362433;37.70576266
55.77006365;37.7032509
55.77318502;37.70996725
55.71561084;37.69451822
55.74283102;37.6712121
55.74519319;37.67063919
55.75116833;37.66537738
55.7425881;37.67091442
55.71182079;37.68317803
55.71324779;37.68819167
55.76129453;37.68640589
55.75800291;37.68538608
55.7051762;37.76555317
55.75570348;37.73800856
55.75545612;37.73668507
55.75561843;37.73695626
55.75758486;37.69877343
55.7588792;37.69444216
55.75447742;37.70782279
55.8227811;37.61705787
55.78534016;37.67586004
55.7931836;37.69116107
55.79429628;37.69824516
55.81489989;37.69588962
55.81492094;37.69562276
55.78526693;37.67560718
55.78170137;37.67039099
55.77971829;37.66659557
55.73863991;37.65017103
55.73877156;37.64972373
55.7473178;37.81766803
55.75309599;37.72392332
55.76122152;37.68816311
55.75291464;37.72378877
55.75297595;37.72391649
55.78993401;37.60909998
55.78872054;37.62679448
55.78892917;37.62790922
55.74518934;37.81681777
55.74726208;37.81739138
55.74503177;37.81574631
55.79639691;37.71787001
55.79524841;37.70927947
55.79049393;37.68168369
55.8102877;37.73051178
55.82709186;37.76380941
55.79008834;37.60876638
55.78979413;37.60447266
55.14697371;37.2860481
55.15482069;37.28790317
55.15456074;37.28746178
55.16455251;37.28591431
55.16424814;37.28584705
55.17207106;37.26782016
55.1717385;37.26774333
55.23911689;37.27837128
55.18551562;37.26514985
55.2709665;37.12813093
55.18510924;37.26477806
55.27118294;37.12705327
55.18862722;37.26422148
55.27468366;37.13137457
55.18834513;37.26402619
55.27455242;37.13186853
55.19268174;37.26057221
55.19233803;37.26055458
55.28130663;37.23516938
55.20155507;37.25174172
55.42865409;37.5439738
55.15572829;37.46326611
55.20123948;37.25170427
55.43093525;37.55581884
55.16057988;37.4650527
55.20607069;37.24726729
55.43147271;37.56283453
55.16134637;37.46588851
55.20528267;37.2476368
55.43078568;37.56220924
55.16507096;37.46725337
55.21465875;37.23882526
55.42980807;37.55018473
55.16624319;37.46838426
55.21290379;37.24018672
55.67235182;37.28053478
55.17256563;37.47186396
55.22293897;37.23062306
55.14721928;37.26774136
55.1709428;37.47111701
55.2207398;37.23234296
55.14552722;37.45409745
55.17812862;37.48276848
55.14571335;37.45462844
55.23074103;37.22286452
55.15070683;37.45899104
55.17809489;37.48336905
55.22987439;37.22331415
55.15055453;37.45847959
55.23493108;37.21933745
55.18252989;37.49206142
55.15195784;37.45961943
55.23421019;37.21823831
55.18268769;37.49279986
55.15352472;37.46136919
55.23643098;37.22614182
55.18772487;37.49889458
55.1591989;37.435867
55.23637856;37.22663515
55.18806856;37.50129738
55.15898471;37.43569021
55.24194154;37.25577761
55.18718256;37.51872723
55.16403608;37.43106632
55.24183942;37.25683828
55.18697406;37.51894377
55.16479039;37.42986432
55.18633117;37.54334478
55.15542948;37.46261699
55.18609995;37.54393536
55.1856954;37.57604606
55.09848438;37.54759108
55.09827037;37.54737468
55.09414357;37.55226856
55.0939462;37.55266129
55.09125795;37.56541984
55.09075053;37.56604774
55.08834267;37.57567635
55.08827565;37.57471357
55.08483185;37.59666617
55.08461195;37.59686208
55.07951228;37.60057817
55.08003038;37.60088393
55.07489588;37.60405754
55.07460284;37.60413535
55.06798789;37.61018429
55.68086424;37.62177808
55.6818342;37.62265608
56.00027562;37.25335654
55.69827804;37.22569478
55.76052685;37.88363288
55.67022951;37.28914945
55.51391776;37.45021355
55.68069613;37.41405675
55.78349123;37.84749895
55.80974342;38.17641025
55.80645829;38.17857404
55.81903238;38.16002047
55.80534743;38.17977509
55.80403671;38.18044244
55.81904587;38.16275249
55.80332746;38.18135031
55.81824747;38.16140808
55.79911389;38.18531734
55.81362707;38.16259037
55.74453032;38.0349228
55.81307752;38.16316133
55.74430917;38.03524937
55.80829146;38.165801
55.74878244;38.03003666
55.80812637;38.1661183
55.74858101;38.03102279
55.8090917;38.16990632
55.74864928;38.022983
55.80901504;38.17053526
55.74849945;38.02377007
55.80959265;38.17616753
55.74827076;38.01657538
55.74798643;38.01586244
55.74774733;38.00970654
55.7475944;38.00990431
55.75155845;38.00733056
55.75170332;38.00840129
55.72946984;37.96789825
55.83555297;37.93479573
55.83555481;37.93107177
55.83444361;37.92335146
55.83227002;37.92550999
55.83337242;37.93248909
55.83425719;37.93560212
55.89358277;37.72312566
55.89229833;37.71358932
55.76251937;37.84535129
55.76100673;37.84684664
55.76072971;37.84719139
55.75838986;37.85180637
55.75357616;37.85268209
55.75767254;37.85048114
55.75135997;37.85146341
55.75720335;37.8510364
55.75135774;37.85224253
55.75325542;37.85254933
55.75187294;37.84739241
55.75136677;37.84708824
55.63887147;37.82737856
55.63858495;37.82707736
55.62340807;37.84233629
55.70580324;37.76681103
55.61166852;37.97051878
55.60966342;37.96742424
55.60924128;37.96731969
55.68001585;37.88366489
55.70208434;37.89602509
55.70200079;37.89572995
55.69373789;37.90381551
55.6927402;37.90568037
55.69312137;37.90541002
55.68747633;37.89173977
55.67013686;37.87157837
55.6499348;37.86361381
55.82036938;38.17133939
55.82021181;38.17336807
55.82160954;38.18246881
55.82141719;38.18362629
55.0643826;37.60943809
55.06391479;37.60961353
55.12091247;37.62951105
55.05898942;37.60664029
55.12394035;37.61660982
55.05910748;37.6069449
55.12372619;37.61666818
55.05127953;37.60811572
55.12773331;37.60286484
55.05093011;37.60822274
55.12748522;37.60308052
55.03841902;37.62603672
55.13114367;37.5830835
55.03795059;37.62679069
55.13092949;37.58320106
55.04162524;37.67803211
55.13180476;37.57306803
55.04200117;37.67910325
55.06957012;37.6724555
55.13196565;37.57254222
55.06934984;37.67283747
55.67849463;37.32250928
55.07532779;37.66887803
55.6707556;37.32823363
55.0747926;37.66882667
55.08155803;37.68085251
55.66603006;37.32926352
55.08145033;37.68128417
54.93371378;37.45056406
55.0842045;37.68856897
54.93489994;37.4508366
55.08378755;37.68857683
54.9290358;37.44110355
55.09100056;37.68665475
54.92894293;37.44131893
55.09054983;37.68664283
54.92451845;37.43305863
55.10177879;37.67746204
54.92497851;37.43462807
55.10144078;37.67743107
54.91951998;37.42237039
55.11311379;37.64665972
54.91950327;37.42269322
55.11279769;37.64714017
54.9164486;37.41315753
54.9173631;37.41163944
54.92292471;37.40470596
54.92250792;37.40491727
54.92819784;37.40380804
54.92801447;37.40350517
54.93764553;37.40580637
54.93944919;37.40662424
55.67190784;37.28072718
55.65277099;37.26008255
54.97299294;37.2682618
55.65881166;37.24830409
55.02351341;37.37883648
55.66317003;37.24498852
55.67161473;37.26825559
55.66553891;37.24942413
55.67027757;37.2637004
55.67039721;37.26497351
55.66597527;37.24999073
54.86252929;37.21297465
55.67164657;37.26916273
54.86234305;37.21284898
55.67257764;37.28090339
54.86803123;37.21650144
54.90132073;37.35180384
54.86888041;37.21700839
54.90162538;37.3521156
54.87419815;37.21768442
54.90253138;37.36068743
54.87353295;37.2175425
54.90236837;37.36102043
54.87604279;37.22105733
54.90477835;37.36977354
54.87637755;37.22207125
54.90463779;37.37005757
54.87739091;37.23299887
54.91227706;37.39199923
54.87838683;37.23493203
54.89347053;37.32144024
54.89327242;37.32082526
55.66272091;37.24521052
55.6585435;37.24802035
55.65329851;37.25917542
55.5187515;37.32520773
55.51714372;37.32835267
55.51706592;37.32853293
55.69413508;37.63945958
55.69441867;37.6407839
55.82951533;37.64585739
55.82266774;38.19171429
55.82241577;38.19244037
55.82500008;38.21245255
55.82551073;38.21377297
55.82490699;38.21490283
55.84323329;38.19728608
55.84378328;38.19467253
55.84023693;38.19315755
55.84243952;38.20411051
55.84217569;38.20590801
55.84366884;38.19896354
55.84877423;38.20073005
55.84852854;38.20034509
55.85753026;38.20348191
55.85811302;38.20403333
55.86077843;38.20686637
55.86083879;38.20714794
55.86397821;38.20885798
55.86436947;38.20939607
55.86750791;38.20735929
55.86694775;38.20777992
55.86774363;38.20456823
55.86770468;38.20546925
55.86682269;38.19711753
55.86697182;38.1966493
55.86858154;38.19492473
55.86923898;38.19522704
55.87062438;38.19231596
55.87288181;38.19859888
55.87162857;38.20103131
55.87167372;38.20200408
55.87335879;38.20584231
55.87334361;38.20554141
55.87589366;38.19997575
55.87628019;38.1993714
55.88099168;38.19108728
55.88105058;38.18962503
55.88205481;38.18432072
55.88210142;38.18302859
55.88601155;38.17066771
55.88600574;38.16966523
55.89190464;38.14532003
55.89132184;38.14687428
55.89279451;38.14429213
55.89278714;38.14462287
55.9038441;38.13687377
55.90389519;38.13788747
55.90726794;38.14364949
55.90709937;38.14356647
55.9088889;38.14823986
55.90951022;38.14900246
55.91390879;38.15351466
55.90046912;38.1434567
55.89956283;38.14439428
55.89739095;38.14441344
55.89737538;38.14415749
55.89787678;38.13875129
55.89769036;38.13938995
55.89778344;38.06259863
55.89786126;38.06282786
55.90084064;38.0639289
55.90270135;38.07575893
55.90303528;38.07903305
55.90445684;38.08578337
55.90729057;38.09982693
55.90792092;38.10111039
55.90104042;38.11741926
55.9002647;38.11819912
55.89802643;38.13623198
55.89783965;38.13639939
55.83565863;38.19921509
55.62872857;37.87125631
56.00048854;38.36378055
55.99610858;38.35607316
55.99620536;38.35673877
55.69344138;37.86528449
55.69231768;37.86615172
55.98948151;38.34982592
56.00925913;38.37710171
55.9891473;38.35008995
56.00328877;38.3693528
55.98480676;38.34060846
56.00316187;38.36977224
55.98461574;38.34135803
56.00119982;38.36518386
55.9601669;38.25882053
55.96025962;38.26022838
54.91281459;37.39457001
54.91652298;37.42642747
54.91722597;37.42428407
54.84791401;37.48145815
54.91440714;37.44182613
54.84729989;37.48177089
54.91430139;37.44462356
55.43089616;37.49582456
54.91149049;37.48740504
55.42862229;37.48761653
54.91127644;37.48792343
55.4286759;37.48854781
54.8326195;37.63171965
55.42597434;37.48781055
54.83304761;37.63182842
55.42539968;37.48795436
54.82826219;37.63841538
55.42248098;37.4851519
54.83238161;37.62212884
55.42248673;37.48615238
54.83218494;37.62158164
55.42507902;37.49452248
54.83337208;37.6116777
55.42783976;37.50262617
54.83312977;37.61170633
55.42791297;37.50384477
54.83268159;37.60238339
55.4197536;37.48122057
54.83247853;37.60263668
55.41928592;37.48091373
55.41751671;37.48003556
55.4143393;37.48101764
55.42123643;37.50902966
55.42056879;37.50926724
55.39116144;37.55865108
55.43465469;37.61564713
55.43473455;37.61460692
55.44855674;37.6181464
55.44800584;37.61686608
55.45582713;37.61941922
55.46227417;37.61980604
55.4622305;37.61836811
55.34915688;37.52862062
55.681266;37.18923753
55.68486638;37.19529696
55.68830162;37.2004724
55.68879114;37.20369995
55.69322845;37.21709723
55.69574441;37.23051969
55.69650412;37.23013292
55.69007812;37.25463701
55.68749768;37.25738321
55.68796432;37.25718344
55.68219343;37.28133996
55.68253916;37.28091922
55.68586538;37.28381006
55.68622124;37.28433914
55.68604589;37.2904432
55.68595371;37.29089992
55.68461246;37.29230567
55.68487018;37.29229681
55.68975747;37.24963488
55.69882344;37.22614412
55.689297;37.20584661
55.68855821;37.20086314
55.68438147;37.194852
55.68364827;37.19058727
55.38438902;36.75108282
55.37551374;36.76824125
55.37698417;36.76211868
55.38225943;36.78076273
55.39021386;36.79329854
55.39743885;36.80555935
55.40174076;36.81290746
55.4017776;36.81238581
55.39723008;36.80461738
55.39027188;36.79281884
55.38218119;36.78009573
55.37578094;36.76786064
55.37777457;36.76112715
55.38257328;36.75016614
55.71237039;37.62267208
55.33294381;37.5269792
55.33345897;37.51125468
55.33395779;37.49121058
55.33368176;37.49170482
55.62102123;37.62251835
55.32902214;37.48867185
55.62144786;37.62117953
55.65081348;37.6842661
55.62103884;37.67080412
55.76914636;37.55918714
55.93897256;38.21636095
55.93820774;38.21612603
55.93003938;38.20644923
55.93023077;38.20745623
55.92827693;38.15194468
55.92788054;38.14912833
55.92652471;38.13907141
55.92605213;38.13785953
55.92071022;38.12891141
55.92013742;38.12855098
55.91580457;38.11644246
55.91540093;38.11604484
55.90055655;38.0635116
55.8929855;38.01633462
55.89181078;38.01568743
55.87637573;37.99908865
55.87990956;38.00286221
55.87084709;37.99400782
55.87106409;37.99468191
55.86230691;37.98722226
55.86166545;37.9870239
55.8570533;37.97952902
55.85680492;37.97965617
55.85181029;37.97014303
55.85135475;37.96993722
55.91614021;38.10878809
55.91540033;38.11483544
55.93849826;38.19998503
55.92270126;38.23861458
55.92239749;38.23853856
55.91361461;38.24040789
55.91003106;38.25165354
55.90964214;38.25168615
55.88298514;38.27143766
55.88284802;38.27084359
55.88484751;38.25271042
55.82631504;38.22939573
55.82608372;38.23040225
55.8288311;38.26772792
55.82858687;38.2680434
55.82938565;38.27631684
55.82908089;38.27640086
55.8301985;38.29547132
55.82989063;38.29603557
55.83138451;38.31652629
55.83107827;38.31683018
55.83196045;38.32645831
55.83188592;38.33083111
55.83352587;38.35380006
55.83319671;38.35333238
55.83423251;38.3663489
55.83388848;38.36560047
55.83573813;38.38749572
55.83581245;38.38812812
55.8398395;38.39683036
55.83931664;38.39590723
55.67301084;38.00626294
55.84334839;38.40619323
55.67334886;38.00728791
55.84368145;38.40763286
55.6714852;38.00359029
55.84570146;38.41254657
55.67163428;38.0043299
55.84575889;38.41315875
55.66549237;37.99768248
55.84895536;38.42119524
55.66517863;37.99724991
55.84902912;38.42187797
55.66221945;37.99620578
55.85248354;38.43074326
55.66189291;37.99615182
55.85246789;38.4313238
55.66062994;37.99219926
55.85430867;38.4367163
55.65967183;37.99088172
55.85473105;38.43747767
55.65780812;37.98207896
55.85205368;38.44207285
55.6576943;37.98380155
55.85189398;38.44232687
55.65900178;37.97793797
55.68038505;37.88910375
55.65893076;37.97736907
55.67924933;37.89280157
55.66184663;37.96479714
55.66168627;37.96399794
55.66262266;37.95768027
55.66236711;37.95822545
55.66197782;37.94923124
55.66171283;37.949288
55.35821708;37.53149129
55.35716081;37.53108004
55.37495043;37.54019149
55.37487727;37.53993417
55.38411222;37.53744961
55.38350959;37.53672664
55.43167084;37.56301281
55.43193814;37.56361764
55.43107079;37.5630614
55.43176901;37.56382545
55.43189291;37.56390986
55.43161319;37.55395669
55.43007566;37.54568162
55.41443747;37.5297558
55.42004128;37.53381882
55.41924221;37.53380562
55.42462435;37.5269748
55.68766056;37.34594347
55.54653935;37.07144476
55.53650053;37.06761165
55.53891427;37.06736942
55.54361841;37.06639245
55.5471492;37.06472787
55.35888455;37.35820525
55.30366817;36.6459562
55.38743465;36.74026534
55.38691512;36.7402476
55.38736079;36.73527861
55.38697772;36.73499857
55.38473434;36.72584417
55.38442036;36.72557079
55.38300375;36.72140061
55.38261423;36.72105493
55.3803213;36.71462961
55.38075552;36.71632431
55.37973006;36.70768589
55.37963179;36.70873723
55.37916154;36.70152235
55.37626734;36.69331289
55.37613792;36.69372152
55.37278256;36.68757894
55.37287438;36.6882941
55.35617131;36.69253577
55.35571043;36.69230799
55.35288249;36.69175142
55.34526068;36.68040268
55.34481348;36.68042772
55.33699041;36.67616444
55.33733969;36.6767577
55.32167852;36.66829406
55.32209587;36.66895668
55.31501287;36.66497205
55.31527905;36.66547977
55.31008404;36.65337629
55.31029005;36.65385883
55.30370182;36.64645995
55.37922874;36.70106001
55.382359;36.75138881
55.27047044;37.12596986
55.41206009;37.55010156
55.40357865;37.55115644
55.40386577;37.55165187
55.39579387;37.54767178
55.3161014;37.34866387
55.39639631;37.54868223
55.38942977;37.54127028
55.3900266;37.54235966
55.60683938;37.65728751
55.37417531;37.53319098
55.36727421;37.53097927
55.75779912;37.51378107
55.36183173;37.5309948
55.74456313;37.53839327
55.34264518;37.45997915
55.74667911;37.54221337
55.34252111;37.45959373
55.69993542;37.62885142
55.34877144;37.45020419
55.69052116;37.62806448
55.34807307;37.45082796
55.69113904;37.69627178
55.34449815;37.44402066
55.3651607;37.42737374
55.36403447;37.42835504
55.37607603;37.39710948
55.74944357;37.43345464
55.81033112;37.70541783
55.75420967;37.56395576
55.81079704;37.70654679
55.62195009;37.61584664
55.71779679;37.40838029
55.68588304;37.70098378
55.65957676;37.92743856
55.65935452;37.92816363
55.91624314;37.41003464
55.68620614;37.87812578
55.90932037;37.41984753
55.68508934;37.87946124
55.9090381;37.41973454
55.89063383;37.98845528
55.90588288;37.42691837
55.88991861;37.98980965
55.90613041;37.42667474
55.90327072;37.98685913
55.90335795;37.98759229
55.90660478;37.99137385
55.90636703;37.99166169
55.91541271;37.99494603
55.91463474;37.99507657
55.92042172;37.99755814
55.92034622;37.99811899
55.92580786;38.00023598
55.92559204;38.00066466
55.69117291;37.86151465
55.92535909;37.9955795
55.6873563;37.8689989
55.92513455;37.99678069
55.68696924;37.8693792
55.92621313;37.99192795
55.68520844;37.87318695
55.92590238;37.9921548
55.68497724;37.87325954
55.9269939;37.98540553
55.68253557;37.87859101
55.92698816;37.98400065
55.93003992;38.01054131
55.93113793;37.98168405
55.93001977;38.01132379
55.93072082;37.98173909
55.93831538;38.02929933
55.93387043;37.97873724
55.93864179;38.03068893
55.93270098;37.9795859
55.9499722;38.04841434
55.93936328;37.97287283
55.95121217;38.05081149
55.93884976;37.97309744
55.955095;38.0580363
55.94030647;37.97371745
55.9551238;38.0591413
55.94074383;37.9742548
55.94883453;38.0593117
55.67019536;37.87656289
55.84669838;37.96105275
55.67131238;37.87698234
55.8829975;38.16163633
55.67271487;37.87891486
55.8820866;38.16131013
55.6764257;37.88493772
55.87061582;38.15509325
55.67840676;37.88648266
55.87019632;38.15452509
55.69137871;37.8614567
55.86252185;38.14517971
55.86226288;38.14514536
55.85816386;38.13495062
55.85823368;38.13561285
55.85566478;38.12902046
55.85556783;38.12924927
55.84908444;38.11002725
55.84892105;38.11116631
55.84640734;38.09296223
55.84591469;38.09348544
55.85520193;38.07144192
55.85472147;38.07178543
55.86152429;38.04250418
55.86127799;38.04342235
55.85999265;38.03201503
55.85980801;38.03302422
55.8595383;38.01161439
55.85933322;38.01216262
55.8609909;37.98825318
55.86083968;37.98803089
55.89507368;38.13390698
55.89473963;38.13423239
55.66265086;37.9114391
55.6611741;37.90658007
55.8771256;38.11306694
55.65963134;37.90630496
55.87917406;38.10782765
55.88414951;38.08198516
55.87896053;38.10885656
55.88424305;38.08245765
55.87217555;38.10698685
55.45637045;37.39979026
55.87189873;38.10714284
55.4556632;37.39956402
55.87710461;38.11275594
55.45291312;37.39869862
55.45343466;37.39917809
55.44373047;37.39954973
55.44359559;37.39995642
55.37352504;37.52661773
55.32047997;37.14711026
55.36887193;37.52372105
55.32010984;37.14770637
55.36386351;37.52244209
55.31768409;37.15352237
55.36011707;37.52143116
55.40015417;37.55591606
55.35842043;37.52553454
55.39995024;37.55831163
55.35901855;37.52067893
55.39984674;37.56253887
55.35978586;37.51287597
55.36055825;37.50599253
55.43060005;37.54625678
55.36077811;37.50134404
55.40462439;37.55357822
55.35889058;37.49411442
55.35944308;37.48299785
55.3575533;37.47703769
55.19862313;37.06559382
55.4711139;37.61376561
55.39476189;37.25265997
55.47104324;37.61401832
55.39438111;37.2538205
55.39415665;37.2628298
55.47555803;37.6148844
55.39390539;37.26399936
55.47489337;37.61473368
55.48813624;37.5981622
55.48770211;37.598558
55.37744918;37.39318243
55.4910039;37.59086596
55.61047138;37.6105687
55.69109602;37.60075222
55.60549999;37.49080403
55.91110642;37.39300744
55.86007393;37.40891377
55.75106604;37.50094778
55.69204254;37.60304674
55.69053954;37.89820982
55.87948888;38.10338274
55.6941271;37.86346953
55.8806158;38.43054926
55.68049857;37.89754511
55.93593801;38.16471107
55.85177702;38.44141516
55.93546186;38.16421112
55.6913766;37.89659252
55.94521101;38.17301161
55.94522035;38.17336315
55.82149601;38.42448759
55.9503735;38.20259345
55.82216482;38.42470362
55.95085481;38.20413839
55.8146413;38.4257559
55.95513987;38.21344147
55.81431654;38.42623846
55.94368679;38.15218568
55.81002051;38.42663667
55.81027131;37.80072661
55.80971866;38.42706969
55.83433369;38.26707709
55.80641537;38.4273113
55.83441188;38.2680897
55.80604621;38.42770267
55.83295557;38.27213518
55.80376631;38.42820862
55.77951252;38.44445645
55.83299274;38.27249627
55.80304741;38.42791143
55.83573972;38.27822695
55.77902323;38.44434465
55.79876726;38.42918986
55.83564156;38.27771444
55.77642568;38.44585121
55.79762484;38.42902264
55.83585317;38.28431592
55.77416752;38.44644621
55.79008345;38.43687267
55.83570879;38.28310169
55.77368411;38.44703421
55.78970794;38.43735363
55.69070354;37.91336644
55.77075971;38.44415486
55.78574145;38.43885812
55.69066674;37.91384396
55.77055692;38.44414996
55.78435312;38.44064436
55.76973134;38.43718402
55.78340122;38.44282091
55.76955626;38.43723979
55.7829184;38.44259931
55.7688547;38.43095673
55.76836496;38.42866647
55.76812245;38.42571252
55.7672287;38.41943539
55.76731836;38.42175601
55.77017618;38.41704616
55.77420953;38.42163878
55.77532578;38.42977157
55.79680426;38.43136838
55.79711852;38.43227599
55.79741488;38.43923398
55.79660297;38.43931443
55.79315248;38.44112144
55.79205238;38.4413149
55.78825868;37.74669019
55.6333796;37.94751135
55.63370205;37.94404924
55.63377114;37.95593134
55.63350947;37.95660552
55.63243885;37.97155129
55.6320762;37.97209467
55.63074222;37.98191756
55.63039024;37.98260037
55.62823502;37.99608664
55.62797362;37.99664097
55.62698452;38.00157734
55.62667308;38.0019617
55.62559186;38.00732475
55.62526851;38.00785826
55.62733013;38.01066308
55.62758742;38.01111453
55.63214177;38.01194063
55.63279377;38.01230766
55.63839706;38.01017952
55.49036652;37.59186672
55.43249938;37.56653321
55.43457477;37.57157661
55.43426481;37.57173458
55.4392215;37.57375532
55.43905798;37.57398293
55.43888766;37.58154763
55.43887701;37.58062599
55.70753269;36.1993764
55.43553123;37.58766455
55.73715776;36.22197629
55.43560517;37.5866738
55.73803551;36.22294626
55.43566548;37.59643445
55.77340379;36.26624809
55.4355911;37.59787109
55.77279681;36.26611733
55.43615567;37.60329286
55.90858061;36.44284809
55.43589086;37.60332189
55.78831322;36.2803245
55.92715169;36.43483162
55.52221967;37.59851675
55.78815549;36.27975945
55.92626192;36.4348761
55.52565865;37.59914111
55.81312884;36.29695408
55.93345265;36.43450751
55.52555807;37.59810795
55.81372665;36.29701568
55.5260522;37.59300421
55.93323506;36.434102
55.84358382;36.33751883
55.52575599;37.59356962
55.95205879;36.43808626
55.84493428;36.34062284
55.52719505;37.58644672
55.95081462;36.43753795
55.85887794;36.3241931
55.52674638;37.58753826
55.97906798;36.44966951
55.85832664;36.32427987
55.53014764;37.6214461
55.97758933;36.44672536
55.8706699;36.31653936
55.52971967;37.62124613
55.64649216;36.31512987
55.87106132;36.31681805
55.52867241;37.61472718
55.64596092;36.31554442
55.88066086;36.3166213
55.52836542;37.61763649
55.63092984;36.33569816
55.88125543;36.31693397
55.53211118;37.61246244
55.62961898;36.3364939
55.88630232;36.31562735
55.53229669;37.61290004
55.62636536;36.33955114
55.85105803;36.35931593
55.53774987;37.61335279
55.62631449;36.3401302
55.85172993;36.3606884
55.53696083;37.61366843
55.59801489;36.46848932
55.87708132;36.4089124
55.39996624;37.56353278
55.87735053;36.40877456
55.60317444;36.48694928
55.40009407;37.56418889
55.88953161;36.42773475
55.70744455;36.19903506
55.89036492;36.4283233
55.60313887;36.48605453
55.90847712;36.44326214
55.60671373;36.49300511
55.60691014;36.49291051
55.62064309;36.51089032
55.62097736;36.51112084
55.63657246;36.53984894
55.6376378;36.53991254
55.66737788;36.53806632
55.6675888;36.53766242
55.68478921;36.55156414
55.68519293;36.55204303
55.69435864;36.58282432
55.69432339;36.58187753
55.69941076;36.59412786
55.69932601;36.59333172
55.70618461;36.66178621
55.70662653;36.66463046
55.73468941;37.59345485
55.82728335;37.35275804
55.43297577;37.13949808
55.43285199;37.13995659
55.87701291;37.71959248
56.02612789;36.99032642
55.87823175;37.47999929
55.87870114;37.47977091
56.3590624;37.4864618
55.43582173;37.73180212
55.43577759;37.73147924
55.44047554;37.72658797
55.44005048;37.72660914
55.44444329;37.73410371
55.44412003;37.73353117
55.44111168;37.75994133
55.64472943;38.00337808
55.44136262;37.75975411
55.64435841;37.99765519
55.44060855;37.76298374
55.9583135;38.06962468
55.44065523;37.76416456
55.958655;38.07130679
55.96423484;38.08039843
55.44210005;37.75373025
55.96498387;38.08164508
55.44230094;37.75394406
55.98673373;38.12454258
55.35302263;36.69196845
55.98769201;38.12554294
55.68375151;37.7140655
55.99465364;38.12804771
55.78433889;37.60644146
55.99524911;38.12837903
55.72299922;36.93982022
56.01988962;38.16504237
55.63847697;38.00993155
55.64410985;38.00880931
56.01991766;38.16610905
55.64382842;38.00874589
56.03729413;38.19661133
55.64488803;38.00317092
56.03738637;38.19723691
56.05621305;38.24130491
56.05633232;38.24208243
56.06198438;38.25508306
56.06199245;38.25560682
56.06388322;38.25962146
56.06434065;38.26127189
56.06659088;38.26708181
56.06695651;38.26898239
56.06911978;38.28083445
56.06915995;38.28249704
56.07428535;38.29691464
56.07453919;38.29773578
56.08099023;38.30631924
56.08126647;38.30715113
56.08887183;38.32299602
56.08896805;38.32377397
56.11873718;38.41636892
56.11873682;38.41717567
56.12299046;38.42805333
56.12314683;38.42898498
56.12593648;38.43577115
56.1260657;38.43656104
56.13132388;38.44317947
56.13178706;38.44375573
56.13569892;38.44568776
56.07287007;38.50605766
55.85500299;38.57156529
55.8546815;38.57160652
55.85349283;38.59939731
55.85300686;38.60207782
55.85275055;38.6115555
55.85243321;38.6111358
55.85229612;38.6269134
55.85205993;38.62563458
55.8521902;38.63922537
55.85189012;38.63877591
55.85180679;38.64808348
55.85203657;38.65002326
55.85164901;38.65883397
55.85122337;38.65916182
55.85043243;38.66178228
55.84977433;38.73589839
55.84947079;38.73695035
55.85106055;38.76695809
55.85106635;38.76748911
55.86667171;38.77922113
55.86735831;38.77983485
55.87000982;38.78039007
55.87029216;38.78087033
55.8745301;38.7820237
55.87450955;38.78237378
55.87722061;38.78297
55.87738519;38.78339637
55.88326295;38.78650616
55.8498466;38.65921337
55.84709458;38.65739952
55.84657641;38.65678326
55.84095368;38.65182782
55.84037062;38.65152021
55.8346935;38.65052243
55.83453804;38.65087824
55.82569219;38.65171694
55.82514172;38.65154053
55.81957456;38.64620081
55.81874425;38.64642658
55.81535319;38.64910698
55.81502172;38.64900716
55.81221513;38.64962463
55.81189801;38.64919507
55.80894655;38.64742123
55.80887044;38.64772913
55.80620104;38.64568066
55.70891536;36.68321577
55.70896107;36.68161824
55.70869021;36.69373893
55.7082968;36.69474487
55.72764417;36.81950825
55.72806202;36.81968068
55.72953863;36.85979423
55.72944445;36.85471408
55.41577871;37.54809338
55.73282994;36.87153666
55.41961316;37.54674103
55.73465721;36.87311586
55.42534312;37.54622276
55.74483854;36.88333971
55.42417107;37.5467167
55.74528896;36.88328266
55.40449456;37.59130403
56.03004549;35.50991143
55.40403735;37.59244162
55.41532525;37.54791951
55.40666013;37.56217706
55.4060802;37.56144342
55.41053974;37.56637207
55.41029734;37.56663903
55.40915562;37.57304404
55.40885662;37.57368714
55.40825702;37.57757764
55.4080703;37.57882496
56.02862053;35.74004623
56.02826773;35.74098801
56.02385533;35.95854496
56.22780156;35.63688026
56.13059916;35.82261946
56.13060399;35.82214508
56.1182206;35.90948928
56.11828861;35.90908307
55.74077321;36.86071224
55.74080514;36.8603522
55.73657097;36.85650714
55.73622113;36.85640307
55.73115489;36.8529121
55.73111145;36.85322233
55.72844643;36.860714
55.74758832;36.88915728
55.74744424;36.88963897
55.75509554;36.93697278
55.75520518;36.93631184
55.74474123;36.93464498
55.7450366;36.93517006
55.73728082;36.92465738
55.73734592;36.92532546
55.73501673;36.93820042
55.73478836;36.93877284
55.73821952;36.9771291
55.73846554;36.97801455
55.73920686;36.99088668
55.73953266;36.99065275
55.73963224;36.99980877
55.73949806;37.00006014
55.73580527;37.02349263
55.73496824;37.03589415
55.73500036;37.0369422
55.74209547;37.06055678
55.7422414;37.06040535
55.73366088;37.10510297
55.73390225;37.10483094
55.74505403;37.11813145
55.74603202;37.11921056
55.75631313;37.12272691
55.75608394;37.12330857
55.7236385;37.05876618
55.72346928;37.05714103
55.71122721;37.08500582
55.7109513;37.08504867
55.7054543;37.09908526
55.70513396;37.09932799
55.69097606;37.133523
55.69044123;37.13364768
55.68770829;37.13725349
55.6877881;37.13757188
55.6833843;37.14010554
55.68012886;37.15214044
55.68041983;37.15143988
55.66895466;37.17384039
55.66855449;37.17377395
55.66144218;37.18358998
55.66159971;37.18350898
55.66005056;37.19924752
55.66074856;37.21072298
55.66085529;37.20821077
55.95688537;37.83155193
55.67924481;37.16635853
55.81826363;37.35393696
55.93067268;37.17875852
55.98852498;38.33150545
55.98893118;38.33131064
55.75776239;37.66955583
55.75473224;37.67128434
55.99151575;37.53221009
55.98074164;37.11553268
55.98097894;37.11576981
55.41963903;37.48046223
56.21024974;37.52183443
56.20899719;37.52273955
55.89029695;37.36236694
55.79408782;37.92576423
55.79361876;37.93198099
55.51667603;36.97416788
55.17103269;37.24865283
55.71059652;37.36775514
55.87817287;37.26192091
55.8780791;37.262015
55.87790968;37.25829553
55.45170324;37.61731237
55.46311602;37.63509931
55.82278111;37.43196711
55.69335068;37.34238536
55.81480251;37.38491245
55.87894113;37.360659
55.69367601;37.53513175
55.60384201;37.49454185
55.80517494;38.64636078
55.80122652;38.65008044
55.80115952;38.65061859
55.7927327;38.6501383
55.79251873;38.64952197
55.7896099;38.64606121
55.78868515;38.64614406
55.78466558;38.64875596
55.78509928;38.64876872
55.78092729;38.65155674
55.77977156;38.65043298
55.77992091;38.65772985
55.78069376;38.66598631
55.78078412;38.66833838
55.77991205;38.67117146
55.77921429;38.67108055
55.77634542;38.67665052
55.79549478;38.97442847
55.81258035;38.96787518
55.81375094;38.96845959
55.87533598;38.96257536
55.87599779;38.9614076
55.8756395;38.96121374
55.85573533;38.87603402
55.85549136;38.87618568
55.80712488;36.96173167
55.80697483;36.9622039
55.80935799;36.97403208
55.80933674;36.97565302
55.81103278;37.003695
55.8108264;37.00420785
55.8101208;37.01374082
55.80960573;37.01455757
55.8109076;37.03830677
55.81077394;37.03871852
55.81343414;37.04824412
55.81337054;37.04933541
55.81512523;37.07377846
55.81491082;37.07368076
55.78514352;37.15809856
55.78445907;37.15978157
55.9025943;37.71695733
55.57614742;38.02454019
55.57576429;38.02454503
55.57266539;38.02984352
55.57222046;38.02980771
55.56433186;38.04420643
55.56292189;38.04580737
55.55968019;38.05132912
55.55933601;38.05144358
55.53540695;38.11567236
55.55567487;38.05746535
55.53522108;38.11565953
55.55495192;38.05786261
55.52523972;38.14053194
55.55089119;38.06249597
55.52509966;38.1403807
55.54850083;38.06650647
55.52149436;38.1552086
55.52126812;38.15537367
55.54371211;38.07733794
55.50845288;38.17876875
55.54317412;38.07792624
55.50853491;38.17921691
55.53318976;38.10382637
55.50274183;38.18852726
55.53274907;38.10407789
55.50271126;38.18895355
55.53109854;38.1074498
55.49449195;38.1715718
55.49467187;38.17266653
55.48222428;38.13450641
55.47883213;38.14215991
55.47884147;38.14252711
55.62875813;37.92720116
55.62754453;37.92625195
55.62189664;37.92380119
55.61329324;37.91985122
55.61318993;37.92040753
55.60482524;37.91663588
55.60297558;37.91549177
55.58549288;37.91572486
55.5845084;37.91529669
55.63557688;37.93391594
55.58441396;37.90283408
55.58317833;37.90424374
55.58063989;37.90775835
55.5803433;37.90884929
55.57812047;37.91019116
55.58634066;37.89287929
55.66358028;37.24268522
55.9884666;36.21806848
55.988195;36.2174141
55.95962992;36.22209015
55.7194482;36.94017803
55.71930144;36.94011524
55.72872691;37.10602104
55.7150903;36.97530871
55.65212961;37.08803938
55.51150275;37.53648066
55.64734432;37.07582563
55.60572981;37.5790694
55.64741529;37.07516732
55.65280022;37.08977603
55.63632442;37.04284814
55.6363162;37.04366495
55.63371551;37.03522986
55.63292117;37.03375537
55.6297758;37.02305778
55.62986815;37.01929246
55.62966484;37.00920732
55.62994221;37.01094654
55.62994304;37.00413509
55.62972615;37.00344076
55.62967259;36.99720762
55.62998015;36.99664602
55.62887971;36.98533788
55.62949952;36.98535964
55.62655119;36.98358602
55.62076002;36.98503608
55.62048294;36.98479082
55.61604739;36.98707883
55.61642885;36.98938338
55.65880905;37.18527953
55.65850977;37.18501285
55.65662079;37.17572076
55.6563732;37.17583242
55.65382979;37.15625378
55.65326971;37.15341893
55.65452102;37.14185911
55.65446706;37.14074359
55.65575594;37.1364868
55.65607709;37.13460048
55.6583858;37.12672624
55.65814122;37.12596123
55.65815877;37.11523834
55.65778999;37.11441484
55.38944243;36.71544251
55.38976557;36.71526732
55.38451025;36.71721196
55.38408542;36.71697777
55.34249692;36.1846379
55.36733657;36.21651297
55.36653059;36.21327445
55.42822532;36.3507099
55.37203851;36.24529649
55.37195359;36.24306311
55.4545016;36.35315561
55.38200292;36.29266818
55.45364547;36.35258558
55.38215938;36.29253476
55.4635036;36.35484852
55.38438133;36.3148716
55.46127555;36.35398096
55.38483752;36.31543199
55.47299839;36.35673448
55.42800694;36.35085495
55.47368918;36.35649625
55.49171958;36.35326185
55.49088973;36.35369284
55.5079035;36.34450153
55.50747823;36.34421617
55.53172324;36.36271789
55.55095101;36.48340984
55.55116916;36.48253954
55.55306389;36.51039203
55.55323638;36.50872784
55.55612275;36.54915307
55.76153604;37.57906879
55.63994704;37.61910878
55.64252587;37.59450104
55.61655731;37.61281858
55.79180188;37.58684762
55.32815445;37.27677176
55.72489222;37.71666362
55.78382511;37.70071061
55.8634691;37.46849146
55.58591196;37.89304411
55.58992529;37.88887618
55.5899264;37.88852802
55.59626766;37.88574009
55.59629752;37.8852031
55.5985243;37.88295627
55.59847493;37.88252793
55.58505577;37.89736243
55.58564858;37.89871127
55.5857623;37.8983941
55.58539901;37.89749521
55.60887634;38.08495222
55.59171092;37.88639398
55.60804546;38.09371819
55.59179202;37.88657881
55.60764837;38.09427949
55.65759662;37.86967827
55.60637605;38.0987189
55.66053948;37.87458932
55.60594509;38.09928956
55.5792912;37.90956726
55.60293245;38.10128369
55.62222125;38.03731077
55.60212041;38.10028609
55.62189922;38.03751544
55.60092505;38.09470525
55.61382445;38.06048875
55.59990918;38.09273955
55.61368698;38.05975018
55.59831544;38.09026774
55.61166858;38.06985426
55.59820492;38.08981833
55.61131713;38.07031697
55.60992521;38.07641801
55.59666009;38.09239207
55.60927901;38.07844891
55.59611783;38.0926824
55.60922468;38.08397205
55.59657361;38.09512698
55.60132647;38.10592617
55.60199739;38.10924031
55.60028535;38.11023872
55.59761997;38.11372965
55.59621104;38.11606576
55.59753925;38.12081287
55.59982835;38.12158537
55.59771357;38.12420863
55.59681202;38.12533855
55.59238628;38.12924771
55.5917034;38.12947554
55.58781359;38.13322325
55.58776452;38.13290414
55.58453754;38.13592578
55.58362807;38.13638852
55.58143815;38.1398857
55.58154527;38.14681811
55.59050048;38.20800364
55.58137771;38.14867527
55.5883758;38.21103929
55.57897648;38.1552494
55.58866823;38.2101592
55.57864134;38.15681518
55.58374919;38.21025938
55.57441035;38.16826006
55.58347057;38.20972719
55.57407239;38.16824438
55.5795322;38.2078162
55.57295608;38.17302337
55.57840615;38.20768654
55.57157638;38.17495865
55.57712504;38.20611207
55.57327595;38.18242593
55.57663165;38.20569549
55.57506871;38.18726021
55.57418092;38.20470684
55.57546367;38.18816212
55.57383585;38.20494926
55.58388302;38.19873355
55.57230425;38.20871041
55.58371232;38.19902892
55.57221538;38.20946453
55.58609053;38.20383593
55.55625477;36.54729111
55.58606624;38.20315908
55.55806685;36.57002563
55.58833946;38.20366727
55.55795559;36.57244377
55.58783849;38.20358868
55.56188572;36.61134864
55.5909736;38.20411234
55.5643087;36.63138457
55.59068596;38.20416688
55.56430312;36.6337807
55.59072995;38.20729148
55.570565;36.69435416
55.57063366;36.69148425
55.57287292;36.71750728
55.5728446;36.71368457
55.57858524;36.77075218
55.5782805;36.77085654
55.5953839;36.93984117
55.60227527;36.99782935
55.60292421;36.99946304
55.60513438;37.02203442
55.6056125;37.02183952
55.60922214;37.0526562
55.52988565;36.35801858
55.54853977;37.0804032
55.56588491;36.9941566
55.54718173;37.0786836
55.51871974;36.99128057
55.54677143;37.07814641
55.5208276;36.98773419
55.5460106;37.07238614
55.54025429;36.99009302
55.54691263;37.06455576
55.54112282;36.98891352
55.54327358;37.06627521
55.51921012;36.98454582
55.53866811;37.06715052
55.51762699;36.98252123
55.53640973;37.06738396
55.51572759;36.98206464
55.53110192;37.06799848
55.51386672;36.98850726
55.53145775;37.06825284
55.51747646;36.98275079
55.52817356;37.06836331
55.51942022;36.98543627
55.52827276;37.06853604
55.51802579;36.99150181
55.52114753;36.98622308
55.52326871;37.06662441
55.51452864;36.97189225
55.51379329;36.97645948
55.54928912;37.0828896
55.55134962;37.07915084
55.52064442;36.96273769
55.52064577;36.96304552
55.52466141;36.96919067
55.7512717;37.7068012
55.51481891;36.97181041
55.51696122;36.96974343
56.01035785;37.83250486
55.90137205;37.71101878
55.90138204;37.71205178
55.72854371;36.86698539
55.90088404;37.70943878
55.65535281;37.65125591
55.86239852;37.36233183
55.87639991;37.68473465
55.57047567;38.21314204
55.56717722;38.22176209
55.65729939;37.53809448
55.56841605;38.22378331
55.56788223;38.22735287
55.56754136;38.2287783
55.56799358;38.23700932
55.56936105;38.23727356
55.57413421;38.2380193
55.70012286;37.96526685
55.5736477;38.23834828
55.69791891;37.96258718
55.5760414;38.23847275
55.69700894;37.9618682
55.57812706;38.24016282
55.69514638;37.95977147
56.68410578;37.4157762
55.58055961;38.2422475
55.69505457;37.96021927
56.68365911;37.41559199
55.58114479;38.24330286
55.82707411;37.37392437
55.90514383;38.0642832
55.58268672;38.24452558
55.63003376;37.8361019
55.90490796;38.06119038
55.68386658;37.29667733
55.58322179;38.24548063
55.63009174;37.8355049
55.5862444;38.24872106
55.4259948;37.39843153
55.57061518;38.21337325
55.68158336;37.29072512
55.4582487;37.39959297
55.59129861;38.25231921
55.68130066;37.29095845
55.92235814;37.71377737
55.58979077;38.25198197
55.67876554;37.28368102
55.70440617;37.32693572
55.59837274;38.11191053
55.67857165;37.28395128
55.70065517;37.32471515
55.70772172;37.95503988
55.67684993;37.28043139
55.70127313;37.3254606
55.70832464;37.96105375
55.69721954;37.32438638
55.67451417;37.27162897
55.70728965;37.96361585
55.69721884;37.325292
55.67618787;37.26962275
55.70470039;37.96598971
55.69647479;37.32961166
55.6803248;37.26534333
55.70232001;37.96675951
55.69654589;37.3282576
55.67953522;37.26563222
55.69490453;37.33382279
55.70077813;37.9662922
55.68026091;37.26287591
55.69489757;37.33493001
55.67999453;37.26278031
55.6899828;37.32263124
55.68932731;37.32223778
55.67765211;37.25550373
55.68553382;37.30338498
55.67807771;37.25704898
55.6856589;37.30233726
55.67649079;37.25371638
55.68425985;37.29686973
55.67625031;37.25389735
55.67640211;37.24749569
55.67597173;37.24779007
55.67921533;37.24708872
55.67955748;37.24704165
55.6834797;37.25382952
55.68331758;37.25305274
55.6858407;37.25759919
55.68515973;37.25601764
55.68558114;37.26098141
55.68594422;37.2608296
55.68247362;37.26657193
55.68263894;37.26685513
55.67247932;37.2814976
55.75393779;38.08284815
55.75739994;38.08636158
55.75757362;38.08656399
55.75883902;38.08584364
55.75868682;38.08586135
55.75900064;38.08146994
55.82506604;37.04305478
55.82453504;37.04392379
56.08622604;37.08245177
55.83266904;37.02387179
56.08600404;37.08252678
55.83231604;37.02439779
55.83674504;37.01410878
55.77656754;37.23952759
55.83636504;37.01453778
55.34880104;37.29027978
55.34196404;37.28738258
55.34195804;37.28768278
55.69598104;37.33240179
56.27435404;38.12159178
55.75709404;38.93267178
55.75765004;38.93338978
55.73258304;38.95191879
55.73297704;38.95225179
55.70816004;38.95793779
55.70862704;38.95751878
55.70101205;38.95687579
55.70133305;38.95726178
55.69514004;38.95225179
55.69481604;38.95238578
55.62364904;36.52293179
55.70433804;36.65502478
55.70435604;36.65444578
55.70108404;36.63320278
55.70127804;36.63159379
55.70209604;36.61398778
55.70201704;36.61495278
55.91373404;37.59089379
55.55917276;37.81611533
55.4335775;37.71094261
55.55904163;37.81606233
55.43393836;37.71060131
55.63896063;37.64443719
55.92793418;37.7336423
55.92797083;37.73200101
55.55534169;37.59938918
55.55532532;37.59749485
55.76663761;37.36673291
55.54589614;37.5420448
55.73146317;37.45132157
55.67709924;37.66235287
55.67538594;37.68814011
55.60625365;37.53420984
55.60516078;37.5330281
55.75885379;38.08154768
55.76040419;38.07532606
55.75896608;38.07564459
55.77031235;38.05359502
55.76945045;38.05358281
55.77807069;38.04584733
55.777597;38.04595065
55.78840662;38.03779887
55.78800652;38.03782334
55.79377743;38.01813278
55.79571269;38.03181185
55.79443132;38.03239441
55.80202937;38.0203298
55.80163258;38.02090462
55.60126885;37.79511261
55.60142021;37.79542222
55.6034776;37.80421486
55.6032404;37.80445186
55.6018696;37.81846228
55.59509289;37.74223645
55.59454157;37.74467061
55.59294815;37.73846261
55.59262163;37.73834124
55.58913199;37.73367447
55.58897964;37.73380288
55.5705057;37.60910841
55.60366797;37.98131398
55.55667048;37.70958625
55.55691538;37.70968198
55.54859426;37.77134999
55.55529539;37.71471753
55.54880745;37.77175393
55.55529421;37.71538842
55.54931652;37.77464438
55.55356009;37.72419466
55.56144806;37.77130438
55.55320336;37.72516663
55.56063559;37.77184552
55.5491335;37.74256416
55.56805486;37.76436034
55.54908071;37.74219118
55.56696062;37.76494953
55.5484825;37.7538343
55.5738496;37.7575976
55.54905975;37.75394236
55.57169836;37.75984068
55.54851416;37.7641795
55.55527378;37.70258655
55.54831649;37.76440176
55.53949437;37.71637263
55.50567062;37.95383279
55.50162987;37.94649084
55.50144288;37.9467865
55.50329178;37.93872748
55.50299808;37.93893265
55.50713181;37.93145384
55.50645908;37.93210166
55.51745463;37.91507625
55.51715581;37.91514261
55.54015494;37.89559403
55.53991355;37.89532336
55.55356254;37.87972886
55.55332642;37.87956757
55.55673746;37.87886825
55.55670766;37.87939478
55.56062153;37.87187133
55.56068223;37.87228942
55.56062882;37.86758698
55.56047161;37.86740658
55.56175309;37.86275625
55.56151544;37.863102
55.56166152;37.85126339
55.56151614;37.85479111
55.56157386;37.84157996
55.5614092;37.84203582
55.56255942;37.82412334
55.56204622;37.82431793
55.56387633;37.82037632
55.56373403;37.82093188
55.562913;37.80809514
55.56291728;37.80863198
55.56062751;37.79747611
55.56043299;37.79869733
55.56102156;37.7727484
55.53447444;37.63701422
55.53500699;37.63906234
55.53200095;37.63736899
55.52292799;37.63832862
55.48675717;37.97951711
55.48666584;37.97984117
55.55890712;38.11116916
55.5588467;38.11094309
55.56154388;38.11731282
55.98150314;37.41198889
55.6757897;37.79639907
55.96521797;37.53011639
55.96508289;37.53008952
55.96394985;37.52181944
55.96378776;37.52176048
55.95908659;37.52149026
55.9589756;37.52096039
55.87892353;37.47964979
55.86962142;37.47624208
55.86782806;37.47819863
55.96304374;37.5314075
55.96182783;37.53171692
55.96079841;37.53057079
55.95929559;37.5252207
55.9580246;37.52330672
55.95824364;37.52387679
55.95534328;37.51716879
55.95401651;37.51609269
55.949154;37.50761864
55.96202401;37.51941959
55.96164573;37.51954784
55.96431969;37.52440372
55.96429555;37.52504598
55.9802119;37.73189422
55.97999046;37.73310836
55.98051381;37.73808855
55.98037435;37.7380154
55.97901454;37.7410443
55.56463802;37.85467657
55.56450647;37.85448468
55.57160771;37.8393199
55.58915804;37.75374379
55.519633;37.59493227
55.51977304;37.59475379
55.51912904;37.58878879
55.51868604;37.58967979
55.52092404;37.58353079
55.52045504;37.58501179
55.58920004;37.75333578
55.52259761;37.59923484
55.90659117;37.6723684
55.90199173;37.6714703
55.64061934;37.09819139
55.64127606;37.09795907
55.61328551;37.10005961
55.61157657;37.10077716
55.6080458;37.10351791
55.60751147;37.10353922
55.72384371;37.91169793
55.68567388;37.70782708
55.60120347;37.46697553
55.59918929;37.16969401
55.64390095;37.31209488
55.9396609;37.5217618
55.8859491;37.598108
55.80341019;37.34406733
55.43958439;37.71051068
55.80801357;37.2966265
55.74623051;37.846409
55.75009002;37.8516309
55.95611218;38.03165474
55.95523897;38.05328966
55.95520032;38.05293026
55.98003583;38.21029976
55.95494785;38.21343968
55.7577566;37.5914316
55.95498565;37.68263102
55.94414895;37.50465938
55.43302539;37.59522855
55.37653583;36.79750201
55.2986733;36.69106102
55.17849849;37.42155589
55.16668882;37.46592566
55.06070618;37.59504577
56.23450535;35.74525586
56.24829713;35.89779926
56.21483068;35.91952935
56.21499539;35.91903346
56.24843901;35.89848511
56.23465397;35.7443058
55.713976;36.82802142
55.79818683;36.85623146
55.77099643;36.85786815
55.72076955;37.00297851
55.67281536;37.2813385
55.61977393;37.42168956
55.52326424;37.63945556
55.4320609;37.8657615
55.43178956;37.86606615
55.41642132;37.83614149
55.40819633;37.83589342
55.41727881;37.83778304
55.41709296;37.83571139
55.40020033;37.84446861
55.41466464;37.83367039
55.40003753;37.84425929
55.41485414;37.8344247
55.38473013;37.86739294
55.41228367;37.83077836
55.38392118;37.86848393
55.41070351;37.82966593
55.3795633;37.87860579
55.40850347;37.83483647
55.37933197;37.87871243
55.37146626;37.89317038
55.37042748;37.89382291
55.36643409;37.89867977
55.36615204;37.89878573
55.35526737;37.90890171
55.3549301;37.90867079
55.35161873;37.89797717
55.35087757;37.89719846
55.34284635;37.90486876
55.34294365;37.9044051
55.33949375;37.90834383
55.3393083;37.90820353
55.33842098;37.91612213
55.33783745;37.9154142
55.34226718;37.92486207
55.33712312;37.90836887
55.32814978;37.90273258
55.32910446;37.90368111
55.32443094;37.89593595
55.31261857;37.90039201
55.31231232;37.90100139
55.30550326;37.91039465
55.30491104;37.91058606
55.29744537;37.91238518
55.29723192;37.91219535
55.27730413;37.90539589
55.27754239;37.90660244
55.27027881;37.89667009
55.25158494;37.91229985
55.2515302;37.91349275
55.25115528;37.92261239
55.25133932;37.92152939
55.25253902;37.90158796
55.25220151;37.90142673
55.25844526;37.89937854
55.25703592;37.89962089
55.51901151;37.64534631
55.51911829;37.6455751
55.51837889;37.65583248
55.51866206;37.65578146
55.54796259;37.77400316
55.53788013;37.77047572
55.53661447;37.76958286
55.530315;37.76736446
55.52999868;37.76773976
55.51867243;37.76088064
55.51885157;37.76141805
55.5084314;37.75484652
55.50816221;37.75424913
55.50548435;37.75237558
55.50576458;37.75308218
55.4884572;37.75031201
55.48742272;37.7492537
55.4853689;37.7479906
55.48455088;37.74574322
55.47726156;37.71528433
55.47677141;37.71528166
55.47380742;37.71235932
55.4746111;37.71349439
55.46961793;37.70781433
55.4694093;37.7079124
55.47244931;37.70927731
55.47202817;37.70845186
55.46988047;37.74874061
55.46938519;37.74848955
55.46174504;37.75691945
55.45957938;37.75797622
55.45300765;37.76181944
55.45272667;37.76148051
55.45087371;37.7611907
55.48565032;37.26094737
55.44843663;37.32694433
55.89124246;37.571192
55.69907787;37.65217012
55.50858821;37.5523718
55.60363004;37.35802979
55.59357022;37.36406096
55.45191309;37.75454576
55.45176812;37.75382116
55.45129897;37.7490797
55.93600082;37.18322833
55.45113603;37.74886058
55.93633514;37.18275933
55.45049044;37.742086
55.45039315;37.7428487
55.45000155;37.73857389
55.44988787;37.73908867
55.44870136;37.73500748
55.44731476;37.73534616
55.44483051;37.73808676
55.44463886;37.73813517
55.44386633;37.74419619
55.44372044;37.74389795
55.44179635;37.74814769
55.4413502;37.74867016
55.43504586;37.75138525
55.43458963;37.75132289
55.43191581;37.75293086
55.43135842;37.75274895
55.43095275;37.75949124
55.43119432;37.75981978
55.4269785;37.76320011
55.42681046;37.76274328
55.42266042;37.75638583
55.42208613;37.7562038
55.41926011;37.75781986
55.4185164;37.75782492
55.24937994;37.93662752
55.24871771;37.94060479
55.24969451;37.95539027
55.24970073;37.95674157
55.24882399;37.96214615
55.24833812;37.96249558
55.24303025;37.96998772
55.26949083;37.89428454
55.2697095;37.89461234
55.27442597;37.890899
55.27431882;37.89093249
55.27806256;37.87846406
55.27785547;37.87893091
55.28182129;37.85183364
55.28183637;37.85246552
55.27698402;37.83900967
55.27708876;37.83983961
55.2745627;37.8323669
55.27447684;37.83285964
55.29516969;37.81857704
55.29369878;37.81873311
55.30389234;37.81382729
55.30381776;37.81435014
55.31035256;37.81245588
55.31264647;37.81212816
55.31474577;37.81079122
55.32237557;37.80808425
55.32131087;37.80802659
55.33611506;37.80214163
55.33992638;37.8010536
55.35226104;37.79575801
55.35477525;37.79517352
55.37006323;37.7869081
55.36858123;37.78701609
55.37860803;37.7829526
55.37838698;37.78352494
55.38739901;37.78698412
55.38819156;37.78777174
55.39496028;37.78801394
55.39549776;37.78585487
55.39583878;37.78818861
55.40022257;37.78677011
55.40048648;37.78714823
55.4109728;37.78291646
55.41489898;37.78078545
55.41950803;37.77689075
55.42047494;37.77659045
55.42290525;37.77063412
55.42472542;37.77299439
55.42519266;37.77316603
55.42808776;37.77097669
55.4274567;37.77100209
55.43217452;37.76745751
55.44741544;37.76440853
55.43152991;37.76852322
55.43706642;37.76672754
55.43577131;37.76640171
55.82043604;37.36157179
55.44185085;37.76618499
55.82065458;37.36065588
55.44313691;37.76548996
55.60723792;37.44799299
55.44640721;37.76429275
55.73252253;37.73099271
55.75388804;37.88894978
55.1486633;37.44644409
55.14863464;37.44613744
55.15107045;37.44139722
55.15066505;37.44126675
55.16862966;37.42642269
55.16796635;37.42680418
55.17316995;37.42021381
55.17283947;37.41988399
55.17560003;37.41304277
55.17487284;37.41431915
55.17986162;37.40262413
55.17977552;37.40384681
55.17564526;37.37375981
55.17552889;37.37301785
55.17084307;37.36217724
55.17066342;37.36129137
55.16976381;37.35706936
55.16994775;37.35646287
55.17077682;37.3376234
55.17066528;37.33841592
55.17372276;37.31781879
55.17399353;37.31718279
55.17824202;37.29015984
55.17784676;37.29165714
55.18143776;37.27932136
55.47173201;37.07542008
55.18122059;37.27959932
55.55970448;37.81023464
55.55953065;37.81011675
55.55861095;37.8081337
55.55813049;37.80817232
55.90536304;37.70911278
55.93570594;37.55397131
55.47103886;37.07616001
55.49652526;37.82949325
55.49641247;37.82953199
55.49731204;37.82548776
55.6781698;37.52890685
55.49684942;37.82572709
55.50276331;37.81453963
55.50393556;37.81218651
55.51024099;37.80731215
55.50988405;37.8081036
55.3968583;37.77497263
55.39669445;37.77517939
55.44976787;37.76298691
55.39904489;37.77039772
55.4394485;37.76593593
55.51104736;37.84760929
55.39915958;37.77041551
55.49616643;37.83301341
55.40125011;37.76771206
55.49617436;37.83320204
55.40117152;37.76758283
55.40304796;37.76614996
55.4028199;37.76609398
55.40584283;37.76466863
55.39491544;37.77554282
55.39300273;37.77801406
55.27134691;37.83848334
55.27134014;37.83888788
55.26873349;37.83614224
55.1575743;37.93306573
55.15730062;37.93397789
55.25246973;37.83953328
55.15138208;37.93890219
55.24654264;37.84949281
55.15092858;37.93966463
55.2453401;37.85035012
55.19413517;37.87448884
55.19294062;37.87634893
55.12131357;37.95968606
55.17924263;37.89424198
55.17978916;37.89423753
55.16899672;37.91161534
55.03673614;37.95659968
55.16840812;37.91239671
55.03617924;37.95635791
55.16151046;37.92730209
55.00002778;37.95211015
55.15996002;37.92919462
54.99951012;37.95191811
54.97552998;37.96091546
54.9738691;37.96354115
54.90841481;38.07761325
54.90798748;38.07801787
54.88884794;38.05420646
54.8888147;38.05469962
54.83757135;38.24720244
54.84320966;38.24569561
54.84787889;38.2441705
54.84824253;38.24459709
54.8523743;38.24342316
54.85213978;38.24399502
55.71093748;37.62447375
55.83060963;37.69040764
55.8296555;37.67158784
55.66720524;37.49738449
55.66032437;37.49511164
56.00796204;38.30755778
56.00796804;38.30720378
56.00369949;38.30988888
56.00396014;38.30996935
56.00041718;38.3132276
55.99997872;38.31416129
55.99415763;38.32319339
55.99333558;38.32401154
55.81065943;38.17666934
55.81180705;38.18087978
55.88708446;37.44832313
55.94206804;37.26610362
56.28924862;37.49019059
55.43342482;37.71537389
55.43352569;37.71605559
55.43312652;37.7259538
55.43293567;37.72687673
55.43224969;37.73714259
55.43149372;37.74295134
55.43125327;37.74308185
55.43068884;37.75198555
55.43048818;37.75174669
55.39234638;37.56121253
55.76781307;36.98745693
54.85240398;38.23670472
55.28582958;37.76483772
54.85219113;38.23742352
55.28658999;37.76446401
54.83876854;38.19652714
55.29143401;37.75972939
55.2930945;37.75823542
54.8391264;38.19798795
55.29857239;37.75319811
54.83719316;38.19118936
55.358173;37.73851791
54.83725778;38.19270361
54.83530896;38.17252191
54.83507211;38.17255702
54.82762046;38.1648497
54.82767429;38.16530931
54.82771827;38.15619425
54.82732423;38.15716385
54.82620678;38.1470055
54.82641588;38.14794578
54.82284459;38.13816888
54.82293534;38.13912666
54.81959909;38.12187071
54.81906894;38.12086726
54.81487968;38.10691907
54.8141101;38.10531721
54.81125499;38.0724556
54.81138483;38.07359887
54.85340615;38.55677924
54.85153372;38.52275792
54.85133348;38.52512109
54.87312096;38.40549466
54.87296162;38.40419154
55.42239055;37.76652264
55.4223517;37.76625491
55.29220698;37.78858485
55.29246968;37.78947536
55.28773792;37.77941066
55.28737811;37.77907248
55.28164341;37.77372176
55.28149877;37.77289163
55.28783855;37.76973649
55.54467173;37.70118563
55.54455226;37.70189051
55.54589842;37.70881348
55.54795889;37.71297824
55.54804759;37.71380353
55.48501856;37.74995453
55.48530556;37.75011509
55.48177122;37.75102525
55.48211456;37.75118617
55.47790318;37.75255808
55.47775162;37.75228927
55.47267795;37.75379423
55.47262782;37.7535162
55.50674891;37.78169265
55.49801426;37.78013165
55.4965101;37.78009119
55.49691267;37.77398052
55.48332394;37.77633675
55.48409838;37.76235309
55.4859871;37.75095555
55.53907291;37.77748281
55.37817772;37.77107363
55.37762092;37.77816432
55.37710826;37.77815082
55.36225984;37.77435742
55.36155791;37.77331404
55.35452542;37.74461741
55.35439612;37.74447816
55.35823873;37.73868169
55.35782715;37.73002075
55.35779749;37.72931347
55.35915608;37.72201997
55.35787889;37.7241589
55.34009824;37.81923881
55.3403889;37.82012096
55.33457852;37.84852264
55.33448984;37.8480079
55.33130976;37.85083626
55.32780152;37.84823589
55.32517537;37.85239278
55.33099376;37.83903308
55.33093662;37.83931919
55.32752274;37.83714558
55.32725827;37.83702477
55.32549082;37.83846237
55.42760003;37.75444774
55.75361509;37.71387274
55.66040177;37.19557509
55.31676209;37.37937118
55.29463274;37.37605497
55.26551496;37.36693373
55.25567385;37.33331354
55.26204653;37.325837
55.29534873;37.31047904
55.30270653;37.31768568
55.31530171;37.34382948
55.08960104;37.95539493
55.08893423;37.95506016
54.8534091;38.22924732
54.85313294;38.22923192
54.85353771;38.22632477
54.85333901;38.2269145
54.84267724;38.24560705
54.8493235;38.21696806
54.84987674;38.21912706
55.75246234;37.72077085
56.56137245;37.43231464
55.36443983;37.19750125
55.3654587;37.19875562
55.73029838;37.63981732
55.73016162;37.63960547
55.96464991;37.14902475
55.62386782;37.15517685
55.62336114;37.15530824
55.62197218;37.13526
55.62137091;37.1355456
55.61808331;37.10739048
55.61749231;37.10756437
55.61450591;37.08599961
55.61400052;37.0864902
55.6111167;37.06810046
55.61058947;37.06836753
55.60316649;37.04812945
55.60342223;37.04873107
55.60084697;37.04419318
55.5997698;37.04257501
55.59910296;37.04278427
55.59474332;37.04248053
55.5953042;37.04275381
55.59281715;37.0407512
55.59263762;37.04209463
55.59485665;37.0355358
55.59505851;37.03528345
55.59891537;37.03559233
55.5986902;37.03526664
55.60211019;37.03570012
55.60114982;37.03538309
55.60938849;37.05859816
55.66254977;37.30267766
55.66281249;37.29264536
55.66329941;37.29324079
55.14376437;37.46840016
55.66663041;37.29284197
55.1438661;37.46961984
55.66417603;37.28576852
55.14180632;37.46092429
55.66452071;37.28235048
55.14178403;37.46170138
55.67072808;37.28255526
55.1420019;37.45460744
55.67006406;37.29444617
55.14142097;37.45298514
55.67053938;37.30611423
55.14240692;37.45289546
55.67102861;37.30553987
55.13717043;37.44458514
55.67033511;37.29482231
55.13710305;37.44508682
55.67068851;37.28168448
55.13544943;37.43040781
55.13550153;37.43288605
55.60513822;37.16425905
55.13022741;37.41628955
55.12986546;37.41433348
55.14911849;37.48883544
55.12799134;37.40647336
55.14681066;37.48096118
55.12786224;37.40711279
55.14649507;37.48051865
55.12833845;37.38624154
55.14535029;37.47489239
55.12831659;37.38696924
55.1452941;37.47559085
55.12411736;37.35731622
55.1240288;37.35867334
55.12351691;37.34447554
55.12331485;37.34508589
55.1242221;37.33650562
55.1234927;37.33878955
55.12744523;37.32838739
55.12700618;37.32868426
55.12987752;37.30832687
55.12949076;37.30960704
55.13091965;37.2975683
55.13070052;37.29793325
55.1318263;37.29062107
55.13129387;37.29227591
55.14179412;37.28545932
55.14161868;37.28501764
55.14726182;37.28647941
55.86089426;37.37174363
55.68250186;37.33925367
55.6978352;37.93984259
55.81842258;37.34383878
55.8805138;38.00297477
55.8176354;37.34740323
55.81826144;37.34724776
55.91518621;38.11465123
55.90810004;38.05739979
55.76821517;37.55492877
55.76540323;37.55272873
55.73588337;37.46697987
55.82686774;37.51762693
55.83041065;37.51999624
55.83313165;37.5230682
55.83574296;37.52569924
55.83836313;37.52880213
55.83664901;37.53768727
55.8353814;37.54223464
55.82987154;37.55308393
55.82339645;37.56232075
55.81975081;37.56363513
55.81716867;37.56578348
55.81510464;37.56987491
55.80924947;37.57434816
55.83913299;37.52304154
55.83980728;37.5246266
55.82009995;37.50728671
55.81989037;37.5069191
55.81262458;37.49292909
55.81381004;37.49677285
55.81432455;37.50025137
55.78166533;37.43679385
55.81779269;37.50193723
55.78393998;37.42914614
55.78549631;37.42419922
55.78637878;37.42005561
55.78958773;37.41475724
55.78596075;37.42086696
55.85917611;37.66030039
55.78525938;37.42454171
55.78366502;37.42950499
55.81449773;37.5005362
55.81398359;37.49726592
55.81298694;37.49354564
55.81152376;37.49054642
55.81159408;37.49083657
55.84572958;37.43961666
55.83990871;37.52450337
55.83927058;37.52194839
55.80006736;37.39195929
55.79934728;37.39532661
55.79908412;37.40161143
55.80151161;37.40769572
55.81008377;37.46914555
55.81029249;37.47476729
55.8102312;37.46984677
55.8069643;37.4582395
55.7992613;37.40230587
55.79911254;37.55656948
55.79938251;37.39577021
55.80003836;37.39254668
55.86946694;37.45902088
55.81865083;37.49895773
55.82903306;37.45306759
55.81588433;37.56953021
55.81697626;37.5663045
55.81996682;37.5637131
55.82390172;37.56233809
55.83003734;37.55321566
55.83543551;37.54299323
55.8381651;37.52837522
55.83634813;37.52572588
55.83308594;37.52278532
55.83078616;37.52007719
55.82686168;37.51719762
55.82537882;37.51575872
55.82314845;37.51761444
55.82116184;37.51148132
55.82095904;37.51103558
55.8226411;37.51745082
55.82540824;37.51589385
55.81685913;37.46064719
55.84383853;37.58667168
55.85795752;37.41960479
55.85779201;37.4311526
55.846368;37.43946701
55.83814828;37.43784849
55.83710975;37.44158514
55.8250825;37.45162159
55.81921573;37.45101912
55.81688858;37.46006458
55.81466893;37.46849255
55.81064426;37.47489816
55.81053286;37.48329928
55.85268104;37.40781855
55.85439425;37.40906549
55.81068655;37.48287667
55.81932122;37.45106449
55.82431894;37.45164585
55.83630464;37.45292522
55.8372167;37.44191282
55.83802898;37.43800898
55.845946;37.43964458
55.85771236;37.43213298
55.85816199;37.42046756
55.85480987;37.4092385
55.85164054;37.4074271
55.88144854;37.49698687
55.73682056;37.57511066
55.85288588;37.40775714
55.62872139;37.59842823
55.62422888;37.59565143
55.61639525;37.59277378
55.6117993;37.59149031
55.60080494;37.5888636
55.59667811;37.58788823
55.68476641;37.54097374
55.7070043;37.39496404
55.70710206;37.39574884
55.86771949;37.70450082
55.86997461;37.69985756
55.65350369;37.62152527
55.62248184;37.60752526
55.86454622;37.66176002
55.7080098;37.39422267
55.86388766;37.55860402
55.59580645;37.58956229
55.84620866;37.66994997
55.8838689;37.60266093
55.86641742;37.62671759
55.74130722;37.42757878
55.74295269;37.39877739
55.86633642;37.62521506
55.59468022;37.59088377
55.59657683;37.58807507
55.5989509;37.58842431
55.60048714;37.58896473
55.60899713;37.59102749
55.61351128;37.59215968
55.61623051;37.59299208
55.62849035;37.59899743
55.63118209;37.60102877
55.65841001;37.60862856
55.63486141;37.60393742
55.65619014;37.60520769
55.63774302;37.60526029
55.65352634;37.60513109
55.64036325;37.60573152
55.64911174;37.60538678
55.64306927;37.60569728
55.64561675;37.60545188
55.6451741;37.60565615
55.64261869;37.6055104
55.64941433;37.60557104
55.64029108;37.60549058
55.65288042;37.60563747
55.63783765;37.60508089
55.65634537;37.60558607
55.6339017;37.60309472
55.63134129;37.60087457
55.8246229;37.7587587
55.82264089;37.75491258
55.82067214;37.75100676
55.82075006;37.76359563
55.72006119;37.73415394
55.5889546;37.5449507
55.6435659;37.52406878
55.72920619;37.74746889
55.79340307;37.81714041
55.69051714;37.78927722
55.6908799;37.54002938
55.68867271;37.54377134
55.68463876;37.55088954
55.76271348;37.77393824
55.75942162;37.75707376
55.75851269;37.75233836
55.75142032;37.81812823
55.75210611;37.81347949
55.75287053;37.80808672
55.75348724;37.80371464
55.81493563;37.69426254
55.75093839;37.76188176
55.75968097;37.73734986
55.7373619;37.76671993
55.73740763;37.76718968
55.78055659;37.76454324
55.78674125;37.76286354
55.78625237;37.76275584
55.78077497;37.76419367
55.73758055;37.76547315
55.75644816;37.81900553
55.75350863;37.80291418
55.75315968;37.79797218
55.75216438;37.79258051
55.75225284;37.79252244
55.76801258;37.72997799
55.77764821;37.72136516
55.77756426;37.72132116
55.76798773;37.73015084
55.76250165;37.73501869
55.61260531;37.66225625
55.59507171;37.65676141
55.82105594;37.76358907
55.68747958;37.57527935
55.67255057;37.5957579
55.81294664;37.73489068
55.8056826;37.6916174
55.80262127;37.68838214
55.79579391;37.682814
55.79263076;37.68047038
55.81315975;37.73543228
55.81570202;37.68489199
55.81420227;37.73386059
55.71101165;37.63916912
55.74524604;37.86046008
55.63767455;37.65192575
55.58178068;37.6623632
55.78745457;37.6089145
55.71592262;37.56398953
55.77965685;37.6023069
55.7895382;37.60115188
55.78911039;37.60035845
55.74045978;37.67391975
55.74041069;37.67364332
55.73376013;37.69634769
55.73599449;37.69566272
55.7311928;37.662891
55.7304731;37.65948142
55.72847023;37.65022233
55.72975481;37.64507699
55.72951903;37.63655504
55.72696756;37.63706563
55.72380844;37.63630471
55.719588;37.63463724
55.71656563;37.63332082
55.70859507;37.62439705
55.70452786;37.62297112
55.68370507;37.68466025
55.70107349;37.62149439
55.68269807;37.68087216
55.68158564;37.62540075
55.6811081;37.67505378
55.68032518;37.63305005
55.67940748;37.66877732
55.67985759;37.63650484
55.67953357;37.63939023
55.67775931;37.65705039
55.67886073;37.64526073
55.67850567;37.65081845
55.67829988;37.6508529
55.67891943;37.64643399
55.67760301;37.65695276
55.68172921;37.62509776
55.67802871;37.66571052
55.68405212;37.62392124
55.67938018;37.66900407
55.69006708;37.62243562
55.68139258;37.67642504
55.6957588;37.6213561
55.68299394;37.68237276
55.70439425;37.62307355
55.6839699;37.68597296
55.70892068;37.62464873
55.68515545;37.69001839
55.71139732;37.62533823
55.71652244;37.63355754
55.71992;37.63502524
55.72398833;37.63669657
55.72932941;37.6463528
55.73041825;37.6598552
55.73579106;37.69598053
55.76118847;37.6866654
55.79171398;37.6796462
55.71408193;37.63306356
55.71154065;37.63144595
55.65724163;37.72592188
55.65766781;37.72447554
55.75911983;37.71615833
55.73803752;37.67553558
55.73702608;37.684215
55.78173574;37.6707031
55.73690082;37.68356903
55.73790069;37.67528463
55.81920196;37.6705852
55.81729369;37.67884815
55.81738739;37.6789477
55.8216512;37.66268397
55.82637175;37.64888199
55.79663632;37.46577658
55.82645003;37.43734817
55.79321423;37.40868338
55.79346478;37.40901468
55.79994407;37.38901066
55.80430718;37.41986396
55.80520178;37.41324946
55.80523191;37.41372869
55.80439881;37.4201463
55.78032455;37.4549463
55.784334;37.45560771
55.78879008;37.45420905
55.79403487;37.45450846
55.80485602;37.39367364
55.80119738;37.45037153
55.80808513;37.39584564
55.81144311;37.39815795
55.80132797;37.45019063
55.81000208;37.40409279
55.7943447;37.45425561
55.80754129;37.40770699
55.80985731;37.4615311
55.7893206;37.45400168
55.8102063;37.46125969
55.78475302;37.45513171
55.80715384;37.40848062
55.78006437;37.45359613
55.80126152;37.39120713
55.77948226;37.45366888
55.8545263;37.47517327
55.85577158;37.41090749
55.85705966;37.41382842
55.85761391;37.41601577
55.85818559;37.4262091
55.85547088;37.43676375
55.84277594;37.43879189
55.8326108;37.45346035
55.82884291;37.45259351
55.81035022;37.47657816
55.81049225;37.47657704
55.8321671;37.45369285
55.84220482;37.43886102
55.85563746;37.43678361
55.85830733;37.42676494
55.85770274;37.41593988
55.85684626;37.41272719
55.85596004;37.41086848
55.83667518;37.57405866
55.78965332;37.46836001
55.74185491;37.41504782
55.81241011;37.57190279
55.80986251;37.46243587
55.85697965;37.4131714
55.81200079;37.57258265
55.81883503;37.49881373
55.82493055;37.65220128
55.82284593;37.65842513
55.82155687;37.66259641
55.90211493;37.61131696
55.87035378;37.65833397
55.86807931;37.66336063
55.86424614;37.66135479
55.85984921;37.65995105
55.85441424;37.6650347
55.85052124;37.67050688
55.88198239;37.63910293
55.87444009;37.63693151
55.87175104;37.63767508
55.87148746;37.64633695
55.87139526;37.65163632
55.77587563;37.65008548
55.78982839;37.7067722
55.78531853;37.70276414
55.84567509;37.6689648
55.84315257;37.66534786
55.83697398;37.65792893
55.83266096;37.65264608
55.82879144;37.64887898
55.831874;37.65211964
55.83693377;37.65819636
55.8428769;37.66535241
55.85073276;37.67070145
55.85472757;37.66489151
55.85949898;37.66023251
55.87141353;37.65240185
55.87171121;37.64846077
55.87414701;37.63721766
55.88686436;37.64258743
55.8779133;37.63611544
55.87889939;37.63611889
55.88162384;37.63907886
55.88584138;37.64302665
55.65350194;37.61550891
55.88737823;37.64372646
55.75628784;37.55043458
55.66939914;37.62533477
55.67542781;37.62646871
55.67798058;37.62551736
55.69640401;37.62106257
55.78856681;37.62125332
55.77770618;37.63283782
55.82897734;37.66842074
55.83905587;37.65226926
55.62302857;37.61008194
55.67713735;37.56592433
55.74424537;37.81168926
55.74878733;37.70238918
55.7473619;37.68928783
55.74494808;37.66510244
55.74734422;37.69280369
55.72956668;37.7501466
55.75560791;37.68222066
55.75550749;37.68190906
55.75164962;37.7130319
55.77652218;37.65059755
55.7580842;37.78817807
55.75564467;37.78958924
55.69260894;37.53699175
55.66921189;37.56514296
55.68382129;37.45022075
55.8286948;37.76621185
55.75666138;37.7891617
55.81503159;37.84420808
55.81972895;37.8582978
55.82203064;37.86870188
55.82236902;37.86958623
55.81977971;37.85753941
55.81567125;37.84516219
55.71818243;37.6760721
55.72832382;37.47422935
55.82058052;37.59072195
55.75835229;37.63912849
55.80393368;37.37425242
55.79446229;37.36038527
55.79451587;37.36146458
55.705453;37.76815126
55.72023194;37.69765787
55.71482384;37.67420858
55.78798278;37.78515591
55.79161643;37.58650498
55.69140693;37.48705932
55.67114994;37.44872779
55.766422;37.6992748
55.77604771;37.71558637
55.77826381;37.71985492
55.77842963;37.71973287
55.71186898;37.61417684
55.71594899;37.60819923
55.7188024;37.60926929
55.72283532;37.61079894
55.72271058;37.61037693
55.71861051;37.60887152
55.71416264;37.60710998
55.71112369;37.6197935
55.69200226;37.53774477
55.6911226;37.53936972
55.75917154;37.64646608
55.7646289;37.63875577
55.76306613;37.6411424
55.66903712;37.62532668
55.75944056;37.64504413
55.6754392;37.6266279
55.67836167;37.62557022
55.74443474;37.63439908
55.68086987;37.62469618
55.74257538;37.63027594
55.68051308;37.62465441
55.73589399;37.63204728
55.68842872;37.54392267
55.71066876;37.60073926
55.68437825;37.55110568
55.7100416;37.59523053
55.68495853;37.55548116
55.70752615;37.58922854
55.68366332;37.55918413
55.70241018;37.58021903
55.68145099;37.56600375
55.69953192;37.57519745
55.67855872;37.57433277
55.69725706;37.57109174
55.67715419;37.57846359
55.69473679;37.56676339
55.68744489;37.55619626
55.67963432;37.58466175
55.81731255;37.74276805
55.68288996;37.59001361
55.78532905;37.71467849
55.68017942;37.5855254
55.6855005;37.59286085
55.7473783;37.68947773
55.68861124;37.59617088
55.69210366;37.60281273
55.64377022;37.60424809
55.69395605;37.60764812
55.69713106;37.6118449
55.69992624;37.61441684
55.70431787;37.61255573
55.70782666;37.61074575
55.70868646;37.60704013
55.71094042;37.60602967
55.70826712;37.60920888
55.70472969;37.61190382
55.70032311;37.61458372
55.69757043;37.61206706
55.69370774;37.60668363
55.69202928;37.60230172
55.68907905;37.59646542
55.686293;37.59352235
55.68269583;37.58960901
55.68021859;37.5851882
55.67715779;37.57975688
55.67881237;37.57396122
55.681021;37.56752311
55.68357592;37.56003437
55.6853891;37.55475974
55.68651877;37.55564916
55.69130229;37.56130669
55.69427807;37.56640995
55.69710177;37.57143725
55.69905213;37.57486544
55.70220254;37.58037117
55.70770957;37.59009245
55.70956722;37.59338093
55.71038788;37.60079179
55.73154392;37.63556587
55.73575699;37.63255825
55.74203117;37.62982857
55.74430251;37.63462863
55.75014315;37.6421953
55.76110903;37.73645468
55.78742708;37.716869
55.79193717;37.67345324
55.81532221;37.68398277
55.82292335;37.65853611
55.82497515;37.6524134
55.72566468;37.65145562
55.74109264;37.89104278
55.74142304;37.89102801
55.69373765;37.81738103
55.59693294;37.72688338
55.59700867;37.72722875
55.73134335;37.66409171
55.81514063;37.68563378
55.77974859;37.64162925
55.61389253;37.74851317
55.60701809;37.74495079
55.69653771;37.75998618
55.80686696;37.68166507
55.61474781;37.69371259
55.88449496;37.51755272
55.79372425;37.51001623
55.68637382;37.54784886
55.86172425;37.38454098
55.88230789;37.6037793
55.79361825;37.78842217
55.70215;37.750237
55.64683131;37.64937386
55.898182;37.54892
55.64704992;37.64964729
55.85470936;37.476667
55.85446019;37.47583189
